chill_portions,chill_hours,uf_hours,utah_units,negation_hours,flower_chill_hours,leaf_chill_hours,frost_nights_full_bloom,frost_nights_green_fruit,frost_nights_pink,heat_hours_proxy,days_tmax_gt_32,days_tmax_gt_35,days_berry_gt_42,days_berry_gt_48,max_berry_c,dli_bloom,dli_winter,vpd_fruit,dtr,bee_hours,pollen_collapse_hours,anthracnose_hours,botrytis_hours,phytophthora_hours,harvest_rain_days,harvest_rain_mm,rain_crack_events,igp_fog_events,marine_fog_events,fog_dli_loss,fog_helps,monthly_tmin_mean,monthly_tmax_mean,monthly_precip_sum,monthly_vpd_mean,monthly_rsds_mean,monthly_tmin_01,monthly_tmin_02,monthly_tmin_03,monthly_tmin_04,monthly_tmin_05,monthly_tmin_06,monthly_tmin_07,monthly_tmin_08,monthly_tmin_09,monthly_tmin_10,monthly_tmin_11,monthly_tmin_12,monthly_tmax_01,monthly_tmax_02,monthly_tmax_03,monthly_tmax_04,monthly_tmax_05,monthly_tmax_06,monthly_tmax_07,monthly_tmax_08,monthly_tmax_09,monthly_tmax_10,monthly_tmax_11,monthly_tmax_12,monthly_precip_01,monthly_precip_02,monthly_precip_03,monthly_precip_04,monthly_precip_05,monthly_precip_06,monthly_precip_07,monthly_precip_08,monthly_precip_09,monthly_precip_10,monthly_precip_11,monthly_precip_12,monthly_vpd_01,monthly_vpd_02,monthly_vpd_03,monthly_vpd_04,monthly_vpd_05,monthly_vpd_06,monthly_vpd_07,monthly_vpd_08,monthly_vpd_09,monthly_vpd_10,monthly_vpd_11,monthly_vpd_12,monthly_rsds_01,monthly_rsds_02,monthly_rsds_03,monthly_rsds_04,monthly_rsds_05,monthly_rsds_06,monthly_rsds_07,monthly_rsds_08,monthly_rsds_09,monthly_rsds_10,monthly_rsds_11,monthly_rsds_12,monthly_dtr_01,monthly_dtr_02,monthly_dtr_03,monthly_dtr_04,monthly_dtr_05,monthly_dtr_06,monthly_dtr_07,monthly_dtr_08,monthly_dtr_09,monthly_dtr_10,monthly_dtr_11,monthly_dtr_12,system_label,chill_relevance,soil_ph_weight,par_fraction,uv_fraction,bloom_advance_days,apis_ok,site_id,lat,lon,source
0.0,963.0,964.0,-182.0,933.0,770.4000000000001,1348.1999999999998,0.0,0.0,0.0,3158.320000000001,123.0,123.0,123.0,61.0,50.532000000000004,39.55802857142856,28.458113245033108,1.4185311847725315,29.444849315068492,3854.0,703.0,0.0,0.0,0.0,0.0,5.271190476190476,0.0,0.0,0.0,0.0,0.0,5.023333333333333,34.50666666666667,43.199999999999996,0.5436561575475988,17.482499999999998,-6.6,-5.339999999999999,-1.68,2.88,10.25,17.54,18.73,18.37,12.74,1.19,-2.57,-5.23,28.32,30.91,34.82,35.98,38.77,39.74,37.81,37.4,35.7,34.64,30.85,29.14,2.4,2.71,2.69,2.2,2.75,6.48,6.21,6.72,4.85,2.0,1.75,2.44,0.26934345224386774,0.30422820111453786,0.46271451742604247,0.6536381215501442,0.9897061758172072,0.9121191738406357,0.7595050668049911,0.6499374821331019,0.502211225541318,0.40525903682924036,0.34489926801521237,0.2703121692548873,12.01,14.3,18.54,22.1,23.78,21.48,20.47,19.33,17.92,15.94,13.04,10.88,34.92,36.25,36.5,33.099999999999994,28.520000000000003,22.200000000000003,19.080000000000002,19.029999999999998,22.96,33.45,33.42,34.370000000000005,pine_bark|open|none|deciduous,1.0,0.35,1.0,1.0,0.0,1.0,us-fl-alachua,29.65,-82.33,nasa_power_climatology
0.0,864.0,864.0,-226.5,912.0,691.2,1209.6,0.0,0.0,5.25,3455.4399999999996,123.0,123.0,123.0,92.0,50.748,39.55802857142856,28.458113245033108,1.3847210010813518,29.642136986301374,3816.0,815.0,0.0,0.0,0.0,0.0,5.301333333333336,0.0,0.0,0.0,0.0,0.0,4.848333333333334,34.52083333333333,42.87,0.5450031988219534,17.482499999999998,-6.73,-5.65,-2.74,2.42,10.29,16.98,19.24,18.79,12.81,0.9,-2.22,-5.91,27.64,29.91,35.33,35.27,39.54,39.86,39.07,37.65,36.5,34.64,30.469999999999995,28.37,2.34,2.8,2.6,2.32,3.04,6.39,5.47,5.88,5.12,2.62,1.78,2.51,0.25533375846230616,0.28193619644471374,0.44690312897403583,0.6241439961809961,0.9937544853198927,0.8986190064465825,0.811572951356787,0.6937461021434865,0.5533112766957776,0.4066623440917772,0.32893135555925057,0.24512378418783407,12.01,14.3,18.54,22.1,23.78,21.48,20.47,19.33,17.92,15.94,13.04,10.88,34.370000000000005,35.56,38.07,32.85,29.25,22.88,19.830000000000002,18.86,23.689999999999998,33.74,32.69,34.28,pine_bark|open|none|deciduous,1.0,0.35,1.0,1.0,0.0,1.0,us-fl-waldo,29.79,-82.17,nasa_power_climatology
0.0,928.0,931.0,-227.5,946.0,824.8888888888888,1031.111111111111,0.0,0.0,0.0,3269.9199999999996,123.0,123.0,123.0,92.0,50.532000000000004,39.55802857142856,28.458113245033108,1.5232173409847536,29.300027397260276,3865.0,853.0,0.0,0.0,0.0,0.0,5.085761904761906,0.0,0.0,0.0,0.0,0.0,5.449166666666667,34.785833333333336,42.52000000000001,0.5637408046064852,17.482499999999998,-6.45,-5.42,-1.16,3.2,10.97,17.98,19.48,19.38,13.28,1.22,-1.86,-5.23,28.6,30.580000000000002,36.11,35.85,38.66,39.74,38.61,37.61,36.45,34.63,31.29,29.3,2.24,2.65,2.57,2.14,3.1,6.37,5.75,6.08,5.15,2.46,1.74,2.27,0.2825882480216306,0.3106567856443587,0.5145838638772793,0.6806672170803637,1.0085247340611585,0.9261956870502152,0.7907713182646258,0.6881854086378248,0.5335784571535587,0.40448695155642417,0.35009744175841867,0.27455354217196337,12.01,14.3,18.54,22.1,23.78,21.48,20.47,19.33,17.92,15.94,13.04,10.88,35.050000000000004,36.0,37.269999999999996,32.65,27.689999999999998,21.76,19.13,18.23,23.17,33.410000000000004,33.15,34.53,pine_bark|open|none|deciduous,1.0,0.35,1.0,1.0,0.0,1.0,us-fl-hawthorne,29.59,-82.08,nasa_power_climatology
0.0,928.0,931.0,-227.5,946.0,742.4000000000001,1299.1999999999998,0.0,0.0,0.0,3269.9199999999996,123.0,123.0,123.0,92.0,50.532000000000004,39.55802857142856,28.458113245033108,1.5232173409847536,29.300027397260276,3865.0,853.0,0.0,0.0,0.0,0.0,5.085761904761906,0.0,0.0,0.0,0.0,0.0,5.449166666666667,34.785833333333336,42.52000000000001,0.5637408046064852,17.482499999999998,-6.45,-5.42,-1.16,3.2,10.97,17.98,19.48,19.38,13.28,1.22,-1.86,-5.23,28.6,30.580000000000002,36.11,35.85,38.66,39.74,38.61,37.61,36.45,34.63,31.29,29.3,2.24,2.65,2.57,2.14,3.1,6.37,5.75,6.08,5.15,2.46,1.74,2.27,0.2825882480216306,0.3106567856443587,0.5145838638772793,0.6806672170803637,1.0085247340611585,0.9261956870502152,0.7907713182646258,0.6881854086378248,0.5335784571535587,0.40448695155642417,0.35009744175841867,0.27455354217196337,12.01,14.3,18.54,22.1,23.78,21.48,20.47,19.33,17.92,15.94,13.04,10.88,35.050000000000004,36.0,37.269999999999996,32.65,27.689999999999998,21.76,19.13,18.23,23.17,33.410000000000004,33.15,34.53,pine_bark|open|none|deciduous,1.0,0.35,1.0,1.0,0.0,1.0,us-fl-melrose,29.71,-82.05,nasa_power_climatology
0.0,929.0,931.0,-227.5,946.0,743.2,1300.6,0.0,0.0,0.0,3269.9199999999996,123.0,123.0,123.0,92.0,50.532000000000004,39.55802857142856,28.458113245033108,1.5232173409847536,29.300027397260276,3865.0,853.0,0.0,0.0,0.0,0.0,5.085761904761906,0.0,0.0,0.0,0.0,0.0,5.449166666666667,34.785833333333336,42.52000000000001,0.5637408046064852,17.482499999999998,-6.45,-5.42,-1.16,3.2,10.97,17.98,19.48,19.38,13.28,1.22,-1.86,-5.23,28.6,30.580000000000002,36.11,35.85,38.66,39.74,38.61,37.61,36.45,34.63,31.29,29.3,2.24,2.65,2.57,2.14,3.1,6.37,5.75,6.08,5.15,2.46,1.74,2.27,0.2825882480216306,0.3106567856443587,0.5145838638772793,0.6806672170803637,1.0085247340611585,0.9261956870502152,0.7907713182646258,0.6881854086378248,0.5335784571535587,0.40448695155642417,0.35009744175841867,0.27455354217196337,12.01,14.3,18.54,22.1,23.78,21.48,20.47,19.33,17.92,15.94,13.04,10.88,35.050000000000004,36.0,37.269999999999996,32.65,27.689999999999998,21.76,19.13,18.23,23.17,33.410000000000004,33.15,34.53,pine_bark|open|none|deciduous,1.0,0.35,1.0,1.0,0.0,1.0,us-fl-earleton,29.72,-82.1,nasa_power_climatology
0.0,928.0,931.0,-227.5,946.0,824.8888888888888,1031.111111111111,0.0,0.0,0.0,3269.9199999999996,123.0,123.0,123.0,92.0,50.532000000000004,38.930457142857136,27.582270198675488,1.5232173409847536,29.300027397260276,3865.0,853.0,0.0,0.0,0.0,0.0,5.085761904761906,0.0,0.0,0.0,0.0,0.0,5.449166666666667,34.785833333333336,42.52000000000001,0.5637408046064852,17.159166666666664,-6.45,-5.42,-1.16,3.2,10.97,17.98,19.48,19.38,13.28,1.22,-1.86,-5.23,28.6,30.580000000000002,36.11,35.85,38.66,39.74,38.61,37.61,36.45,34.63,31.29,29.3,2.24,2.65,2.57,2.14,3.1,6.37,5.75,6.08,5.15,2.46,1.74,2.27,0.2825882480216306,0.3106567856443587,0.5145838638772793,0.6806672170803637,1.0085247340611585,0.9261956870502152,0.7907713182646258,0.6881854086378248,0.5335784571535587,0.40448695155642417,0.35009744175841867,0.27455354217196337,11.61,13.91,18.22,21.86,23.18,21.05,20.83,19.55,17.469999999999995,15.32,12.38,10.53,35.050000000000004,36.0,37.269999999999996,32.65,27.689999999999998,21.76,19.13,18.23,23.17,33.410000000000004,33.15,34.53,pine_bark|open|none|deciduous,1.0,0.35,1.0,1.0,0.0,1.0,us-fl-interlachen,29.62,-81.89,nasa_power_climatology
0.0,928.0,931.0,-226.5,946.0,742.4000000000001,1299.1999999999998,0.0,0.0,0.0,3269.9199999999996,123.0,123.0,123.0,92.0,50.532000000000004,38.930457142857136,27.582270198675488,1.5232173409847536,29.300027397260276,3865.0,853.0,0.0,0.0,0.0,0.0,5.085761904761906,0.0,0.0,0.0,0.0,0.0,5.449166666666667,34.785833333333336,42.52000000000001,0.5637408046064852,17.159166666666664,-6.45,-5.42,-1.16,3.2,10.97,17.98,19.48,19.38,13.28,1.22,-1.86,-5.23,28.6,30.580000000000002,36.11,35.85,38.66,39.74,38.61,37.61,36.45,34.63,31.29,29.3,2.24,2.65,2.57,2.14,3.1,6.37,5.75,6.08,5.15,2.46,1.74,2.27,0.2825882480216306,0.3106567856443587,0.5145838638772793,0.6806672170803637,1.0085247340611585,0.9261956870502152,0.7907713182646258,0.6881854086378248,0.5335784571535587,0.40448695155642417,0.35009744175841867,0.27455354217196337,11.61,13.91,18.22,21.86,23.18,21.05,20.83,19.55,17.469999999999995,15.32,12.38,10.53,35.050000000000004,36.0,37.269999999999996,32.65,27.689999999999998,21.76,19.13,18.23,23.17,33.410000000000004,33.15,34.53,pine_bark|open|none|deciduous,1.0,0.35,1.0,1.0,0.0,1.0,us-fl-palatka,29.65,-81.66,nasa_power_climatology
0.0,927.0,930.0,-228.5,946.0,741.6,1297.8,0.0,0.0,0.0,3269.9199999999996,123.0,123.0,123.0,92.0,50.532000000000004,39.55802857142856,28.458113245033108,1.5232173409847536,29.300027397260276,3864.0,853.0,0.0,0.0,0.0,0.0,5.085761904761906,0.0,0.0,0.0,0.0,0.0,5.449166666666667,34.785833333333336,42.52000000000001,0.5637408046064852,17.482499999999998,-6.45,-5.42,-1.16,3.2,10.97,17.98,19.48,19.38,13.28,1.22,-1.86,-5.23,28.6,30.580000000000002,36.11,35.85,38.66,39.74,38.61,37.61,36.45,34.63,31.29,29.3,2.24,2.65,2.57,2.14,3.1,6.37,5.75,6.08,5.15,2.46,1.74,2.27,0.2825882480216306,0.3106567856443587,0.5145838638772793,0.6806672170803637,1.0085247340611585,0.9261956870502152,0.7907713182646258,0.6881854086378248,0.5335784571535587,0.40448695155642417,0.35009744175841867,0.27455354217196337,12.01,14.3,18.54,22.1,23.78,21.48,20.47,19.33,17.92,15.94,13.04,10.88,35.050000000000004,36.0,37.269999999999996,32.65,27.689999999999998,21.76,19.13,18.23,23.17,33.410000000000004,33.15,34.53,pine_bark|open|none|deciduous,1.0,0.35,1.0,1.0,0.0,1.0,us-fl-citra,29.41,-82.17,nasa_power_climatology
0.0,981.0,984.0,-206.0,1001.0,858.375,1103.625,0.0,0.0,0.0,2845.5600000000004,123.0,123.0,123.0,30.0,48.426,45.33037142857144,28.458113245033108,1.9460530458911895,28.384767123287666,3965.0,712.0,0.0,0.0,0.0,0.0,4.904516129032258,0.0,0.0,0.0,0.0,0.0,6.103333333333332,34.525,41.309999999999995,0.5822542524718872,17.482499999999998,-5.97,-5.15,-0.4,4.06,11.82,18.87,19.59,19.96,14.4,1.8,-0.76,-4.98,29.15,30.71,35.94,36.17,38.1,38.57,38.3,36.19,34.84,34.38,31.83,30.12,2.06,2.31,2.43,1.9500000000000002,3.0,6.54,5.94,6.13,5.12,2.26,1.59,1.98,0.3136982519369943,0.3394133570570909,0.566153728668042,0.7406408916232989,1.0580476708276239,0.9266034195574142,0.7718398425086945,0.6510943455753629,0.5063234201393629,0.4165925992691785,0.3904134128050643,0.30623008969451954,12.01,14.3,18.54,22.1,23.78,21.48,20.47,19.33,17.92,15.94,13.04,10.88,35.12,35.86,36.339999999999996,32.11,26.28,19.7,18.709999999999997,16.229999999999997,20.440000000000005,32.580000000000005,32.589999999999996,35.1,pine_bark|open|none|deciduous,1.0,0.35,1.0,1.0,0.0,1.0,us-fl-ocala,29.19,-82.14,nasa_power_climatology
0.0,980.0,982.0,-208.5,1002.0,857.5,1102.5,0.0,0.0,0.0,2845.5600000000004,123.0,123.0,123.0,30.0,48.426,46.15015714285713,29.311611258278155,1.9460530458911895,28.384767123287666,3966.0,712.0,0.0,0.0,0.0,0.0,4.904516129032258,0.0,0.0,0.0,0.0,0.0,6.103333333333332,34.525,41.309999999999995,0.5822542524718872,17.85333333333333,-5.97,-5.15,-0.4,4.06,11.82,18.87,19.59,19.96,14.4,1.8,-0.76,-4.98,29.15,30.71,35.94,36.17,38.1,38.57,38.3,36.19,34.84,34.38,31.83,30.12,2.06,2.31,2.43,1.9500000000000002,3.0,6.54,5.94,6.13,5.12,2.26,1.59,1.98,0.3136982519369943,0.3394133570570909,0.566153728668042,0.7406408916232989,1.0580476708276239,0.9266034195574142,0.7718398425086945,0.6510943455753629,0.5063234201393629,0.4165925992691785,0.3904134128050643,0.30623008969451954,12.35,14.83,18.99,22.55,24.06,21.79,20.63,19.69,18.26,16.42,13.359999999999998,11.31,35.12,35.86,36.339999999999996,32.11,26.28,19.7,18.709999999999997,16.229999999999997,20.440000000000005,32.580000000000005,32.589999999999996,35.1,pine_bark|open|none|deciduous,1.0,0.35,1.0,1.0,0.0,1.0,us-fl-south-ocala,28.95,-82.12,nasa_power_climatology
0.0,1041.0,1072.0,-56.0,947.0,780.75,1301.25,0.0,0.0,0.0,2242.8799999999997,123.0,123.0,123.0,0.0,46.212,31.272829411764707,29.311611258278155,0.9727836552088956,26.139150684931508,4249.0,460.0,0.0,0.0,0.0,0.0,7.211290322580647,0.0,0.0,0.0,0.0,0.0,7.123333333333334,33.30166666666667,45.379999999999995,0.5603828332167519,17.85333333333333,-5.1,-3.2600000000000002,0.78,5.41,12.38,19.15,20.77,19.85,14.55,3.69,0.18,-2.92,27.8,29.77,33.68,35.33,36.94,37.34,36.48,35.5,34.55,33.11,30.530000000000005,28.59,2.36,2.64,2.65,2.08,2.85,6.98,6.99,7.49,5.3,2.05,1.69,2.3,0.28591139418946965,0.31996929880134833,0.4911452138459572,0.6868513581462684,0.9840272457289067,0.8956663812002427,0.7913843212165447,0.6668759918035116,0.5187041046663396,0.4182154217383722,0.3723221695403484,0.29352109772371376,12.35,14.83,18.99,22.55,24.06,21.79,20.63,19.69,18.26,16.42,13.359999999999998,11.31,32.9,33.03,32.9,29.919999999999998,24.559999999999995,18.190000000000005,15.709999999999997,15.649999999999999,19.999999999999996,29.419999999999998,30.350000000000005,31.509999999999998,pine_bark|open|none|deciduous,1.0,0.35,1.0,1.0,0.0,1.0,us-fl-floral-city,28.75,-82.3,nasa_power_climatology
0.0,56.5,56.800000000000004,64.5,974.0,0.0,0.0,0.0,0.0,0.0,1682.2400000000002,123.0,92.0,92.0,0.0,44.052,33.004790909090914,29.311611258278155,1.0549295863215307,23.635397260273972,4658.0,244.0,0.0,0.0,0.0,0.0,7.951612903225805,0.0,0.0,0.0,0.0,0.0,8.863333333333333,32.537499999999994,47.26999999999999,0.5788366944803413,17.85333333333333,-3.55,-1.07,2.33,6.72,13.76,20.06,21.95,21.29,16.27,5.97,2.94,-0.31,27.65,29.41,33.22,34.93999999999999,35.94,36.14,35.34,34.28,33.37,32.0,29.969999999999995,28.19,2.28,2.51,2.53,2.1,2.9,7.47,7.63,8.01,5.83,2.14,1.65,2.22,0.31113076822549557,0.35138932502121795,0.5211557362488405,0.7068433978125507,0.9792363365209561,0.8892866712974262,0.8079989570093901,0.6920737581448598,0.53277522734009,0.43138388550255063,0.397759251000082,0.3250070196406358,12.35,14.83,18.99,22.55,24.06,21.79,20.63,19.69,18.26,16.42,13.359999999999998,11.31,31.2,30.48,30.89,28.21999999999999,22.18,16.080000000000002,13.390000000000004,12.990000000000002,17.099999999999998,26.03,27.029999999999994,28.5,pine_bark|open|none|evergreen,0.05,0.35,1.0,1.0,0.0,1.0,us-fl-brooksville,28.56,-82.39,nasa_power_climatology
0.0,48.5,48.5,-181.5,1037.0,776.0,1293.3333333333333,0.0,0.0,0.0,2549.7999999999993,123.0,123.0,123.0,61.0,49.272,31.893861038961038,29.311611258278155,1.3794153869818053,27.57295890410959,4238.0,611.0,0.0,0.0,0.0,0.0,4.890322580645161,0.0,0.0,0.0,0.0,0.0,6.989166666666667,34.60583333333333,41.559999999999995,0.5973077054268762,17.85333333333333,-5.25,-3.5,0.79,3.53,12.28,18.3,20.17,20.25,16.06,3.04,1.87,-3.67,29.76,32.16,36.6,37.56000000000001,38.56,39.04,35.64,35.55,34.18,34.62,31.27,30.33,1.82,1.82,2.06,1.91,2.95,7.21,6.38,6.59,5.53,2.17,1.32,1.8,0.3548689784322671,0.416293091876028,0.6599294925358656,0.8125626777515967,1.1127295539210902,0.8928774143466139,0.6931729010250979,0.6061617079839782,0.47346888958249267,0.3991824115481638,0.4106732758573432,0.33577207026197636,12.35,14.83,18.99,22.55,24.06,21.79,20.63,19.69,18.26,16.42,13.359999999999998,11.31,35.010000000000005,35.66,35.81,34.03000000000001,26.28,20.74,15.469999999999999,15.299999999999997,18.12,31.58,29.4,34.0,pine_bark|open|none|evergreen,0.05,0.35,1.0,1.0,0.0,1.0,us-fl-plant-city,28.02,-82.11,nasa_power_climatology
0.0,48.5,48.5,-181.5,1037.0,776.0,1293.3333333333333,0.0,0.0,0.0,2549.7999999999993,123.0,123.0,123.0,61.0,49.272,31.70594805194806,29.08267748344371,1.3794153869818053,27.57295890410959,4238.0,611.0,0.0,0.0,0.0,0.0,4.890322580645161,0.0,0.0,0.0,0.0,0.0,6.989166666666667,34.60583333333333,41.559999999999995,0.5973077054268762,17.52416666666667,-5.25,-3.5,0.79,3.53,12.28,18.3,20.17,20.25,16.06,3.04,1.87,-3.67,29.76,32.16,36.6,37.56000000000001,38.56,39.04,35.64,35.55,34.18,34.62,31.27,30.33,1.82,1.82,2.06,1.91,2.95,7.21,6.38,6.59,5.53,2.17,1.32,1.8,0.3548689784322671,0.416293091876028,0.6599294925358656,0.8125626777515967,1.1127295539210902,0.8928774143466139,0.6931729010250979,0.6061617079839782,0.47346888958249267,0.3991824115481638,0.4106732758573432,0.33577207026197636,12.42,14.69,18.8,22.07,23.32,20.81,20.56,19.52,17.77,15.96,13.12,11.25,35.010000000000005,35.66,35.81,34.03000000000001,26.28,20.74,15.469999999999999,15.299999999999997,18.12,31.58,29.4,34.0,pine_bark|open|none|evergreen,0.05,0.35,1.0,1.0,0.0,1.0,us-fl-polk,28.09,-81.73,nasa_power_climatology
0.0,48.5,48.5,-181.0,1036.0,776.0,1293.3333333333333,0.0,0.0,0.0,2549.7999999999993,123.0,123.0,123.0,61.0,49.272,31.70594805194806,29.08267748344371,1.3794153869818053,27.57295890410959,4238.0,611.0,0.0,0.0,0.0,0.0,4.890322580645161,0.0,0.0,0.0,0.0,0.0,6.989166666666667,34.60583333333333,41.559999999999995,0.5973077054268762,17.52416666666667,-5.25,-3.5,0.79,3.53,12.28,18.3,20.17,20.25,16.06,3.04,1.87,-3.67,29.76,32.16,36.6,37.56000000000001,38.56,39.04,35.64,35.55,34.18,34.62,31.27,30.33,1.82,1.82,2.06,1.91,2.95,7.21,6.38,6.59,5.53,2.17,1.32,1.8,0.3548689784322671,0.416293091876028,0.6599294925358656,0.8125626777515967,1.1127295539210902,0.8928774143466139,0.6931729010250979,0.6061617079839782,0.47346888958249267,0.3991824115481638,0.4106732758573432,0.33577207026197636,12.42,14.69,18.8,22.07,23.32,20.81,20.56,19.52,17.77,15.96,13.12,11.25,35.010000000000005,35.66,35.81,34.03000000000001,26.28,20.74,15.469999999999999,15.299999999999997,18.12,31.58,29.4,34.0,pine_bark|open|none|evergreen,0.05,0.35,1.0,1.0,0.0,1.0,us-fl-haines-city,28.11,-81.62,nasa_power_climatology
0.0,48.5,48.5,-183.0,1037.0,776.0,1293.3333333333333,0.0,0.0,0.0,2549.7999999999993,123.0,123.0,123.0,61.0,49.272,33.145001298701295,30.386229139072842,1.3794153869818053,27.57295890410959,4239.0,611.0,0.0,0.0,0.0,0.0,4.890322580645161,0.0,0.0,0.0,0.0,0.0,6.989166666666667,34.60583333333333,41.559999999999995,0.5973077054268762,18.011666666666667,-5.25,-3.5,0.79,3.53,12.28,18.3,20.17,20.25,16.06,3.04,1.87,-3.67,29.76,32.16,36.6,37.56000000000001,38.56,39.04,35.64,35.55,34.18,34.62,31.27,30.33,1.82,1.82,2.06,1.91,2.95,7.21,6.38,6.59,5.53,2.17,1.32,1.8,0.3548689784322671,0.416293091876028,0.6599294925358656,0.8125626777515967,1.1127295539210902,0.8928774143466139,0.6931729010250979,0.6061617079839782,0.47346888958249267,0.3991824115481638,0.4106732758573432,0.33577207026197636,13.0,15.56,19.41,22.43,23.52,21.16,20.75,19.88,18.3,16.65,13.69,11.79,35.010000000000005,35.66,35.81,34.03000000000001,26.28,20.74,15.469999999999999,15.299999999999997,18.12,31.58,29.4,34.0,pine_bark|open|none|evergreen,0.05,0.35,1.0,1.0,0.0,1.0,us-fl-lake-wales,27.9,-81.59,nasa_power_climatology
0.0,48.25,48.400000000000006,-253.0,1057.0,0.0,0.0,0.0,0.0,0.0,2767.960000000001,123.0,123.0,123.0,61.0,49.739999999999995,34.11569090909091,30.386229139072842,1.4915100360910827,27.317452054794522,4263.0,673.0,0.0,0.0,0.0,0.0,5.721440860215053,0.0,0.0,0.0,0.0,0.0,7.555833333333335,34.90916666666667,41.64,0.6092826318830113,18.011666666666667,-4.68,-2.55,1.09,5.04,12.0,19.01,21.19,20.02,16.42,3.37,2.86,-3.1,30.63,32.51,36.27,37.26,39.3,39.06000000000001,36.35,35.84,34.2,34.16,32.2,31.13,1.56,1.71,1.88,1.9299999999999997,3.35,7.11,6.09,6.41,5.63,2.77,1.44,1.76,0.37383082341708873,0.44758825211275144,0.6819267264216352,0.8599302150550195,1.1059561731096754,0.8786179138448975,0.7276999487012503,0.6181393401336953,0.47884889564546457,0.39063516974774304,0.41618458742535525,0.33203353698156046,13.0,15.56,19.41,22.43,23.52,21.16,20.75,19.88,18.3,16.65,13.69,11.79,35.31,35.059999999999995,35.18,32.22,27.299999999999997,20.050000000000008,15.16,15.820000000000004,17.78,30.789999999999996,29.340000000000003,34.23,pine_bark|open|none|evergreen,0.05,0.35,1.0,1.0,0.0,1.0,us-fl-sebring,27.5,-81.44,nasa_power_climatology
0.0,48.2,48.400000000000006,-255.0,1057.0,771.2,1285.3333333333333,0.0,0.0,0.0,2767.960000000001,123.0,123.0,123.0,61.0,49.739999999999995,33.145001298701295,30.386229139072842,1.4302023437435631,27.317452054794522,4264.0,673.0,0.0,0.0,0.0,0.0,4.433870967741935,0.0,0.0,0.0,0.0,0.0,7.555833333333335,34.90916666666667,41.64,0.6092826318830113,18.011666666666667,-4.68,-2.55,1.09,5.04,12.0,19.01,21.19,20.02,16.42,3.37,2.86,-3.1,30.63,32.51,36.27,37.26,39.3,39.06000000000001,36.35,35.84,34.2,34.16,32.2,31.13,1.56,1.71,1.88,1.9299999999999997,3.35,7.11,6.09,6.41,5.63,2.77,1.44,1.76,0.37383082341708873,0.44758825211275144,0.6819267264216352,0.8599302150550195,1.1059561731096754,0.8786179138448975,0.7276999487012503,0.6181393401336953,0.47884889564546457,0.39063516974774304,0.41618458742535525,0.33203353698156046,13.0,15.56,19.41,22.43,23.52,21.16,20.75,19.88,18.3,16.65,13.69,11.79,35.31,35.059999999999995,35.18,32.22,27.299999999999997,20.050000000000008,15.16,15.820000000000004,17.78,30.789999999999996,29.340000000000003,34.23,pine_bark|open|none|evergreen,0.05,0.35,1.0,1.0,0.0,1.0,us-fl-lake-placid,27.29,-81.36,nasa_power_climatology
0.0,48.150000000000006,48.2,-205.0,1042.0,770.4000000000001,1284.0,0.0,0.0,0.0,2575.8400000000006,123.0,92.0,92.0,61.0,49.272,33.145001298701295,30.386229139072842,1.4061269860110681,27.04167123287671,4296.0,611.0,0.0,0.0,0.0,0.0,4.45064516129032,0.0,0.0,0.0,0.0,0.0,7.512499999999999,34.599999999999994,41.23,0.6021403775841537,18.011666666666667,-5.09,-2.63,1.32,4.31,12.47,18.45,21.14,20.38,16.63,3.45,2.62,-2.9,29.74,32.83,36.33,37.14,38.8,39.04,36.39,34.77,33.91,34.22,31.88,30.15,1.61,1.68,1.89,1.87,3.01,7.21,6.41,6.73,5.65,2.18,1.3,1.69,0.3567935152809317,0.4440214026724919,0.6783546955245568,0.8372722220511825,1.1329347988481713,0.8872914131436622,0.7203764671429504,0.5862956077317911,0.46322598320728553,0.3784283092750971,0.4094776684763834,0.3312124476553403,13.0,15.56,19.41,22.43,23.52,21.16,20.75,19.88,18.3,16.65,13.69,11.79,34.83,35.46,35.01,32.83,26.33,20.59,15.25,14.390000000000004,17.279999999999998,30.77,29.259999999999998,33.05,pine_bark|open|none|evergreen,0.05,0.35,1.0,1.0,0.0,1.0,us-fl-wauchula,27.55,-81.81,nasa_power_climatology
0.0,48.25,48.400000000000006,-252.5,1057.0,0.0,0.0,0.0,0.0,0.0,2767.960000000001,123.0,123.0,123.0,61.0,49.739999999999995,34.11569090909091,30.386229139072842,1.4915100360910827,27.317452054794522,4262.0,673.0,0.0,0.0,0.0,0.0,5.721440860215053,0.0,0.0,0.0,0.0,0.0,7.555833333333335,34.90916666666667,41.64,0.6092826318830113,18.011666666666667,-4.68,-2.55,1.09,5.04,12.0,19.01,21.19,20.02,16.42,3.37,2.86,-3.1,30.63,32.51,36.27,37.26,39.3,39.06000000000001,36.35,35.84,34.2,34.16,32.2,31.13,1.56,1.71,1.88,1.9299999999999997,3.35,7.11,6.09,6.41,5.63,2.77,1.44,1.76,0.37383082341708873,0.44758825211275144,0.6819267264216352,0.8599302150550195,1.1059561731096754,0.8786179138448975,0.7276999487012503,0.6181393401336953,0.47884889564546457,0.39063516974774304,0.41618458742535525,0.33203353698156046,13.0,15.56,19.41,22.43,23.52,21.16,20.75,19.88,18.3,16.65,13.69,11.79,35.31,35.059999999999995,35.18,32.22,27.299999999999997,20.050000000000008,15.16,15.820000000000004,17.78,30.789999999999996,29.340000000000003,34.23,pine_bark|open|none|evergreen,0.05,0.35,1.0,1.0,0.0,1.0,us-fl-avon-park,27.6,-81.51,nasa_power_climatology
0.0,971.0,972.0,-165.0,1018.0,728.25,1213.75,0.0,0.0,0.0,2710.0800000000004,123.0,123.0,123.0,30.0,48.56999999999999,31.113074117647063,29.08267748344371,1.277256879675348,27.783945205479455,4132.0,643.0,0.0,0.0,0.0,0.0,5.797741935483871,0.0,0.0,0.0,0.0,0.0,6.781666666666667,34.60583333333334,41.05000000000001,0.6038531526320509,17.52416666666667,-5.41,-4.11,0.29,3.6,12.38,18.73,20.39,20.24,15.45,2.68,1.31,-4.17,29.44,31.51,36.23,36.99,38.07,38.65,37.38,35.97,33.97,34.38,32.07,30.61,1.94,2.0,2.23,1.8900000000000001,2.91,6.92,6.16,6.3,5.27,2.17,1.42,1.84,0.3424238295767144,0.38754714966794357,0.6210001553116836,0.778454773678894,1.0928480027469611,0.9242079235830151,0.7695644399207886,0.6484287804908978,0.4953527718837122,0.4222755160196901,0.42863728643532695,0.33549720226898244,12.42,14.69,18.8,22.07,23.32,20.81,20.56,19.52,17.77,15.96,13.12,11.25,34.85,35.620000000000005,35.94,33.39,25.689999999999998,19.919999999999998,16.990000000000002,15.73,18.52,31.700000000000003,30.76,34.78,pine_bark|open|none|deciduous,1.0,0.35,1.0,1.0,0.0,1.0,us-fl-clermont,28.55,-81.76,nasa_power_climatology
0.0,980.0,982.0,-208.5,1002.0,784.0,1372.0,0.0,0.0,0.0,2845.5600000000004,123.0,123.0,123.0,30.0,48.426,39.9293142857143,29.08267748344371,1.6307328392492528,28.384767123287666,3966.0,712.0,0.0,0.0,0.0,0.0,4.685000000000003,0.0,0.0,0.0,0.0,0.0,6.103333333333332,34.525,41.309999999999995,0.5822542524718872,17.52416666666667,-5.97,-5.15,-0.4,4.06,11.82,18.87,19.59,19.96,14.4,1.8,-0.76,-4.98,29.15,30.71,35.94,36.17,38.1,38.57,38.3,36.19,34.84,34.38,31.83,30.12,2.06,2.31,2.43,1.9500000000000002,3.0,6.54,5.94,6.13,5.12,2.26,1.59,1.98,0.3136982519369943,0.3394133570570909,0.566153728668042,0.7406408916232989,1.0580476708276239,0.9266034195574142,0.7718398425086945,0.6510943455753629,0.5063234201393629,0.4165925992691785,0.3904134128050643,0.30623008969451954,12.42,14.69,18.8,22.07,23.32,20.81,20.56,19.52,17.77,15.96,13.12,11.25,35.12,35.86,36.339999999999996,32.11,26.28,19.7,18.709999999999997,16.229999999999997,20.440000000000005,32.580000000000005,32.589999999999996,35.1,pine_bark|open|none|deciduous,1.0,0.35,1.0,1.0,0.0,1.0,us-fl-umatilla,28.93,-81.67,nasa_power_climatology
0.0,983.0,983.0,-173.5,1012.0,786.4000000000001,1376.1999999999998,0.0,0.0,0.0,3081.159999999999,123.0,123.0,123.0,92.0,49.092,38.930457142857136,27.582270198675488,1.6183621259529934,28.076575342465752,4007.0,764.0,0.0,0.0,0.0,0.0,4.689571428571426,0.0,0.0,0.0,0.0,0.0,6.613333333333332,34.722500000000004,42.97,0.5733370469380437,17.159166666666664,-4.56,-4.42,0.14,4.44,11.04,18.99,19.0,20.02,14.9,2.49,1.72,-4.4,29.4,31.29,35.59,36.33,38.94,38.57,38.39,37.16,34.68999999999999,34.25,31.99,30.07,2.06,2.25,2.39,2.04,3.36,6.57,5.7,6.04,5.69,3.04,1.86,1.9700000000000002,0.3270190657020304,0.35271795238892895,0.5724156546326713,0.7401685947044322,1.0048539019418945,0.8776215091736899,0.7308434394612807,0.6657783488824868,0.511327889624617,0.40454341753328954,0.3968630011474698,0.29589178806373356,11.61,13.91,18.22,21.86,23.18,21.05,20.83,19.55,17.469999999999995,15.32,12.38,10.53,33.96,35.71,35.45,31.889999999999997,27.9,19.580000000000002,19.39,17.139999999999997,19.789999999999992,31.759999999999998,30.27,34.47,pine_bark|open|none|deciduous,1.0,0.35,1.0,1.0,0.0,1.0,us-fl-pierson,29.24,-81.46,nasa_power_climatology
0.0,1079.0,1086.0,57.0,970.0,944.125,1213.875,0.0,0.0,0.0,2445.92,123.0,123.0,123.0,0.0,46.356,44.56282857142855,27.582270198675488,1.4802377844825672,24.115205479452055,4322.0,568.0,0.0,0.0,0.0,0.0,5.572580645161293,0.0,0.0,0.0,0.0,0.0,9.0175,33.153333333333336,46.269999999999996,0.5481883687037452,17.159166666666664,-1.54,-0.19,2.42,7.77,11.77,19.08,21.79,21.35,16.98,6.34,4.06,-1.62,27.22,28.88,33.31,33.84,37.19,37.42,37.1,36.19,35.36,32.81,30.54,27.98,2.46,2.82,2.61,2.22,3.5,6.49,6.19,6.5,5.87,2.96,2.06,2.59,0.30621565732361317,0.33773906731495795,0.4930101222774778,0.6571012939001524,0.8460533684979944,0.8000441226681326,0.758267005503891,0.6743379209583559,0.5806079875411498,0.4466113094821181,0.39714773618365207,0.28112483279344763,11.61,13.91,18.22,21.86,23.18,21.05,20.83,19.55,17.469999999999995,15.32,12.38,10.53,28.759999999999998,29.07,30.89,26.070000000000004,25.419999999999998,18.340000000000003,15.310000000000002,14.839999999999996,18.38,26.470000000000002,26.48,29.6,pine_bark|open|none|deciduous,1.0,0.35,1.0,1.0,0.0,1.0,us-fl-hastings,29.72,-81.51,nasa_power_climatology
0.0,828.0,833.0,-287.0,824.0,724.5,931.5,0.0,0.0,11.625,3634.880000000001,123.0,123.0,123.0,123.0,51.26,43.71478571428573,26.916717218543045,1.676376015960106,31.31397260273973,3578.0,882.0,0.0,0.0,0.0,0.0,5.992580645161288,0.0,0.0,0.0,0.0,0.0,3.381666666666666,34.718333333333334,42.739999999999995,0.55752675499365,17.04,-7.54,-6.24,-4.82,1.56,7.97,15.84,17.77,16.72,10.63,0.22,-5.179999999999999,-6.35,27.61,28.919999999999998,32.09,35.63,39.34,40.26,39.64,38.34,37.6,37.04,31.52,28.63,2.7,3.47,3.28,3.03,2.46,5.99,5.08,5.54,3.88,2.04,2.08,3.19,0.24284583839996016,0.257391422617115,0.3412632140783675,0.572257046956637,0.9314590647469801,0.9253706008203124,0.885238509566881,0.735542449430596,0.6273555146511072,0.5367949764818587,0.37802122589139553,0.2567811962825894,11.33,13.53,17.65,21.26,23.16,21.4,21.33,19.53,17.55,15.2,12.47,10.07,35.15,35.16,36.910000000000004,34.07,31.370000000000005,24.419999999999998,21.87,21.620000000000005,26.97,36.82,36.699999999999996,34.98,pine_bark|open|none|deciduous,1.0,0.35,1.0,1.0,0.0,1.0,us-fl-live-oak,30.29,-82.98,nasa_power_climatology
0.0,830.0,830.0,-232.0,800.0,781.1764705882352,878.8235294117648,0.0,0.0,13.875,3699.4800000000005,123.0,123.0,123.0,123.0,51.07,46.147857142857134,26.021956291390726,1.9751059064599148,31.451479452054787,3550.0,954.0,0.0,0.0,0.0,0.0,9.11483870967742,0.0,0.0,0.0,0.0,0.0,3.178333333333333,34.65,38.96,0.6112482756093675,17.013333333333332,-8.06,-6.31,-4.95,0.9,7.91,15.3,17.51,17.8,10.58,0.29,-5.95,-6.88,27.41,28.02,30.42,35.65,40.07,39.92,39.16,38.94,38.51,37.76,31.43,28.51,2.44,3.34,3.16,2.84,2.61,4.98,4.06,4.82,3.54,2.14,1.9599999999999997,3.07,0.24594178496165556,0.25105223378121755,0.3217801423523689,0.5709761293003649,0.9608412987255452,0.9935691399862866,1.0487521227951235,0.932704665669808,0.7479192269766927,0.5997242328393771,0.39771869743073746,0.2639996324932319,10.94,13.1,17.15,21.030000000000005,23.14,22.31,22.16,19.98,17.67,14.98,12.07,9.63,35.47,34.33,35.370000000000005,34.75,32.16,24.62,21.649999999999995,21.139999999999997,27.93,37.47,37.38,35.39,open_soil|open|none|deciduous,1.0,1.0,1.0,1.0,0.0,1.0,us-ga-alma,31.54,-82.46,nasa_power_climatology
0.0,777.0,779.0,-195.5,776.0,717.2307692307693,836.7692307692307,0.0,0.0,15.125,4040.9200000000005,123.0,123.0,123.0,123.0,51.74,45.11022857142857,26.021956291390726,2.132315555253402,31.926383561643835,3386.0,1029.0,0.0,0.0,0.0,0.0,8.470322580645163,0.0,0.0,0.0,0.0,0.0,2.7558333333333334,34.7025,37.739999999999995,0.6345744303005653,17.013333333333332,-9.11,-7.35,-5.03,0.55,7.47,15.05,17.6,17.01,9.68,0.39,-6.25,-6.94,27.13,27.44,29.87,35.43,39.56,40.74,39.89,40.68,38.8,38.29,30.719999999999995,27.88,2.47,3.46,3.15,2.83,2.57,4.53,3.72,4.47,3.04,2.09,2.11,3.3,0.23355841724079787,0.23549538259320907,0.30913971643084326,0.5517700552519939,0.9207418574617253,1.0575623866152681,1.1620044129425897,1.0480633309541436,0.802503508991865,0.6434804180415756,0.39371692090279087,0.25685675617998077,10.94,13.1,17.15,21.030000000000005,23.14,22.31,22.16,19.98,17.67,14.98,12.07,9.63,36.239999999999995,34.79,34.9,34.88,32.09,25.69,22.29,23.669999999999998,29.119999999999997,37.9,36.97,34.82,open_soil|open|none|deciduous,1.0,1.0,1.0,1.0,0.0,1.0,us-ga-baxley,31.78,-82.35,nasa_power_climatology
0.0,829.0,830.0,-232.0,815.0,780.2352941176471,877.7647058823529,0.0,0.0,13.875,3699.4800000000005,123.0,123.0,123.0,123.0,51.07,46.147857142857134,26.021956291390726,1.9751059064599148,31.451479452054787,3557.0,952.0,0.0,0.0,0.0,0.0,9.11483870967742,0.0,0.0,0.0,0.0,0.0,3.178333333333333,34.65,38.96,0.6112482756093675,17.013333333333332,-8.06,-6.31,-4.95,0.9,7.91,15.3,17.51,17.8,10.58,0.29,-5.95,-6.88,27.41,28.02,30.42,35.65,40.07,39.92,39.16,38.94,38.51,37.76,31.43,28.51,2.44,3.34,3.16,2.84,2.61,4.98,4.06,4.82,3.54,2.14,1.9599999999999997,3.07,0.24594178496165556,0.25105223378121755,0.3217801423523689,0.5709761293003649,0.9608412987255452,0.9935691399862866,1.0487521227951235,0.932704665669808,0.7479192269766927,0.5997242328393771,0.39771869743073746,0.2639996324932319,10.94,13.1,17.15,21.030000000000005,23.14,22.31,22.16,19.98,17.67,14.98,12.07,9.63,35.47,34.33,35.370000000000005,34.75,32.16,24.62,21.649999999999995,21.139999999999997,27.93,37.47,37.38,35.39,open_soil|open|none|deciduous,1.0,1.0,1.0,1.0,0.0,1.0,us-ga-blackshear,31.3,-82.24,nasa_power_climatology
0.0,798.0,799.0,-285.5,830.0,798.0,931.0000000000001,0.0,0.0,15.25,3928.960000000001,123.0,123.0,123.0,123.0,51.52,46.598657142857135,26.021956291390726,2.0268677617904673,31.92594520547945,3530.0,1064.0,0.0,0.0,0.0,0.0,9.482580645161288,0.0,0.0,0.0,0.0,0.0,3.3008333333333333,35.25,40.96,0.5839241920721397,17.013333333333332,-7.93,-6.4,-5.2,0.95,8.5,15.37,17.61,17.36,10.66,0.35,-5.320000000000001,-6.34,28.11,29.1,32.5,35.68999999999999,40.52,40.52,39.92,39.0,39.35,37.45,31.719999999999995,29.12,2.5,3.28,3.09,2.94,2.69,5.69,4.61,5.1,4.08,2.19,1.87,2.92,0.2516485444237151,0.26427994002381894,0.353160164762769,0.5841725609551243,0.9912444197957855,0.9487426911210087,0.9483837197713005,0.8105462102529569,0.6793738442595771,0.5343567346065411,0.3763347232062085,0.26484675168687166,10.94,13.1,17.15,21.030000000000005,23.14,22.31,22.16,19.98,17.67,14.98,12.07,9.63,36.04,35.5,37.7,34.73999999999999,32.02,25.150000000000006,22.310000000000002,21.64,28.69,37.1,37.04,35.46,open_soil|open|none|deciduous,1.0,1.0,1.0,1.0,0.0,1.0,us-ga-waycross,31.21,-82.35,nasa_power_climatology
0.0,799.0,799.0,-287.0,831.0,752.0,846.0,0.0,0.0,15.25,3928.960000000001,123.0,123.0,123.0,123.0,51.52,46.147857142857134,26.021956291390726,1.8756538715374331,31.92594520547945,3532.0,1063.0,0.0,0.0,0.0,0.0,10.349677419354837,0.0,0.0,0.0,0.0,0.0,3.3008333333333333,35.25,40.96,0.5839241920721397,17.013333333333332,-7.93,-6.4,-5.2,0.95,8.5,15.37,17.61,17.36,10.66,0.35,-5.320000000000001,-6.34,28.11,29.1,32.5,35.68999999999999,40.52,40.52,39.92,39.0,39.35,37.45,31.719999999999995,29.12,2.5,3.28,3.09,2.94,2.69,5.69,4.61,5.1,4.08,2.19,1.87,2.92,0.2516485444237151,0.26427994002381894,0.353160164762769,0.5841725609551243,0.9912444197957855,0.9487426911210087,0.9483837197713005,0.8105462102529569,0.6793738442595771,0.5343567346065411,0.3763347232062085,0.26484675168687166,10.94,13.1,17.15,21.030000000000005,23.14,22.31,22.16,19.98,17.67,14.98,12.07,9.63,36.04,35.5,37.7,34.73999999999999,32.02,25.150000000000006,22.310000000000002,21.64,28.69,37.1,37.04,35.46,open_soil|open|none|deciduous,1.0,1.0,1.0,1.0,0.0,1.0,us-ga-homerville,31.04,-82.75,nasa_power_climatology
0.0,811.0,817.0,-184.5,762.0,737.2727272727273,884.7272727272726,0.0,0.0,15.5,3696.68,123.0,123.0,123.0,123.0,51.0,45.11022857142857,26.021956291390726,1.9190401136660313,31.441561643835623,3486.0,874.0,0.0,0.0,0.0,0.0,9.007419354838708,0.0,0.0,0.0,0.0,0.0,2.8341666666666665,34.29,39.95,0.5947383290385607,17.013333333333332,-8.41,-6.29,-5.03,0.72,7.44,14.85,17.2,16.74,9.67,0.15,-6.13,-6.9,27.28,27.330000000000002,29.19,34.81000000000001,38.65,40.0,39.55,39.87,38.14,38.06,30.7,27.9,2.66,3.75,3.41,3.18,2.45,4.68,4.13,4.54,3.33,2.03,2.23,3.56,0.23491059543060697,0.23838988294215815,0.2965187483145345,0.5246915715409457,0.8721721184176904,0.977402641978041,1.0368969740699814,0.9430415643942909,0.7444065367444338,0.6255052185616418,0.3898695196334734,0.25305457643493084,10.94,13.1,17.15,21.030000000000005,23.14,22.31,22.16,19.98,17.67,14.98,12.07,9.63,35.69,33.620000000000005,34.22,34.09000000000001,31.209999999999997,25.15,22.349999999999998,23.13,28.47,37.910000000000004,36.83,34.8,open_soil|open|none|deciduous,1.0,1.0,1.0,1.0,0.0,1.0,us-ga-douglas,31.51,-82.85,nasa_power_climatology
0.0,803.0,811.0,-186.0,763.0,755.7647058823529,850.2352941176471,0.0,0.0,15.5,3696.68,123.0,123.0,123.0,123.0,51.0,46.147857142857134,26.021956291390726,1.9636545011618698,31.441561643835623,3488.0,874.0,0.0,0.0,0.0,0.0,8.859677419354835,0.0,0.0,0.0,0.0,0.0,2.8341666666666665,34.29,39.95,0.5947383290385607,17.013333333333332,-8.41,-6.29,-5.03,0.72,7.44,14.85,17.2,16.74,9.67,0.15,-6.13,-6.9,27.28,27.330000000000002,29.19,34.81000000000001,38.65,40.0,39.55,39.87,38.14,38.06,30.7,27.9,2.66,3.75,3.41,3.18,2.45,4.68,4.13,4.54,3.33,2.03,2.23,3.56,0.23491059543060697,0.23838988294215815,0.2965187483145345,0.5246915715409457,0.8721721184176904,0.977402641978041,1.0368969740699814,0.9430415643942909,0.7444065367444338,0.6255052185616418,0.3898695196334734,0.25305457643493084,10.94,13.1,17.15,21.030000000000005,23.14,22.31,22.16,19.98,17.67,14.98,12.07,9.63,35.69,33.620000000000005,34.22,34.09000000000001,31.209999999999997,25.15,22.349999999999998,23.13,28.47,37.910000000000004,36.83,34.8,open_soil|open|none|deciduous,1.0,1.0,1.0,1.0,0.0,1.0,us-ga-pearson,31.3,-82.85,nasa_power_climatology
0.0,830.0,830.0,-232.5,800.0,766.1538461538462,893.8461538461538,0.0,0.0,13.875,3699.4800000000005,123.0,123.0,123.0,123.0,51.07,45.11022857142857,26.021956291390726,1.8916747495312511,31.451479452054787,3552.0,954.0,0.0,0.0,0.0,0.0,9.245806451612907,0.0,0.0,0.0,0.0,0.0,3.178333333333333,34.65,38.96,0.6112482756093675,17.013333333333332,-8.06,-6.31,-4.95,0.9,7.91,15.3,17.51,17.8,10.58,0.29,-5.95,-6.88,27.41,28.02,30.42,35.65,40.07,39.92,39.16,38.94,38.51,37.76,31.43,28.51,2.44,3.34,3.16,2.84,2.61,4.98,4.06,4.82,3.54,2.14,1.9599999999999997,3.07,0.24594178496165556,0.25105223378121755,0.3217801423523689,0.5709761293003649,0.9608412987255452,0.9935691399862866,1.0487521227951235,0.932704665669808,0.7479192269766927,0.5997242328393771,0.39771869743073746,0.2639996324932319,10.94,13.1,17.15,21.030000000000005,23.14,22.31,22.16,19.98,17.67,14.98,12.07,9.63,35.47,34.33,35.370000000000005,34.75,32.16,24.62,21.649999999999995,21.139999999999997,27.93,37.47,37.38,35.39,open_soil|open|none|deciduous,1.0,1.0,1.0,1.0,0.0,1.0,us-ga-nicholls,31.52,-82.64,nasa_power_climatology
0.0,813.0,817.0,-183.5,762.0,765.1764705882352,860.8235294117648,0.0,0.0,15.5,3696.68,123.0,123.0,123.0,123.0,51.0,46.799085714285695,26.13902781456953,1.9636545011618698,31.441561643835623,3488.0,874.0,0.0,0.0,0.0,0.0,8.859677419354835,0.0,0.0,0.0,0.0,0.0,2.8341666666666665,34.29,39.95,0.5947383290385607,17.240000000000002,-8.41,-6.29,-5.03,0.72,7.44,14.85,17.2,16.74,9.67,0.15,-6.13,-6.9,27.28,27.330000000000002,29.19,34.81000000000001,38.65,40.0,39.55,39.87,38.14,38.06,30.7,27.9,2.66,3.75,3.41,3.18,2.45,4.68,4.13,4.54,3.33,2.03,2.23,3.56,0.23491059543060697,0.23838988294215815,0.2965187483145345,0.5246915715409457,0.8721721184176904,0.977402641978041,1.0368969740699814,0.9430415643942909,0.7444065367444338,0.6255052185616418,0.3898695196334734,0.25305457643493084,11.01,13.09,17.2,21.34,23.53,22.59,22.5,20.33,18.14,15.28,12.24,9.63,35.69,33.620000000000005,34.22,34.09000000000001,31.209999999999997,25.15,22.349999999999998,23.13,28.47,37.910000000000004,36.83,34.8,open_soil|open|none|deciduous,1.0,1.0,1.0,1.0,0.0,1.0,us-ga-ocilla,31.59,-83.25,nasa_power_climatology
0.0,813.0,817.0,-182.0,762.0,739.0909090909091,886.9090909090909,0.0,0.0,15.5,3696.68,123.0,123.0,123.0,123.0,51.0,45.77854285714283,26.13902781456953,1.9190401136660313,31.441561643835623,3487.0,874.0,0.0,0.0,0.0,0.0,9.007419354838708,0.0,0.0,0.0,0.0,0.0,2.8341666666666665,34.29,39.95,0.5947383290385607,17.240000000000002,-8.41,-6.29,-5.03,0.72,7.44,14.85,17.2,16.74,9.67,0.15,-6.13,-6.9,27.28,27.330000000000002,29.19,34.81000000000001,38.65,40.0,39.55,39.87,38.14,38.06,30.7,27.9,2.66,3.75,3.41,3.18,2.45,4.68,4.13,4.54,3.33,2.03,2.23,3.56,0.23491059543060697,0.23838988294215815,0.2965187483145345,0.5246915715409457,0.8721721184176904,0.977402641978041,1.0368969740699814,0.9430415643942909,0.7444065367444338,0.6255052185616418,0.3898695196334734,0.25305457643493084,11.01,13.09,17.2,21.34,23.53,22.59,22.5,20.33,18.14,15.28,12.24,9.63,35.69,33.620000000000005,34.22,34.09000000000001,31.209999999999997,25.15,22.349999999999998,23.13,28.47,37.910000000000004,36.83,34.8,open_soil|open|none|deciduous,1.0,1.0,1.0,1.0,0.0,1.0,us-ga-fitzgerald,31.71,-83.25,nasa_power_climatology
0.0,829.0,831.0,-175.0,723.0,780.2352941176471,877.7647058823529,0.0,0.0,15.0,3642.56,123.0,123.0,123.0,92.0,51.36,46.799085714285695,26.13902781456953,1.905643707512194,31.417561643835615,3469.0,867.0,0.0,0.0,0.0,0.0,8.811290322580648,0.0,0.0,0.0,0.0,0.0,2.551666666666667,33.98083333333333,40.92,0.573381224322559,17.240000000000002,-8.65,-6.36,-4.97,0.2,7.1,14.609999999999998,16.77,16.16,9.13,-0.12,-6.37,-6.88,26.93,26.85,28.57,33.37,37.86,40.2,39.22,40.36,37.96,38.36,30.65,27.44,2.8,3.9800000000000004,3.55,3.41,2.43,4.55,4.22,4.49,3.2,2.04,2.38,3.87,0.22588205738405212,0.22918216153097615,0.28126411274304813,0.46621115245126926,0.8028002421238838,0.9598308643729904,0.9855188785532343,0.9325202999947414,0.7331062017875759,0.6331748010658154,0.3855997135579595,0.2454842063051624,11.01,13.09,17.2,21.34,23.53,22.59,22.5,20.33,18.14,15.28,12.24,9.63,35.58,33.21,33.54,33.169999999999995,30.759999999999998,25.590000000000003,22.45,24.2,28.83,38.48,37.019999999999996,34.32,open_soil|open|none|deciduous,1.0,1.0,1.0,1.0,0.0,1.0,us-ga-tifton,31.45,-83.51,nasa_power_climatology
0.0,838.0,838.0,-227.0,819.0,838.0,977.6666666666667,0.0,0.0,15.5,3594.6800000000003,123.0,123.0,123.0,123.0,50.837999999999994,47.27288571428569,26.13902781456953,1.9378383687844893,31.475260273972594,3563.0,904.0,0.0,0.0,0.0,0.0,9.048064516129026,0.0,0.0,0.0,0.0,0.0,3.064166666666667,34.557500000000005,41.35,0.5759749923175748,17.240000000000002,-7.82,-6.29,-5.16,0.98,7.57,15.2,17.63,16.8,10.31,0.07,-5.85,-6.67,27.56,28.05,30.86,35.22,38.95,39.77,39.91,38.61,38.39,37.61,31.29,28.47,2.67,3.6799999999999997,3.41,3.17,2.44,5.42,4.57,4.88,3.56,2.06,2.14,3.35,0.24053972386455283,0.24743315626504256,0.3193195773890462,0.546874789511934,0.8992711216097393,0.9331526518330814,0.9668408878453327,0.8252097380390272,0.7038986441827213,0.5856593321422077,0.3866095758677918,0.2568907092604209,11.01,13.09,17.2,21.34,23.53,22.59,22.5,20.33,18.14,15.28,12.24,9.63,35.379999999999995,34.34,36.019999999999996,34.24,31.380000000000003,24.570000000000004,22.279999999999998,21.81,28.08,37.54,37.14,35.14,open_soil|open|none|deciduous,1.0,1.0,1.0,1.0,0.0,1.0,us-ga-nashville,31.21,-83.25,nasa_power_climatology
0.0,838.0,839.0,-227.5,819.0,788.7058823529412,887.2941176470588,0.0,0.0,15.5,3594.6800000000003,123.0,123.0,123.0,123.0,50.837999999999994,46.799085714285695,26.13902781456953,1.8485792266652317,31.475260273972594,3567.0,904.0,0.0,0.0,0.0,0.0,10.009999999999994,0.0,0.0,0.0,0.0,0.0,3.064166666666667,34.557500000000005,41.35,0.5759749923175748,17.240000000000002,-7.82,-6.29,-5.16,0.98,7.57,15.2,17.63,16.8,10.31,0.07,-5.85,-6.67,27.56,28.05,30.86,35.22,38.95,39.77,39.91,38.61,38.39,37.61,31.29,28.47,2.67,3.6799999999999997,3.41,3.17,2.44,5.42,4.57,4.88,3.56,2.06,2.14,3.35,0.24053972386455283,0.24743315626504256,0.3193195773890462,0.546874789511934,0.8992711216097393,0.9331526518330814,0.9668408878453327,0.8252097380390272,0.7038986441827213,0.5856593321422077,0.3866095758677918,0.2568907092604209,11.01,13.09,17.2,21.34,23.53,22.59,22.5,20.33,18.14,15.28,12.24,9.63,35.379999999999995,34.34,36.019999999999996,34.24,31.380000000000003,24.570000000000004,22.279999999999998,21.81,28.08,37.54,37.14,35.14,open_soil|open|none|deciduous,1.0,1.0,1.0,1.0,0.0,1.0,us-ga-lakeland,31.04,-83.07,nasa_power_climatology
0.0,840.0,840.0,-229.0,820.0,790.5882352941177,889.4117647058823,0.0,0.0,15.5,3594.6800000000003,123.0,123.0,123.0,123.0,50.837999999999994,46.768528571428575,27.162786754966884,1.8591845142991188,31.475260273972594,3571.0,903.0,0.0,0.0,0.0,0.0,6.046333333333334,0.0,0.0,0.0,0.0,0.0,3.064166666666667,34.557500000000005,41.35,0.5759749923175748,17.3,-7.82,-6.29,-5.16,0.98,7.57,15.2,17.63,16.8,10.31,0.07,-5.85,-6.67,27.56,28.05,30.86,35.22,38.95,39.77,39.91,38.61,38.39,37.61,31.29,28.47,2.67,3.6799999999999997,3.41,3.17,2.44,5.42,4.57,4.88,3.56,2.06,2.14,3.35,0.24053972386455283,0.24743315626504256,0.3193195773890462,0.546874789511934,0.8992711216097393,0.9331526518330814,0.9668408878453327,0.8252097380390272,0.7038986441827213,0.5856593321422077,0.3866095758677918,0.2568907092604209,11.39,13.56,17.82,21.56,23.64,21.77,21.69,19.62,18.030000000000005,15.65,12.72,10.15,35.379999999999995,34.34,36.019999999999996,34.24,31.380000000000003,24.570000000000004,22.279999999999998,21.81,28.08,37.54,37.14,35.14,open_soil|open|none|deciduous,1.0,1.0,1.0,1.0,0.0,1.0,us-ga-valdosta,30.83,-83.28,nasa_power_climatology
0.0,781.0,784.0,-200.5,742.0,720.923076923077,841.076923076923,0.0,0.0,15.5,4216.16,123.0,123.0,123.0,123.0,52.88,45.4752714285714,25.41452781456953,2.1651030409706755,32.25852054794521,3319.0,1027.0,0.0,0.0,0.0,0.0,8.822903225806456,0.0,0.0,0.0,0.0,0.0,2.4516666666666667,34.73166666666666,37.24,0.6270180992635134,16.8775,-9.84,-7.22,-5.21,0.45,7.27,14.09,17.25,16.57,9.390000000000002,0.29,-6.58,-7.04,27.38,28.02,29.64,34.93,39.63,41.88,40.0,40.81,38.81000000000001,38.23,29.81,27.64,2.29,3.24,2.9,2.6,2.8,4.62,4.09,4.27,2.92,2.36,2.1,3.05,0.23590271238949984,0.24783908203122365,0.3104052635175454,0.5412443634645877,0.8992441455521365,1.0476372385228956,1.1516033361734563,1.0229632189509752,0.7966975040686752,0.6280012146970838,0.37957688146009705,0.26310223033398505,10.67,12.9,16.7,21.18,22.8,22.74,22.21,20.06,17.42,14.69,11.72,9.44,37.22,35.24,34.85,34.48,32.36,27.790000000000003,22.75,24.240000000000002,29.42000000000001,37.94,36.39,34.68,open_soil|open|none|deciduous,1.0,1.0,1.0,1.0,0.0,1.0,us-ga-statesboro,32.45,-81.78,nasa_power_climatology
0.0,770.0,773.0,-191.5,776.0,724.7058823529412,815.2941176470588,0.0,0.0,15.125,4040.9200000000005,123.0,123.0,123.0,123.0,51.74,46.61804285714288,25.188198675496693,2.1673495079184053,31.926383561643835,3385.0,1031.0,0.0,0.0,0.0,0.0,8.341612903225805,0.0,0.0,0.0,0.0,0.0,2.7558333333333334,34.7025,37.739999999999995,0.6345744303005653,16.852500000000003,-9.11,-7.35,-5.03,0.55,7.47,15.05,17.6,17.01,9.68,0.39,-6.25,-6.94,27.13,27.44,29.87,35.43,39.56,40.74,39.89,40.68,38.8,38.29,30.719999999999995,27.88,2.47,3.46,3.15,2.83,2.57,4.53,3.72,4.47,3.04,2.09,2.11,3.3,0.23355841724079787,0.23549538259320907,0.30913971643084326,0.5517700552519939,0.9207418574617253,1.0575623866152681,1.1620044129425897,1.0480633309541436,0.802503508991865,0.6434804180415756,0.39371692090279087,0.25685675617998077,10.63,12.75,16.62,20.93,22.83,22.780000000000005,22.21,20.11,17.74,14.75,11.63,9.25,36.239999999999995,34.79,34.9,34.88,32.09,25.69,22.29,23.669999999999998,29.119999999999997,37.9,36.97,34.82,open_soil|open|none|deciduous,1.0,1.0,1.0,1.0,0.0,1.0,us-ga-vidalia,32.22,-82.41,nasa_power_climatology
0.0,807.0,813.0,-185.5,763.0,759.5294117647059,854.4705882352941,0.0,0.0,15.5,3696.68,123.0,123.0,123.0,123.0,51.0,46.52768571428572,26.13902781456953,1.7999463788126273,31.441561643835623,3488.0,874.0,0.0,0.0,0.0,0.0,5.992,0.0,0.0,0.0,0.0,0.0,2.8341666666666665,34.29,39.95,0.5947383290385607,17.240000000000002,-8.41,-6.29,-5.03,0.72,7.44,14.85,17.2,16.74,9.67,0.15,-6.13,-6.9,27.28,27.330000000000002,29.19,34.81000000000001,38.65,40.0,39.55,39.87,38.14,38.06,30.7,27.9,2.66,3.75,3.41,3.18,2.45,4.68,4.13,4.54,3.33,2.03,2.23,3.56,0.23491059543060697,0.23838988294215815,0.2965187483145345,0.5246915715409457,0.8721721184176904,0.977402641978041,1.0368969740699814,0.9430415643942909,0.7444065367444338,0.6255052185616418,0.3898695196334734,0.25305457643493084,11.01,13.09,17.2,21.34,23.53,22.59,22.5,20.33,18.14,15.28,12.24,9.63,35.69,33.620000000000005,34.22,34.09000000000001,31.209999999999997,25.15,22.349999999999998,23.13,28.47,37.910000000000004,36.83,34.8,open_soil|open|none|deciduous,1.0,1.0,1.0,1.0,0.0,1.0,us-ga-alapaha,31.38,-83.22,nasa_power_climatology
0.0,811.0,816.0,-183.0,762.0,737.2727272727273,884.7272727272726,0.0,0.0,15.5,3696.68,123.0,123.0,123.0,123.0,51.0,45.11022857142857,26.021956291390726,1.9190401136660313,31.441561643835623,3488.0,874.0,0.0,0.0,0.0,0.0,9.007419354838708,0.0,0.0,0.0,0.0,0.0,2.8341666666666665,34.29,39.95,0.5947383290385607,17.013333333333332,-8.41,-6.29,-5.03,0.72,7.44,14.85,17.2,16.74,9.67,0.15,-6.13,-6.9,27.28,27.330000000000002,29.19,34.81000000000001,38.65,40.0,39.55,39.87,38.14,38.06,30.7,27.9,2.66,3.75,3.41,3.18,2.45,4.68,4.13,4.54,3.33,2.03,2.23,3.56,0.23491059543060697,0.23838988294215815,0.2965187483145345,0.5246915715409457,0.8721721184176904,0.977402641978041,1.0368969740699814,0.9430415643942909,0.7444065367444338,0.6255052185616418,0.3898695196334734,0.25305457643493084,10.94,13.1,17.15,21.030000000000005,23.14,22.31,22.16,19.98,17.67,14.98,12.07,9.63,35.69,33.620000000000005,34.22,34.09000000000001,31.209999999999997,25.15,22.349999999999998,23.13,28.47,37.910000000000004,36.83,34.8,open_soil|open|none|deciduous,1.0,1.0,1.0,1.0,0.0,1.0,us-ga-broxton,31.63,-82.89,nasa_power_climatology
0.0,849.0,852.0,-239.0,832.0,799.0588235294117,898.9411764705883,0.0,0.0,11.625,4443.679999999999,123.0,123.0,123.0,123.0,52.73,46.321671428571406,25.800013907284765,2.050236749144962,32.019041095890415,3459.0,1159.0,0.0,0.0,0.0,0.0,9.584193548387098,0.0,0.0,0.0,0.0,0.0,3.5416666666666674,35.583333333333336,38.940000000000005,0.6095904435842104,16.994999999999997,-7.55,-6.24,-3.94,1.47,8.29,14.93,17.34,18.17,11.21,0.56,-5.1,-6.64,28.18,28.91,31.7,36.08,41.73,41.73,40.44,40.25,40.05,37.29,31.75,28.89,2.2,2.93,2.83,2.67,2.84,5.27,4.22,5.16,3.67,2.7,1.78,2.67,0.2659998263933233,0.2720706888839139,0.3713290698599905,0.611236561038405,1.0044668716511709,0.9929619579268723,1.025719316862253,0.9078130610048474,0.7109985918036131,0.5203188731066855,0.37008556038908996,0.2620849440903596,10.74,12.99,17.26,21.42,23.24,22.27,22.37,20.16,17.34,14.79,11.85,9.51,35.73,35.15,35.64,34.61,33.44,26.799999999999997,23.099999999999998,22.08,28.839999999999996,36.73,36.85,35.53,open_soil|open|none|deciduous,1.0,1.0,1.0,1.0,0.0,1.0,us-ga-jesup,31.61,-81.88,nasa_power_climatology
0.0,809.0,815.0,-184.5,762.0,761.4117647058823,856.5882352941177,0.0,0.0,15.5,3696.68,123.0,123.0,123.0,123.0,51.0,45.80745714285716,26.021956291390726,1.7999463788126273,31.441561643835623,3486.0,874.0,0.0,0.0,0.0,0.0,5.992,0.0,0.0,0.0,0.0,0.0,2.8341666666666665,34.29,39.95,0.5947383290385607,17.013333333333332,-8.41,-6.29,-5.03,0.72,7.44,14.85,17.2,16.74,9.67,0.15,-6.13,-6.9,27.28,27.330000000000002,29.19,34.81000000000001,38.65,40.0,39.55,39.87,38.14,38.06,30.7,27.9,2.66,3.75,3.41,3.18,2.45,4.68,4.13,4.54,3.33,2.03,2.23,3.56,0.23491059543060697,0.23838988294215815,0.2965187483145345,0.5246915715409457,0.8721721184176904,0.977402641978041,1.0368969740699814,0.9430415643942909,0.7444065367444338,0.6255052185616418,0.3898695196334734,0.25305457643493084,10.94,13.1,17.15,21.030000000000005,23.14,22.31,22.16,19.98,17.67,14.98,12.07,9.63,35.69,33.620000000000005,34.22,34.09000000000001,31.209999999999997,25.15,22.349999999999998,23.13,28.47,37.910000000000004,36.83,34.8,open_soil|open|none|deciduous,1.0,1.0,1.0,1.0,0.0,1.0,us-ga-douglas-shb,31.48,-82.83,nasa_power_climatology
0.0,687.0,690.0,-186.0,637.0,624.5454545454545,874.3636363636364,6.625,0.0,20.25,4611.799999999999,123.0,123.0,123.0,123.0,53.39,32.07180659340659,23.87710728476821,0.9026417573411005,34.05624657534246,3004.0,1020.0,0.0,0.0,0.0,0.0,9.211397849462367,0.0,0.0,0.0,0.0,0.0,0.5308333333333337,34.596666666666664,46.019999999999996,0.4927581847840812,16.5275,-12.36,-9.59,-6.78,-1.96,5.11,12.08,14.88,12.43,8.81,-0.54,-6.78,-8.93,25.75,26.25,28.87,35.68999999999999,39.38,42.17,42.39,41.58,39.01,36.35,29.719999999999995,28.0,2.35,3.42,2.98,2.8,3.64,4.48,4.84,5.65,5.38,3.83,3.31,3.34,0.18826710533794636,0.21481603391808105,0.2729407008767623,0.47146582580255125,0.6977546745894947,0.9165686432610783,0.947152549853283,0.7393118495144333,0.5745731116587157,0.41628843398050125,0.27126488039271685,0.20269440822340973,9.68,12.38,16.38,20.85,22.81,23.26,22.59,20.15,16.88,14.06,10.73,8.56,38.11,35.84,35.65,37.64999999999999,34.27,30.090000000000003,27.509999999999998,29.15,30.199999999999996,36.89,36.49999999999999,36.93,open_soil|open|none|deciduous,1.0,1.0,1.0,1.0,0.0,1.0,us-nc-burgaw,34.55,-77.92,nasa_power_climatology
0.0,687.0,690.0,-186.0,637.0,634.1538461538462,739.8461538461538,6.625,0.0,20.25,4611.799999999999,123.0,123.0,123.0,123.0,53.39,45.02249999999998,23.972245033112586,1.981315846542666,34.05624657534246,3004.0,1020.0,0.0,0.0,0.0,0.0,10.013763440860211,0.0,0.0,0.0,0.0,0.0,0.5308333333333337,34.596666666666664,46.019999999999996,0.4927581847840812,16.245833333333334,-12.36,-9.59,-6.78,-1.96,5.11,12.08,14.88,12.43,8.81,-0.54,-6.78,-8.93,25.75,26.25,28.87,35.68999999999999,39.38,42.17,42.39,41.58,39.01,36.35,29.719999999999995,28.0,2.35,3.42,2.98,2.8,3.64,4.48,4.84,5.65,5.38,3.83,3.31,3.34,0.18826710533794636,0.21481603391808105,0.2729407008767623,0.47146582580255125,0.6977546745894947,0.9165686432610783,0.947152549853283,0.7393118495144333,0.5745731116587157,0.41628843398050125,0.27126488039271685,0.20269440822340973,9.94,12.290000000000001,16.06,20.34,21.88,22.66,22.03,19.51,16.75,13.83,10.88,8.78,38.11,35.84,35.65,37.64999999999999,34.27,30.090000000000003,27.509999999999998,29.15,30.199999999999996,36.89,36.49999999999999,36.93,open_soil|open|none|deciduous,1.0,1.0,1.0,1.0,0.0,1.0,us-nc-ivanhoe,34.58,-78.25,nasa_power_climatology
0.0,687.0,690.0,-185.5,637.0,624.5454545454545,874.3636363636364,6.625,0.0,20.25,4611.799999999999,123.0,123.0,123.0,123.0,53.39,31.592749450549437,23.972245033112586,0.9026417573411005,34.05624657534246,3003.0,1020.0,0.0,0.0,0.0,0.0,9.211397849462367,0.0,0.0,0.0,0.0,0.0,0.5308333333333337,34.596666666666664,46.019999999999996,0.4927581847840812,16.245833333333334,-12.36,-9.59,-6.78,-1.96,5.11,12.08,14.88,12.43,8.81,-0.54,-6.78,-8.93,25.75,26.25,28.87,35.68999999999999,39.38,42.17,42.39,41.58,39.01,36.35,29.719999999999995,28.0,2.35,3.42,2.98,2.8,3.64,4.48,4.84,5.65,5.38,3.83,3.31,3.34,0.18826710533794636,0.21481603391808105,0.2729407008767623,0.47146582580255125,0.6977546745894947,0.9165686432610783,0.947152549853283,0.7393118495144333,0.5745731116587157,0.41628843398050125,0.27126488039271685,0.20269440822340973,9.94,12.290000000000001,16.06,20.34,21.88,22.66,22.03,19.51,16.75,13.83,10.88,8.78,38.11,35.84,35.65,37.64999999999999,34.27,30.090000000000003,27.509999999999998,29.15,30.199999999999996,36.89,36.49999999999999,36.93,open_soil|open|none|deciduous,1.0,1.0,1.0,1.0,0.0,1.0,us-nc-atkinson,34.53,-78.17,nasa_power_climatology
0.0,712.0,714.0,-139.5,598.0,670.1176470588235,753.8823529411765,9.25,0.0,24.125,4080.7599999999998,123.0,123.0,123.0,92.0,52.65,46.20338571428572,23.972245033112586,1.9864640742438968,33.21397260273973,3052.0,918.0,0.0,0.0,0.0,0.0,9.030322580645164,0.0,0.0,0.0,0.0,0.0,0.3983333333333343,33.62833333333333,42.040000000000006,0.49526158650194113,16.245833333333334,-12.7,-9.679999999999998,-6.76,-2.9,5.07,11.32,15.4,12.7,8.59,-0.45,-6.61,-9.2,25.06,26.05,28.28,35.18,37.96,41.01,40.58,41.65,36.93,36.71,28.55,25.58,2.09,3.05,2.8,2.76,3.43,4.35,4.53,5.15,4.9,2.97,2.92,3.09,0.18330564397743007,0.21107990185300038,0.2678146770734286,0.4410402783295374,0.6732649027320458,0.9008647914225211,0.9633211567429255,0.7885016118562863,0.5811947845177206,0.45572161638328756,0.28337434501656944,0.19365532811854066,9.94,12.290000000000001,16.06,20.34,21.88,22.66,22.03,19.51,16.75,13.83,10.88,8.78,37.76,35.73,35.04,38.08,32.89,29.689999999999998,25.18,28.95,28.34,37.160000000000004,35.160000000000004,34.78,open_soil|open|none|deciduous,1.0,1.0,1.0,1.0,0.0,1.0,us-nc-white-lake,34.64,-78.49,nasa_power_climatology
0.0,712.0,714.0,-140.0,598.0,647.2727272727273,776.7272727272726,9.25,0.0,24.125,4080.7599999999998,123.0,123.0,123.0,92.0,52.65,45.02249999999998,23.972245033112586,1.9457412998045658,33.21397260273973,3052.0,918.0,0.0,0.0,0.0,0.0,9.423548387096773,0.0,0.0,0.0,0.0,0.0,0.3983333333333343,33.62833333333333,42.040000000000006,0.49526158650194113,16.245833333333334,-12.7,-9.679999999999998,-6.76,-2.9,5.07,11.32,15.4,12.7,8.59,-0.45,-6.61,-9.2,25.06,26.05,28.28,35.18,37.96,41.01,40.58,41.65,36.93,36.71,28.55,25.58,2.09,3.05,2.8,2.76,3.43,4.35,4.53,5.15,4.9,2.97,2.92,3.09,0.18330564397743007,0.21107990185300038,0.2678146770734286,0.4410402783295374,0.6732649027320458,0.9008647914225211,0.9633211567429255,0.7885016118562863,0.5811947845177206,0.45572161638328756,0.28337434501656944,0.19365532811854066,9.94,12.290000000000001,16.06,20.34,21.88,22.66,22.03,19.51,16.75,13.83,10.88,8.78,37.76,35.73,35.04,38.08,32.89,29.689999999999998,25.18,28.95,28.34,37.160000000000004,35.160000000000004,34.78,open_soil|open|none|deciduous,1.0,1.0,1.0,1.0,0.0,1.0,us-nc-elizabethtown,34.63,-78.61,nasa_power_climatology
0.0,712.0,714.0,-140.5,598.0,657.2307692307693,766.7692307692307,9.25,0.0,24.125,4080.7599999999998,123.0,123.0,123.0,92.0,52.65,45.02249999999998,23.972245033112586,1.9457412998045658,33.21397260273973,3054.0,918.0,0.0,0.0,0.0,0.0,9.423548387096773,0.0,0.0,0.0,0.0,0.0,0.3983333333333343,33.62833333333333,42.040000000000006,0.49526158650194113,16.245833333333334,-12.7,-9.679999999999998,-6.76,-2.9,5.07,11.32,15.4,12.7,8.59,-0.45,-6.61,-9.2,25.06,26.05,28.28,35.18,37.96,41.01,40.58,41.65,36.93,36.71,28.55,25.58,2.09,3.05,2.8,2.76,3.43,4.35,4.53,5.15,4.9,2.97,2.92,3.09,0.18330564397743007,0.21107990185300038,0.2678146770734286,0.4410402783295374,0.6732649027320458,0.9008647914225211,0.9633211567429255,0.7885016118562863,0.5811947845177206,0.45572161638328756,0.28337434501656944,0.19365532811854066,9.94,12.290000000000001,16.06,20.34,21.88,22.66,22.03,19.51,16.75,13.83,10.88,8.78,37.76,35.73,35.04,38.08,32.89,29.689999999999998,25.18,28.95,28.34,37.160000000000004,35.160000000000004,34.78,open_soil|open|none|deciduous,1.0,1.0,1.0,1.0,0.0,1.0,us-nc-bladenboro,34.54,-78.79,nasa_power_climatology
0.0,712.0,714.0,-140.0,599.0,647.2727272727273,906.1818181818181,9.25,0.0,24.125,4080.7599999999998,123.0,123.0,123.0,92.0,52.65,31.592749450549437,23.972245033112586,0.8705565010637034,33.21397260273973,3055.0,918.0,0.0,0.0,0.0,0.0,8.548193548387099,0.0,0.0,0.0,0.0,0.0,0.3983333333333343,33.62833333333333,42.040000000000006,0.49526158650194113,16.245833333333334,-12.7,-9.679999999999998,-6.76,-2.9,5.07,11.32,15.4,12.7,8.59,-0.45,-6.61,-9.2,25.06,26.05,28.28,35.18,37.96,41.01,40.58,41.65,36.93,36.71,28.55,25.58,2.09,3.05,2.8,2.76,3.43,4.35,4.53,5.15,4.9,2.97,2.92,3.09,0.18330564397743007,0.21107990185300038,0.2678146770734286,0.4410402783295374,0.6732649027320458,0.9008647914225211,0.9633211567429255,0.7885016118562863,0.5811947845177206,0.45572161638328756,0.28337434501656944,0.19365532811854066,9.94,12.290000000000001,16.06,20.34,21.88,22.66,22.03,19.51,16.75,13.83,10.88,8.78,37.76,35.73,35.04,38.08,32.89,29.689999999999998,25.18,28.95,28.34,37.160000000000004,35.160000000000004,34.78,open_soil|open|none|deciduous,1.0,1.0,1.0,1.0,0.0,1.0,us-nc-clarkton,34.49,-78.66,nasa_power_climatology
7.014002238349286,625.0,627.0,-172.0,570.0,588.2352941176471,661.7647058823529,14.375,0.0,34.625,3620.04,123.0,123.0,123.0,92.0,51.93,46.20338571428572,23.972245033112586,1.7793883178136807,33.89561643835617,3007.0,779.0,0.0,0.0,0.0,0.0,9.181290322580645,0.0,0.0,0.0,0.0,0.0,-0.8616666666666669,33.06583333333333,42.830000000000005,0.44845066172524883,16.245833333333334,-16.06,-13.75,-8.41,-4.07,3.74,10.66,15.1,12.48,7.74,-1.3,-6.75,-9.72,24.24,25.24,28.4,32.99,37.19,39.63,39.69,40.93,37.9,35.85,29.219999999999995,25.51,2.31,3.05,2.91,2.88,3.58,4.36,4.66,5.14,4.85,2.66,2.99,3.44,0.14690767935982632,0.16785173748482093,0.2404772896707902,0.36578866647175984,0.5724924034146958,0.7959345259556571,0.9023483366176154,0.7600389712615452,0.5569107609801759,0.41742108175525944,0.27427238719231656,0.18096410053852394,9.94,12.290000000000001,16.06,20.34,21.88,22.66,22.03,19.51,16.75,13.83,10.88,8.78,40.3,38.989999999999995,36.81,37.06,33.449999999999996,28.970000000000002,24.589999999999996,28.45,30.159999999999997,37.15,35.97,35.230000000000004,open_soil|open|none|deciduous,1.0,1.0,1.0,1.0,0.0,1.0,us-nc-garland,34.79,-78.43,nasa_power_climatology
7.014853507344259,625.0,629.0,-171.5,569.0,576.9230769230769,673.0769230769231,14.375,0.0,34.625,3620.04,123.0,123.0,123.0,92.0,51.93,45.73287142857144,23.108739735099338,1.774799551368492,33.89561643835617,3006.0,779.0,0.0,0.0,0.0,0.0,9.55634408602151,0.0,0.0,0.0,0.0,0.0,-0.8616666666666669,33.06583333333333,42.830000000000005,0.44845066172524883,16.08583333333333,-16.06,-13.75,-8.41,-4.07,3.74,10.66,15.1,12.48,7.74,-1.3,-6.75,-9.72,24.24,25.24,28.4,32.99,37.19,39.63,39.69,40.93,37.9,35.85,29.219999999999995,25.51,2.31,3.05,2.91,2.88,3.58,4.36,4.66,5.14,4.85,2.66,2.99,3.44,0.14690767935982632,0.16785173748482093,0.2404772896707902,0.36578866647175984,0.5724924034146958,0.7959345259556571,0.9023483366176154,0.7600389712615452,0.5569107609801759,0.41742108175525944,0.27427238719231656,0.18096410053852394,9.53,11.94,15.65,19.969999999999995,21.84,23.06,22.33,19.87,16.73,13.36,10.44,8.31,40.3,38.989999999999995,36.81,37.06,33.449999999999996,28.970000000000002,24.589999999999996,28.45,30.159999999999997,37.15,35.97,35.230000000000004,open_soil|open|none|deciduous,1.0,1.0,1.0,1.0,0.0,1.0,us-nc-clinton,35.0,-78.32,nasa_power_climatology
7.015542129822465,624.0,627.0,-172.5,570.0,567.2727272727273,794.1818181818181,14.375,0.0,34.625,3620.04,123.0,123.0,123.0,92.0,51.93,31.592749450549437,23.972245033112586,0.7684804187412275,33.89561643835617,3007.0,779.0,0.0,0.0,0.0,0.0,8.81716129032258,0.0,0.0,0.0,0.0,0.0,-0.8616666666666669,33.06583333333333,42.830000000000005,0.44845066172524883,16.245833333333334,-16.06,-13.75,-8.41,-4.07,3.74,10.66,15.1,12.48,7.74,-1.3,-6.75,-9.72,24.24,25.24,28.4,32.99,37.19,39.63,39.69,40.93,37.9,35.85,29.219999999999995,25.51,2.31,3.05,2.91,2.88,3.58,4.36,4.66,5.14,4.85,2.66,2.99,3.44,0.14690767935982632,0.16785173748482093,0.2404772896707902,0.36578866647175984,0.5724924034146958,0.7959345259556571,0.9023483366176154,0.7600389712615452,0.5569107609801759,0.41742108175525944,0.27427238719231656,0.18096410053852394,9.94,12.290000000000001,16.06,20.34,21.88,22.66,22.03,19.51,16.75,13.83,10.88,8.78,40.3,38.989999999999995,36.81,37.06,33.449999999999996,28.970000000000002,24.589999999999996,28.45,30.159999999999997,37.15,35.97,35.230000000000004,open_soil|open|none|deciduous,1.0,1.0,1.0,1.0,0.0,1.0,us-nc-magnolia,34.9,-78.05,nasa_power_climatology
7.014423164842581,624.0,626.0,-172.0,570.0,587.2941176470588,660.7058823529412,14.375,0.0,34.625,3620.04,123.0,123.0,123.0,92.0,51.93,46.20338571428572,23.972245033112586,1.7793883178136807,33.89561643835617,3007.0,779.0,0.0,0.0,0.0,0.0,9.181290322580645,0.0,0.0,0.0,0.0,0.0,-0.8616666666666669,33.06583333333333,42.830000000000005,0.44845066172524883,16.245833333333334,-16.06,-13.75,-8.41,-4.07,3.74,10.66,15.1,12.48,7.74,-1.3,-6.75,-9.72,24.24,25.24,28.4,32.99,37.19,39.63,39.69,40.93,37.9,35.85,29.219999999999995,25.51,2.31,3.05,2.91,2.88,3.58,4.36,4.66,5.14,4.85,2.66,2.99,3.44,0.14690767935982632,0.16785173748482093,0.2404772896707902,0.36578866647175984,0.5724924034146958,0.7959345259556571,0.9023483366176154,0.7600389712615452,0.5569107609801759,0.41742108175525944,0.27427238719231656,0.18096410053852394,9.94,12.290000000000001,16.06,20.34,21.88,22.66,22.03,19.51,16.75,13.83,10.88,8.78,40.3,38.989999999999995,36.81,37.06,33.449999999999996,28.970000000000002,24.589999999999996,28.45,30.159999999999997,37.15,35.97,35.230000000000004,open_soil|open|none|deciduous,1.0,1.0,1.0,1.0,0.0,1.0,us-nc-rose-hill,34.82,-78.02,nasa_power_climatology
0.0,687.0,690.0,-182.5,637.0,624.5454545454545,874.3636363636364,6.625,0.0,20.25,4611.799999999999,123.0,123.0,123.0,123.0,53.39,32.07180659340659,23.87710728476821,0.9026417573411005,34.05624657534246,3001.0,1023.0,0.0,0.0,0.0,0.0,9.211397849462367,0.0,0.0,0.0,0.0,0.0,0.5308333333333337,34.596666666666664,46.019999999999996,0.4927581847840812,16.5275,-12.36,-9.59,-6.78,-1.96,5.11,12.08,14.88,12.43,8.81,-0.54,-6.78,-8.93,25.75,26.25,28.87,35.68999999999999,39.38,42.17,42.39,41.58,39.01,36.35,29.719999999999995,28.0,2.35,3.42,2.98,2.8,3.64,4.48,4.84,5.65,5.38,3.83,3.31,3.34,0.18826710533794636,0.21481603391808105,0.2729407008767623,0.47146582580255125,0.6977546745894947,0.9165686432610783,0.947152549853283,0.7393118495144333,0.5745731116587157,0.41628843398050125,0.27126488039271685,0.20269440822340973,9.68,12.38,16.38,20.85,22.81,23.26,22.59,20.15,16.88,14.06,10.73,8.56,38.11,35.84,35.65,37.64999999999999,34.27,30.090000000000003,27.509999999999998,29.15,30.199999999999996,36.89,36.49999999999999,36.93,open_soil|open|none|deciduous,1.0,1.0,1.0,1.0,0.0,1.0,us-nc-wallace,34.74,-77.99,nasa_power_climatology
7.014302131762935,624.0,628.0,-172.0,569.0,567.2727272727273,680.7272727272726,14.375,0.0,34.625,3620.04,123.0,123.0,123.0,92.0,51.93,46.239528571428586,23.87710728476821,1.774799551368492,33.89561643835617,3006.0,779.0,0.0,0.0,0.0,0.0,9.55634408602151,0.0,0.0,0.0,0.0,0.0,-0.8616666666666669,33.06583333333333,42.830000000000005,0.44845066172524883,16.5275,-16.06,-13.75,-8.41,-4.07,3.74,10.66,15.1,12.48,7.74,-1.3,-6.75,-9.72,24.24,25.24,28.4,32.99,37.19,39.63,39.69,40.93,37.9,35.85,29.219999999999995,25.51,2.31,3.05,2.91,2.88,3.58,4.36,4.66,5.14,4.85,2.66,2.99,3.44,0.14690767935982632,0.16785173748482093,0.2404772896707902,0.36578866647175984,0.5724924034146958,0.7959345259556571,0.9023483366176154,0.7600389712615452,0.5569107609801759,0.41742108175525944,0.27427238719231656,0.18096410053852394,9.68,12.38,16.38,20.85,22.81,23.26,22.59,20.15,16.88,14.06,10.73,8.56,40.3,38.989999999999995,36.81,37.06,33.449999999999996,28.970000000000002,24.589999999999996,28.45,30.159999999999997,37.15,35.97,35.230000000000004,open_soil|open|none|deciduous,1.0,1.0,1.0,1.0,0.0,1.0,us-nc-kenansville,34.96,-77.96,nasa_power_climatology
7.014853507344259,625.0,629.0,-171.5,569.0,576.9230769230769,673.0769230769231,14.375,0.0,34.625,3620.04,123.0,123.0,123.0,92.0,51.93,45.73287142857144,23.108739735099338,1.774799551368492,33.89561643835617,3006.0,779.0,0.0,0.0,0.0,0.0,9.55634408602151,0.0,0.0,0.0,0.0,0.0,-0.8616666666666669,33.06583333333333,42.830000000000005,0.44845066172524883,16.08583333333333,-16.06,-13.75,-8.41,-4.07,3.74,10.66,15.1,12.48,7.74,-1.3,-6.75,-9.72,24.24,25.24,28.4,32.99,37.19,39.63,39.69,40.93,37.9,35.85,29.219999999999995,25.51,2.31,3.05,2.91,2.88,3.58,4.36,4.66,5.14,4.85,2.66,2.99,3.44,0.14690767935982632,0.16785173748482093,0.2404772896707902,0.36578866647175984,0.5724924034146958,0.7959345259556571,0.9023483366176154,0.7600389712615452,0.5569107609801759,0.41742108175525944,0.27427238719231656,0.18096410053852394,9.53,11.94,15.65,19.969999999999995,21.84,23.06,22.33,19.87,16.73,13.36,10.44,8.31,40.3,38.989999999999995,36.81,37.06,33.449999999999996,28.970000000000002,24.589999999999996,28.45,30.159999999999997,37.15,35.97,35.230000000000004,open_soil|open|none|deciduous,1.0,1.0,1.0,1.0,0.0,1.0,us-nc-warsaw,35.0,-78.09,nasa_power_climatology
7.016527070901373,626.0,629.0,-167.0,568.0,547.75,704.25,14.375,0.0,34.625,3620.04,123.0,123.0,123.0,92.0,51.93,40.721499999999985,23.108739735099338,1.1669181560269872,33.89561643835617,3006.0,778.0,0.0,0.0,0.0,0.0,6.409999999999998,0.0,0.0,0.0,0.0,0.0,-0.8616666666666669,33.06583333333333,42.830000000000005,0.44845066172524883,16.08583333333333,-16.06,-13.75,-8.41,-4.07,3.74,10.66,15.1,12.48,7.74,-1.3,-6.75,-9.72,24.24,25.24,28.4,32.99,37.19,39.63,39.69,40.93,37.9,35.85,29.219999999999995,25.51,2.31,3.05,2.91,2.88,3.58,4.36,4.66,5.14,4.85,2.66,2.99,3.44,0.14690767935982632,0.16785173748482093,0.2404772896707902,0.36578866647175984,0.5724924034146958,0.7959345259556571,0.9023483366176154,0.7600389712615452,0.5569107609801759,0.41742108175525944,0.27427238719231656,0.18096410053852394,9.53,11.94,15.65,19.969999999999995,21.84,23.06,22.33,19.87,16.73,13.36,10.44,8.31,40.3,38.989999999999995,36.81,37.06,33.449999999999996,28.970000000000002,24.589999999999996,28.45,30.159999999999997,37.15,35.97,35.230000000000004,open_soil|open|none|deciduous,1.0,1.0,1.0,1.0,0.0,1.0,us-nc-faison,35.12,-78.14,nasa_power_climatology
0.0,687.0,690.0,-186.5,637.0,624.5454545454545,874.3636363636364,6.625,0.0,20.25,4611.799999999999,123.0,123.0,123.0,123.0,53.39,31.592749450549437,23.972245033112586,0.9026417573411005,34.05624657534246,3003.0,1020.0,0.0,0.0,0.0,0.0,9.211397849462367,0.0,0.0,0.0,0.0,0.0,0.5308333333333337,34.596666666666664,46.019999999999996,0.4927581847840812,16.245833333333334,-12.36,-9.59,-6.78,-1.96,5.11,12.08,14.88,12.43,8.81,-0.54,-6.78,-8.93,25.75,26.25,28.87,35.68999999999999,39.38,42.17,42.39,41.58,39.01,36.35,29.719999999999995,28.0,2.35,3.42,2.98,2.8,3.64,4.48,4.84,5.65,5.38,3.83,3.31,3.34,0.18826710533794636,0.21481603391808105,0.2729407008767623,0.47146582580255125,0.6977546745894947,0.9165686432610783,0.947152549853283,0.7393118495144333,0.5745731116587157,0.41628843398050125,0.27126488039271685,0.20269440822340973,9.94,12.290000000000001,16.06,20.34,21.88,22.66,22.03,19.51,16.75,13.83,10.88,8.78,38.11,35.84,35.65,37.64999999999999,34.27,30.090000000000003,27.509999999999998,29.15,30.199999999999996,36.89,36.49999999999999,36.93,open_soil|open|none|deciduous,1.0,1.0,1.0,1.0,0.0,1.0,us-nc-burgundy,34.52,-78.28,nasa_power_climatology
0.0,711.0,713.0,-140.5,599.0,669.1764705882352,752.8235294117648,9.25,0.0,24.125,4080.7599999999998,123.0,123.0,123.0,92.0,52.65,46.20338571428572,23.972245033112586,1.9864640742438968,33.21397260273973,3057.0,919.0,0.0,0.0,0.0,0.0,9.030322580645164,0.0,0.0,0.0,0.0,0.0,0.3983333333333343,33.62833333333333,42.040000000000006,0.49526158650194113,16.245833333333334,-12.7,-9.679999999999998,-6.76,-2.9,5.07,11.32,15.4,12.7,8.59,-0.45,-6.61,-9.2,25.06,26.05,28.28,35.18,37.96,41.01,40.58,41.65,36.93,36.71,28.55,25.58,2.09,3.05,2.8,2.76,3.43,4.35,4.53,5.15,4.9,2.97,2.92,3.09,0.18330564397743007,0.21107990185300038,0.2678146770734286,0.4410402783295374,0.6732649027320458,0.9008647914225211,0.9633211567429255,0.7885016118562863,0.5811947845177206,0.45572161638328756,0.28337434501656944,0.19365532811854066,9.94,12.290000000000001,16.06,20.34,21.88,22.66,22.03,19.51,16.75,13.83,10.88,8.78,37.76,35.73,35.04,38.08,32.89,29.689999999999998,25.18,28.95,28.34,37.160000000000004,35.160000000000004,34.78,open_soil|open|none|deciduous,1.0,1.0,1.0,1.0,0.0,1.0,us-nc-whiteville,34.34,-78.7,nasa_power_climatology
22.30160347640333,884.0,886.0,1.0,562.0,884.0,1031.3333333333335,0.0,0.0,12.5,2735.7200000000007,123.0,123.0,123.0,0.0,47.544,46.13438571428573,23.972245033112586,1.5249316962764756,29.010191780821916,3518.0,483.0,0.0,0.0,0.0,0.0,8.814193548387099,0.0,0.0,0.0,0.0,0.0,2.7558333333333334,31.779166666666672,43.99,0.4615703560402264,16.245833333333334,-9.81,-7.26,-4.7,0.23,6.86,13.92,17.32,15.0,10.42,2.41,-3.87,-7.45,23.9,24.44,27.43,33.66,37.02,37.51,37.63,38.08,35.03,34.22,27.36,25.07,2.07,3.13,2.9,2.69,3.4,4.44,4.96,5.62,5.3,3.42,2.95,3.11,0.18631928073813725,0.21160451330211888,0.2703259121431536,0.43331320795193523,0.6411831465988533,0.7919312641584457,0.8347275595757669,0.6937021741123373,0.5495697923605709,0.4471497723557416,0.28327818851242126,0.1957394606732353,9.94,12.290000000000001,16.06,20.34,21.88,22.66,22.03,19.51,16.75,13.83,10.88,8.78,33.71,31.700000000000003,32.13,33.43,30.160000000000004,23.589999999999996,20.310000000000002,23.08,24.61,31.81,31.23,32.52,open_soil|open|none|deciduous,1.0,1.0,1.0,1.0,0.0,1.0,us-nc-tabor,34.15,-78.88,nasa_power_climatology
22.37431384228404,884.0,886.0,1.0,563.0,832.0,936.0,0.0,0.0,12.5,2735.7200000000007,123.0,123.0,123.0,0.0,47.544,46.20338571428572,23.972245033112586,1.5137279966086201,29.010191780821916,3519.0,483.0,0.0,0.0,0.0,0.0,9.518709677419356,0.0,0.0,0.0,0.0,0.0,2.7558333333333334,31.779166666666672,43.99,0.4615703560402264,16.245833333333334,-9.81,-7.26,-4.7,0.23,6.86,13.92,17.32,15.0,10.42,2.41,-3.87,-7.45,23.9,24.44,27.43,33.66,37.02,37.51,37.63,38.08,35.03,34.22,27.36,25.07,2.07,3.13,2.9,2.69,3.4,4.44,4.96,5.62,5.3,3.42,2.95,3.11,0.18631928073813725,0.21160451330211888,0.2703259121431536,0.43331320795193523,0.6411831465988533,0.7919312641584457,0.8347275595757669,0.6937021741123373,0.5495697923605709,0.4471497723557416,0.28327818851242126,0.1957394606732353,9.94,12.290000000000001,16.06,20.34,21.88,22.66,22.03,19.51,16.75,13.83,10.88,8.78,33.71,31.700000000000003,32.13,33.43,30.160000000000004,23.589999999999996,20.310000000000002,23.08,24.61,31.81,31.23,32.52,open_soil|open|none|deciduous,1.0,1.0,1.0,1.0,0.0,1.0,us-sc-loris,34.06,-78.89,nasa_power_climatology
20.54589917732557,881.0,884.0,0.0,563.0,813.2307692307693,948.7692307692307,0.0,0.0,12.5,2735.7200000000007,123.0,123.0,123.0,0.0,47.544,45.72564285714287,24.42435496688741,1.4715764004749654,29.010191780821916,3520.0,484.0,0.0,0.0,0.0,0.0,10.095483870967746,0.0,0.0,0.0,0.0,0.0,2.7558333333333334,31.779166666666672,43.99,0.4615703560402264,16.611666666666668,-9.81,-7.26,-4.7,0.23,6.86,13.92,17.32,15.0,10.42,2.41,-3.87,-7.45,23.9,24.44,27.43,33.66,37.02,37.51,37.63,38.08,35.03,34.22,27.36,25.07,2.07,3.13,2.9,2.69,3.4,4.44,4.96,5.62,5.3,3.42,2.95,3.11,0.18631928073813725,0.21160451330211888,0.2703259121431536,0.43331320795193523,0.6411831465988533,0.7919312641584457,0.8347275595757669,0.6937021741123373,0.5495697923605709,0.4471497723557416,0.28327818851242126,0.1957394606732353,10.04,12.36,16.38,21.030000000000005,22.55,22.95,22.39,19.88,17.18,14.33,11.17,9.08,33.71,31.700000000000003,32.13,33.43,30.160000000000004,23.589999999999996,20.310000000000002,23.08,24.61,31.81,31.23,32.52,open_soil|open|none|deciduous,1.0,1.0,1.0,1.0,0.0,1.0,us-sc-conway,33.84,-79.05,nasa_power_climatology
0.0,752.0,754.0,-187.5,678.0,683.6363636363636,820.3636363636363,7.25,0.0,19.625,3989.7999999999993,123.0,123.0,123.0,123.0,52.13,45.72564285714287,24.42435496688741,1.881289832900757,32.663780821917804,3223.0,848.0,0.0,0.0,0.0,0.0,9.51924731182796,0.0,0.0,0.0,0.0,0.0,1.117499999999999,33.79,41.459999999999994,0.5088287711492835,16.611666666666668,-11.68,-8.13,-6.29,-2.01,5.88,12.18,15.79,13.36,9.24,0.28,-6.16,-9.05,26.19,26.78,29.03,35.34,38.69,40.81000000000001,39.83,41.13,35.99,37.06,28.27,26.36,2.0,3.04,2.76,2.69,3.34,4.33,4.67,5.07,4.47,3.23,2.77,3.09,0.19310025507917328,0.22390601068239638,0.28037110247648883,0.4655170679857332,0.7277016386191459,0.9168356103922769,0.9420551714746235,0.7939114000037838,0.5933991852653016,0.47937500674980144,0.2894593775372426,0.2003134275254339,10.04,12.36,16.38,21.030000000000005,22.55,22.95,22.39,19.88,17.18,14.33,11.17,9.08,37.870000000000005,34.910000000000004,35.32,37.35,32.809999999999995,28.63000000000001,24.04,27.770000000000003,26.75,36.78,34.43,35.41,open_soil|open|none|deciduous,1.0,1.0,1.0,1.0,0.0,1.0,us-sc-hemingway,33.75,-79.45,nasa_power_climatology
0.0,752.0,755.0,-187.0,677.0,707.7647058823529,796.2352941176471,7.25,0.0,19.75,3989.7999999999993,123.0,123.0,123.0,123.0,52.13,46.920328571428556,24.42435496688741,1.9372439161333042,32.663780821917804,3223.0,848.0,0.0,0.0,0.0,0.0,9.129677419354836,0.0,0.0,0.0,0.0,0.0,1.117499999999999,33.79,41.459999999999994,0.5088287711492835,16.611666666666668,-11.68,-8.13,-6.29,-2.01,5.88,12.18,15.79,13.36,9.24,0.28,-6.16,-9.05,26.19,26.78,29.03,35.34,38.69,40.81000000000001,39.83,41.13,35.99,37.06,28.27,26.36,2.0,3.04,2.76,2.69,3.34,4.33,4.67,5.07,4.47,3.23,2.77,3.09,0.19310025507917328,0.22390601068239638,0.28037110247648883,0.4655170679857332,0.7277016386191459,0.9168356103922769,0.9420551714746235,0.7939114000037838,0.5933991852653016,0.47937500674980144,0.2894593775372426,0.2003134275254339,10.04,12.36,16.38,21.030000000000005,22.55,22.95,22.39,19.88,17.18,14.33,11.17,9.08,37.870000000000005,34.910000000000004,35.32,37.35,32.809999999999995,28.63000000000001,24.04,27.770000000000003,26.75,36.78,34.43,35.41,open_soil|open|none|deciduous,1.0,1.0,1.0,1.0,0.0,1.0,us-sc-johnsonville,33.82,-79.45,nasa_power_climatology
0.0,707.0,708.0,-212.0,684.0,652.6153846153846,761.3846153846154,8.75,0.0,22.75,4183.119999999999,123.0,123.0,123.0,123.0,52.57,45.72564285714287,24.42435496688741,2.130338653431597,33.34745205479452,3143.0,948.0,0.0,0.0,0.0,0.0,8.712365591397846,0.0,0.0,0.0,0.0,0.0,0.8350000000000003,34.186666666666675,38.870000000000005,0.5548846062906011,16.611666666666668,-11.87,-8.06,-6.43,-2.39,5.74,11.73,15.6,13.39,9.03,0.01,-6.34,-10.39,26.52,26.830000000000002,29.14,34.68,38.37,41.46,40.64,41.57,37.17,38.36,29.05,26.45,2.15,3.06,2.73,2.65,3.27,4.1,4.33,4.26,3.68,2.95,2.52,3.17,0.20335082187033526,0.23093977096120397,0.2853341587423375,0.4562295990526098,0.7337665625199129,0.9706417465031528,1.059327121605065,0.9127115654842526,0.7074667428444928,0.555053907491583,0.33385306185396435,0.2099402165583041,10.04,12.36,16.38,21.030000000000005,22.55,22.95,22.39,19.88,17.18,14.33,11.17,9.08,38.39,34.89,35.57,37.07,32.629999999999995,29.73,25.04,28.18,28.14,38.35,35.39,36.84,open_soil|open|none|deciduous,1.0,1.0,1.0,1.0,0.0,1.0,us-sc-lake-city,33.87,-79.75,nasa_power_climatology
0.0,858.0,860.0,-84.5,759.0,858.0,1001.0000000000001,0.0,0.0,8.75,3288.2799999999997,123.0,123.0,123.0,123.0,49.28999999999999,47.00181428571428,24.711687417218542,1.723209113793854,29.48531506849315,3711.0,739.0,0.0,0.0,0.0,0.0,8.703870967741935,0.0,0.0,0.0,0.0,0.0,3.733333333333334,33.233333333333334,40.900000000000006,0.5200144455347756,16.704166666666666,-7.72,-6.0200000000000005,-3.65,1.71,8.45,15.15,17.43,16.91,11.67,1.51,-3.61,-7.03,25.64,26.37,29.38,34.31000000000001,39.05,38.87,38.38,38.44,36.38,35.57,30.05,26.36,1.98,2.99,2.71,2.72,2.98,4.68,4.74,5.5,3.96,3.38,2.31,2.95,0.22853438473967083,0.24799045819949206,0.3248294906190589,0.5140500150206603,0.7848289433435407,0.8704535049744567,0.8912760023484311,0.769244052836753,0.6048517420017231,0.4596910679567475,0.32410123751799785,0.22032244685877642,10.29,12.56,16.35,20.95,22.43,23.01,22.43,20.05,17.4,14.45,11.31,9.22,33.36,32.39,33.03,32.60000000000001,30.599999999999998,23.72,20.950000000000003,21.529999999999998,24.71,34.06,33.660000000000004,33.39,open_soil|open|none|deciduous,1.0,1.0,1.0,1.0,0.0,1.0,us-sc-moncks,33.2,-80.01,nasa_power_climatology
25.547655049401204,1288.0,1288.0,289.5,613.0,1212.235294117647,1363.764705882353,0.0,0.0,0.0,2072.200000000001,123.0,123.0,123.0,0.0,45.312000000000005,46.6913142857143,26.96291523178808,1.4072530227709155,23.593726027397263,4132.0,399.0,0.0,0.0,0.0,0.0,11.69677419354839,0.0,0.0,0.0,0.0,0.0,7.288333333333334,30.88583333333334,52.230000000000004,0.5202686485114452,17.635,-4.9,-1.24,-0.36,6.29,10.26,19.35,21.26,17.99,13.77,6.59,0.14,-1.69,22.87,24.28,27.42,29.11,35.31,36.61,36.1,36.84,34.78,34.34,29.05,23.92,3.28,4.11,3.8999999999999995,4.27,3.81,5.77,5.81,5.97,4.74,3.26,2.83,4.48,0.20563874469982438,0.23765125245298724,0.2835854452149318,0.40406255584009587,0.63947919670344,0.9008416498313346,0.8945744725805128,0.8095205555658127,0.6910373019028129,0.5785085068553715,0.3674985340797309,0.2308255664104876,11.13,13.320000000000002,18.03,21.76,24.25,23.1,21.76,20.26,18.99,16.35,12.83,9.84,27.770000000000003,25.52,27.78,22.82,25.050000000000004,17.259999999999998,14.84,18.850000000000005,21.01,27.750000000000004,28.91,25.610000000000003,open_soil|open|none|deciduous,1.0,1.0,1.0,1.0,0.0,1.0,us-al-fairhope,30.52,-87.9,nasa_power_climatology
23.98549514676269,1191.0,1192.0,142.5,717.0,1020.8571428571428,1361.142857142857,0.0,0.0,0.0,2574.080000000001,123.0,123.0,123.0,0.0,47.83200000000001,32.82769780219782,26.96291523178808,1.1704603534868336,25.894684931506852,4009.0,569.0,0.0,0.0,0.0,0.0,10.904559139784947,0.0,0.0,0.0,0.0,0.0,6.089999999999999,31.99083333333333,50.92000000000001,0.4956721793999399,17.635,-5.62,-2.4199999999999995,-0.83,5.2,9.44,17.82,19.37,16.74,12.12,4.63,-0.72,-2.65,24.02,25.01,28.28,31.15,35.43,38.24,37.35,37.94,36.24,35.35,30.05,24.83,3.16,4.14,3.71,4.17,3.38,5.66,5.65,5.72,4.78,3.28,2.88,4.39,0.200266671378183,0.22730756330486154,0.28218267833425725,0.40880603180853603,0.6168137540738823,0.8648452956411106,0.8244723308487009,0.7452373545570772,0.6476013290969662,0.5479876199806788,0.3608187881263694,0.22172673564865605,11.13,13.320000000000002,18.03,21.76,24.25,23.1,21.76,20.26,18.99,16.35,12.83,9.84,29.64,27.43,29.11,25.95,25.990000000000002,20.42,17.98,21.2,24.120000000000005,30.720000000000002,30.77,27.479999999999997,open_soil|open|none|deciduous,1.0,1.0,1.0,1.0,0.0,1.0,us-al-foley,30.41,-87.68,nasa_power_climatology
0.0,767.0,768.0,-220.5,747.0,708.0,826.0,0.0,0.0,15.5,4066.64,123.0,123.0,123.0,92.0,53.03,44.209614285714274,25.87746754966887,1.666399253795387,32.93073972602739,3182.0,1041.0,0.0,0.0,0.0,0.0,10.9594623655914,0.0,0.0,0.0,0.0,0.0,1.7058333333333338,34.649166666666666,51.14,0.4580227852564973,17.048333333333336,-10.65,-6.24,-5.62,0.53,4.94,13.32,16.87,12.75,7.0,0.14,-6.59,-5.98,25.4,27.81,30.15,36.07,37.53,40.51,41.0,42.03,39.78,37.96,30.95,26.6,3.6,4.46,4.23,4.21,3.91,5.39,5.33,5.26,4.04,3.21,2.82,4.68,0.16693917026942898,0.2083454302722415,0.2540524794021572,0.4147599307313665,0.546258063061022,0.7946622657456063,0.8460189891518863,0.7372069187609508,0.5905239481000676,0.4785442172472071,0.2749180389119206,0.1840439714241125,10.72,12.74,16.96,20.69,22.89,22.46,21.09,20.21,18.68,16.03,12.53,9.58,36.05,34.05,35.769999999999996,35.54,32.59,27.189999999999998,24.13,29.28,32.78,37.82,37.54,32.58,open_soil|open|none|deciduous,1.0,1.0,1.0,1.0,0.0,1.0,us-ms-poplarville,30.84,-89.53,nasa_power_climatology
0.0,767.0,768.0,-220.5,747.0,721.8823529411765,812.1176470588235,0.0,0.0,15.5,4066.64,123.0,123.0,123.0,92.0,53.03,45.243300000000005,25.87746754966887,1.6561658436699631,32.93073972602739,3182.0,1041.0,0.0,0.0,0.0,0.0,10.880645161290321,0.0,0.0,0.0,0.0,0.0,1.7058333333333338,34.649166666666666,51.14,0.4580227852564973,17.048333333333336,-10.65,-6.24,-5.62,0.53,4.94,13.32,16.87,12.75,7.0,0.14,-6.59,-5.98,25.4,27.81,30.15,36.07,37.53,40.51,41.0,42.03,39.78,37.96,30.95,26.6,3.6,4.46,4.23,4.21,3.91,5.39,5.33,5.26,4.04,3.21,2.82,4.68,0.16693917026942898,0.2083454302722415,0.2540524794021572,0.4147599307313665,0.546258063061022,0.7946622657456063,0.8460189891518863,0.7372069187609508,0.5905239481000676,0.4785442172472071,0.2749180389119206,0.1840439714241125,10.72,12.74,16.96,20.69,22.89,22.46,21.09,20.21,18.68,16.03,12.53,9.58,36.05,34.05,35.769999999999996,35.54,32.59,27.189999999999998,24.13,29.28,32.78,37.82,37.54,32.58,open_soil|open|none|deciduous,1.0,1.0,1.0,1.0,0.0,1.0,us-ms-wiggins,30.86,-89.14,nasa_power_climatology
0.0,797.0,799.0,-220.5,742.0,724.5454545454545,869.4545454545454,0.0,0.0,19.625,4248.479999999999,123.0,123.0,123.0,123.0,53.33,44.60324285714283,24.53662847682119,1.849977519766147,33.46739726027397,3127.0,1011.0,0.0,0.0,0.0,0.0,9.921075268817201,0.0,0.0,0.0,0.0,0.0,1.341666666666667,34.815000000000005,50.120000000000005,0.4938820023903692,16.628333333333337,-10.58,-6.5,-6.89,0.31,5.1,12.92,16.25,12.37,6.88,-0.08,-7.14,-6.54,25.18,27.59,30.24,35.08,38.38,40.93,40.91,42.33,39.73,38.84,31.44,27.13,3.85,4.96,4.6,4.19,3.74,4.97,4.8,4.67,3.52,2.98,3.06,4.78,0.16332275857826817,0.20160063495053715,0.23927692113158455,0.4021129798526325,0.5881244511639591,0.8671874473664002,0.9148169641450729,0.8191855385051031,0.6747851873053476,0.5627325880661272,0.30582168751280464,0.18761687010659348,10.11,12.2,16.14,20.17,22.11,22.59,21.35,20.32,18.42,15.28,11.83,9.02,35.76,34.09,37.129999999999995,34.769999999999996,33.28,28.009999999999998,24.659999999999997,29.96,32.849999999999994,38.92,38.58,33.67,open_soil|open|none|deciduous,1.0,1.0,1.0,1.0,0.0,1.0,us-ms-hattiesburg,31.33,-89.29,nasa_power_climatology
21.093989475454052,498.0,500.0,-201.0,452.0,498.0,498.0,18.75,7.25,49.875,4294.200000000001,123.0,123.0,123.0,92.0,56.25,47.7626625,21.53732185430463,2.563643461482615,37.00106849315068,2678.0,755.0,0.0,0.0,0.0,0.0,6.056129032258065,0.0,0.0,0.0,0.0,0.0,-4.118333333333333,32.92583333333334,38.69,0.5137931231227212,15.923333333333332,-18.44,-18.71,-14.17,-6.1,0.54,9.609999999999998,12.6,10.54,4.89,-3.94,-10.29,-15.95,22.68,25.37,28.84,33.36,35.02,40.97,41.68,45.25,39.42,31.98,27.16,23.38,2.06,2.38,3.36,4.09,4.88,3.6,3.18,3.4,3.21,3.59,2.55,2.39,0.1330212959223319,0.15095086026611293,0.2187647001377416,0.3611281515682942,0.419742918337534,0.7918693787923149,1.1571431857602956,1.2356386108623854,0.8255257282469051,0.4531527460944784,0.26729201008039283,0.151287891403868,8.91,11.01,14.67,18.55,20.72,23.99,23.5,20.98,17.95,13.33,9.75,7.72,41.120000000000005,44.08,43.01,39.46,34.480000000000004,31.36,29.08,34.71,34.53,35.92,37.45,39.33,open_soil|open|none|deciduous,1.0,1.0,1.0,1.0,0.0,1.0,us-ar-springdale,36.19,-94.13,nasa_power_climatology
73.06353273474545,511.0,513.0,496.5,62.0,511.0,511.0,22.5,11.625,64.625,162.44000000000028,31.0,0.0,0.0,0.0,37.620000000000005,45.14522142857142,14.139882119205303,1.1089597579636397,27.953013698630137,2644.0,0.0,0.0,0.0,0.0,0.0,5.169870967741936,0.0,0.0,0.0,0.0,0.0,-4.396666666666666,23.565833333333334,32.68,0.2934399952959994,13.299166666666666,-18.77,-19.99,-18.39,-5.23,-0.48,3.07,9.26,10.63,7.929999999999999,0.86,-6.99,-14.66,12.09,12.47,22.45,20.14,28.18,30.4,33.31,31.62,30.33,26.26,19.73,15.81,2.12,2.13,2.0,3.07,3.45,3.06,2.64,3.11,2.79,3.72,2.42,2.17,0.06243575886920657,0.07076784791520764,0.1277127099055556,0.2042381133969268,0.28353502738663106,0.3719392104606133,0.5917191168661471,0.6277943204942833,0.5564778763576442,0.34752398227757947,0.18352079999104992,0.09361517963114746,4.58,7.31,12.43,16.77,19.72,22.12,22.6,19.43,15.24,9.54,5.88,3.97,30.86,32.46,40.84,25.37,28.66,27.33,24.050000000000004,20.990000000000002,22.4,25.400000000000002,26.72,30.47,open_soil|open|none|deciduous,1.0,1.0,1.0,1.0,0.0,1.0,us-mi-grand-junction,42.4,-86.08,nasa_power_climatology
73.06353273474545,511.0,513.0,496.5,62.0,511.0,511.0,22.5,11.625,64.625,162.44000000000028,31.0,0.0,0.0,0.0,37.620000000000005,43.97928571428571,14.139882119205303,1.1506336583310155,27.953013698630137,2644.0,0.0,0.0,0.0,0.0,0.0,5.860387096774195,0.0,0.0,0.0,0.0,0.0,-4.396666666666666,23.565833333333334,32.68,0.2934399952959994,13.299166666666666,-18.77,-19.99,-18.39,-5.23,-0.48,3.07,9.26,10.63,7.929999999999999,0.86,-6.99,-14.66,12.09,12.47,22.45,20.14,28.18,30.4,33.31,31.62,30.33,26.26,19.73,15.81,2.12,2.13,2.0,3.07,3.45,3.06,2.64,3.11,2.79,3.72,2.42,2.17,0.06243575886920657,0.07076784791520764,0.1277127099055556,0.2042381133969268,0.28353502738663106,0.3719392104606133,0.5917191168661471,0.6277943204942833,0.5564778763576442,0.34752398227757947,0.18352079999104992,0.09361517963114746,4.58,7.31,12.43,16.77,19.72,22.12,22.6,19.43,15.24,9.54,5.88,3.97,30.86,32.46,40.84,25.37,28.66,27.33,24.050000000000004,20.990000000000002,22.4,25.400000000000002,26.72,30.47,open_soil|open|none|deciduous,1.0,1.0,1.0,1.0,0.0,1.0,us-mi-south-haven,42.4,-86.27,nasa_power_climatology
73.10598646920144,511.0,512.0,496.5,62.0,511.0,511.0,22.5,11.625,64.625,162.44000000000028,31.0,0.0,0.0,0.0,37.620000000000005,44.44918392857142,14.139882119205303,1.1487463460135368,27.953013698630137,2644.0,0.0,0.0,0.0,0.0,0.0,5.158129032258064,0.0,0.0,0.0,0.0,0.0,-4.396666666666666,23.565833333333334,32.68,0.2934399952959994,13.299166666666666,-18.77,-19.99,-18.39,-5.23,-0.48,3.07,9.26,10.63,7.929999999999999,0.86,-6.99,-14.66,12.09,12.47,22.45,20.14,28.18,30.4,33.31,31.62,30.33,26.26,19.73,15.81,2.12,2.13,2.0,3.07,3.45,3.06,2.64,3.11,2.79,3.72,2.42,2.17,0.06243575886920657,0.07076784791520764,0.1277127099055556,0.2042381133969268,0.28353502738663106,0.3719392104606133,0.5917191168661471,0.6277943204942833,0.5564778763576442,0.34752398227757947,0.18352079999104992,0.09361517963114746,4.58,7.31,12.43,16.77,19.72,22.12,22.6,19.43,15.24,9.54,5.88,3.97,30.86,32.46,40.84,25.37,28.66,27.33,24.050000000000004,20.990000000000002,22.4,25.400000000000002,26.72,30.47,open_soil|open|none|deciduous,1.0,1.0,1.0,1.0,0.0,1.0,us-mi-covert,42.29,-86.26,nasa_power_climatology
73.08838707517302,511.0,512.0,496.5,62.0,511.0,511.0,22.5,11.625,64.625,162.44000000000028,31.0,0.0,0.0,0.0,37.620000000000005,33.81525714285715,14.139882119205303,1.0831768218392959,27.953013698630137,2644.0,0.0,0.0,0.0,0.0,0.0,6.238387096774193,0.0,0.0,0.0,0.0,0.0,-4.396666666666666,23.565833333333334,32.68,0.2934399952959994,13.299166666666666,-18.77,-19.99,-18.39,-5.23,-0.48,3.07,9.26,10.63,7.929999999999999,0.86,-6.99,-14.66,12.09,12.47,22.45,20.14,28.18,30.4,33.31,31.62,30.33,26.26,19.73,15.81,2.12,2.13,2.0,3.07,3.45,3.06,2.64,3.11,2.79,3.72,2.42,2.17,0.06243575886920657,0.07076784791520764,0.1277127099055556,0.2042381133969268,0.28353502738663106,0.3719392104606133,0.5917191168661471,0.6277943204942833,0.5564778763576442,0.34752398227757947,0.18352079999104992,0.09361517963114746,4.58,7.31,12.43,16.77,19.72,22.12,22.6,19.43,15.24,9.54,5.88,3.97,30.86,32.46,40.84,25.37,28.66,27.33,24.050000000000004,20.990000000000002,22.4,25.400000000000002,26.72,30.47,open_soil|open|none|deciduous,1.0,1.0,1.0,1.0,0.0,1.0,us-mi-bangor,42.31,-86.11,nasa_power_climatology
58.85031181936815,482.0,483.0,266.5,123.0,482.0,482.0,24.375,13.875,59.5,1000.1600000000002,92.0,31.0,31.0,0.0,44.88,45.14522142857142,14.139882119205303,1.457691613765459,32.05901369863014,2439.0,93.0,0.0,0.0,0.0,0.0,5.531494623655915,0.0,0.0,0.0,0.0,0.0,-5.6883333333333335,26.37833333333333,32.55,0.33403720070467074,13.299166666666666,-21.87,-20.85,-17.64,-4.62,-1.57,2.32,8.09,9.13,6.06,-1.16,-8.63,-17.52,14.53,15.74,25.12,23.69,31.46,33.06,36.6,34.44,33.82,28.27,22.05,17.76,2.05,2.05,1.9599999999999997,2.95,3.57,3.13,2.89,3.32,2.77,3.49,2.32,2.05,0.05932664506312728,0.07632491798840947,0.15027733924129216,0.25720646868513697,0.34751034164608746,0.448338169436822,0.699580830914323,0.7095179405456785,0.6206082605104967,0.3629410532356959,0.1894436750270499,0.08737076616192906,4.58,7.31,12.43,16.77,19.72,22.12,22.6,19.43,15.24,9.54,5.88,3.97,36.4,36.59,42.760000000000005,28.310000000000002,33.03,30.740000000000002,28.51,25.309999999999995,27.76,29.43,30.68,35.28,open_soil|open|none|deciduous,1.0,1.0,1.0,1.0,0.0,1.0,us-mi-hartford,42.21,-86.17,nasa_power_climatology
58.86840706324091,483.0,484.0,266.5,123.0,483.0,483.0,24.375,13.875,59.5,1000.1600000000002,92.0,31.0,31.0,0.0,44.88,43.97928571428571,14.139882119205303,1.5008707250437965,32.05901369863014,2439.0,93.0,0.0,0.0,0.0,0.0,6.30051612903226,0.0,0.0,0.0,0.0,0.0,-5.6883333333333335,26.37833333333333,32.55,0.33403720070467074,13.299166666666666,-21.87,-20.85,-17.64,-4.62,-1.57,2.32,8.09,9.13,6.06,-1.16,-8.63,-17.52,14.53,15.74,25.12,23.69,31.46,33.06,36.6,34.44,33.82,28.27,22.05,17.76,2.05,2.05,1.9599999999999997,2.95,3.57,3.13,2.89,3.32,2.77,3.49,2.32,2.05,0.05932664506312728,0.07632491798840947,0.15027733924129216,0.25720646868513697,0.34751034164608746,0.448338169436822,0.699580830914323,0.7095179405456785,0.6206082605104967,0.3629410532356959,0.1894436750270499,0.08737076616192906,4.58,7.31,12.43,16.77,19.72,22.12,22.6,19.43,15.24,9.54,5.88,3.97,36.4,36.59,42.760000000000005,28.310000000000002,33.03,30.740000000000002,28.51,25.309999999999995,27.76,29.43,30.68,35.28,open_soil|open|none|deciduous,1.0,1.0,1.0,1.0,0.0,1.0,us-mi-watervliet,42.19,-86.26,nasa_power_climatology
58.86840706324091,483.0,484.0,266.5,123.0,483.0,483.0,24.375,13.875,59.5,1000.1600000000002,92.0,31.0,31.0,0.0,44.88,44.44918392857142,14.139882119205303,1.503214778419487,32.05901369863014,2439.0,93.0,0.0,0.0,0.0,0.0,5.55083870967742,0.0,0.0,0.0,0.0,0.0,-5.6883333333333335,26.37833333333333,32.55,0.33403720070467074,13.299166666666666,-21.87,-20.85,-17.64,-4.62,-1.57,2.32,8.09,9.13,6.06,-1.16,-8.63,-17.52,14.53,15.74,25.12,23.69,31.46,33.06,36.6,34.44,33.82,28.27,22.05,17.76,2.05,2.05,1.9599999999999997,2.95,3.57,3.13,2.89,3.32,2.77,3.49,2.32,2.05,0.05932664506312728,0.07632491798840947,0.15027733924129216,0.25720646868513697,0.34751034164608746,0.448338169436822,0.699580830914323,0.7095179405456785,0.6206082605104967,0.3629410532356959,0.1894436750270499,0.08737076616192906,4.58,7.31,12.43,16.77,19.72,22.12,22.6,19.43,15.24,9.54,5.88,3.97,36.4,36.59,42.760000000000005,28.310000000000002,33.03,30.740000000000002,28.51,25.309999999999995,27.76,29.43,30.68,35.28,open_soil|open|none|deciduous,1.0,1.0,1.0,1.0,0.0,1.0,us-mi-coloma,42.19,-86.31,nasa_power_climatology
58.93173431067618,483.0,484.0,266.5,123.0,483.0,483.0,24.375,13.75,59.5,1000.1600000000002,92.0,31.0,31.0,0.0,44.88,45.14522142857142,14.139882119205303,1.457691613765459,32.05901369863014,2439.0,93.0,0.0,0.0,0.0,0.0,5.531494623655915,0.0,0.0,0.0,0.0,0.0,-5.6883333333333335,26.37833333333333,32.55,0.33403720070467074,13.299166666666666,-21.87,-20.85,-17.64,-4.62,-1.57,2.32,8.09,9.13,6.06,-1.16,-8.63,-17.52,14.53,15.74,25.12,23.69,31.46,33.06,36.6,34.44,33.82,28.27,22.05,17.76,2.05,2.05,1.9599999999999997,2.95,3.57,3.13,2.89,3.32,2.77,3.49,2.32,2.05,0.05932664506312728,0.07632491798840947,0.15027733924129216,0.25720646868513697,0.34751034164608746,0.448338169436822,0.699580830914323,0.7095179405456785,0.6206082605104967,0.3629410532356959,0.1894436750270499,0.08737076616192906,4.58,7.31,12.43,16.77,19.72,22.12,22.6,19.43,15.24,9.54,5.88,3.97,36.4,36.59,42.760000000000005,28.310000000000002,33.03,30.740000000000002,28.51,25.309999999999995,27.76,29.43,30.68,35.28,open_soil|open|none|deciduous,1.0,1.0,1.0,1.0,0.0,1.0,us-mi-benton-harbor,42.12,-86.45,nasa_power_climatology
79.7592066142943,608.0,609.0,543.0,0.0,608.0,608.0,33.5,13.25,76.75,0.0,0.0,0.0,0.0,0.0,31.91,29.265857142857147,14.139882119205303,0.8788553926853886,27.27016438356164,2536.0,0.0,0.0,0.0,0.0,0.0,6.281935483870967,0.0,0.0,0.0,0.0,0.0,-5.0649999999999995,22.230833333333333,32.1,0.2658506525438834,13.299166666666666,-18.36,-21.81,-20.45,-7.67,-1.07,3.06,9.21,10.55,6.929999999999999,0.22,-7.81,-13.58,11.13,11.5,20.6,19.38,25.82,28.05,31.91,30.54,28.62,25.38,18.969999999999995,14.87,2.08,2.13,2.07,3.22,3.31,2.94,2.47,2.78,2.74,3.64,2.5,2.22,0.061021638149781225,0.06351891123337691,0.11226515284669826,0.18857804875530423,0.26294151232824825,0.33489265049780137,0.5226028456109326,0.5654081966021527,0.4881892273568795,0.3234494418032299,0.173569387945285,0.09377081739691105,4.58,7.31,12.43,16.77,19.72,22.12,22.6,19.43,15.24,9.54,5.88,3.97,29.490000000000002,33.31,41.05,27.049999999999997,26.89,24.990000000000002,22.7,19.99,21.69,25.16,26.779999999999994,28.45,open_soil|open|none|deciduous,1.0,1.0,1.0,1.0,0.0,1.0,us-mi-holland,42.79,-86.11,nasa_power_climatology
79.73522644085021,609.0,609.0,543.0,0.0,609.0,609.0,33.375,13.375,76.75,0.0,0.0,0.0,0.0,0.0,31.91,33.81525714285715,14.139882119205303,0.9486816006363862,27.27016438356164,2535.0,0.0,0.0,0.0,0.0,0.0,5.893548387096773,0.0,0.0,0.0,0.0,0.0,-5.0649999999999995,22.230833333333333,32.1,0.2658506525438834,13.299166666666666,-18.36,-21.81,-20.45,-7.67,-1.07,3.06,9.21,10.55,6.929999999999999,0.22,-7.81,-13.58,11.13,11.5,20.6,19.38,25.82,28.05,31.91,30.54,28.62,25.38,18.969999999999995,14.87,2.08,2.13,2.07,3.22,3.31,2.94,2.47,2.78,2.74,3.64,2.5,2.22,0.061021638149781225,0.06351891123337691,0.11226515284669826,0.18857804875530423,0.26294151232824825,0.33489265049780137,0.5226028456109326,0.5654081966021527,0.4881892273568795,0.3234494418032299,0.173569387945285,0.09377081739691105,4.58,7.31,12.43,16.77,19.72,22.12,22.6,19.43,15.24,9.54,5.88,3.97,29.490000000000002,33.31,41.05,27.049999999999997,26.89,24.990000000000002,22.7,19.99,21.69,25.16,26.779999999999994,28.45,open_soil|open|none|deciduous,1.0,1.0,1.0,1.0,0.0,1.0,us-mi-west-olive,42.92,-86.14,nasa_power_climatology
73.27202999791476,510.0,513.0,497.0,62.0,510.0,510.0,22.5,11.625,64.625,162.44000000000028,31.0,0.0,0.0,0.0,37.620000000000005,43.97928571428571,14.139882119205303,1.1506336583310155,27.953013698630137,2657.0,0.0,0.0,0.0,0.0,0.0,5.860387096774195,0.0,0.0,0.0,0.0,0.0,-4.396666666666666,23.565833333333334,32.68,0.2934399952959994,13.299166666666666,-18.77,-19.99,-18.39,-5.23,-0.48,3.07,9.26,10.63,7.929999999999999,0.86,-6.99,-14.66,12.09,12.47,22.45,20.14,28.18,30.4,33.31,31.62,30.33,26.26,19.73,15.81,2.12,2.13,2.0,3.07,3.45,3.06,2.64,3.11,2.79,3.72,2.42,2.17,0.06243575886920657,0.07076784791520764,0.1277127099055556,0.2042381133969268,0.28353502738663106,0.3719392104606133,0.5917191168661471,0.6277943204942833,0.5564778763576442,0.34752398227757947,0.18352079999104992,0.09361517963114746,4.58,7.31,12.43,16.77,19.72,22.12,22.6,19.43,15.24,9.54,5.88,3.97,30.86,32.46,40.84,25.37,28.66,27.33,24.050000000000004,20.990000000000002,22.4,25.400000000000002,26.72,30.47,open_soil|open|none|deciduous,1.0,1.0,1.0,1.0,0.0,1.0,us-mi-fennville,42.59,-86.1,nasa_power_climatology
73.22488146889556,510.0,515.0,497.0,62.0,510.0,510.0,22.5,11.625,64.625,162.44000000000028,31.0,0.0,0.0,0.0,37.620000000000005,45.14522142857142,14.139882119205303,1.1089597579636397,27.953013698630137,2658.0,0.0,0.0,0.0,0.0,0.0,5.169870967741936,0.0,0.0,0.0,0.0,0.0,-4.396666666666666,23.565833333333334,32.68,0.2934399952959994,13.299166666666666,-18.77,-19.99,-18.39,-5.23,-0.48,3.07,9.26,10.63,7.929999999999999,0.86,-6.99,-14.66,12.09,12.47,22.45,20.14,28.18,30.4,33.31,31.62,30.33,26.26,19.73,15.81,2.12,2.13,2.0,3.07,3.45,3.06,2.64,3.11,2.79,3.72,2.42,2.17,0.06243575886920657,0.07076784791520764,0.1277127099055556,0.2042381133969268,0.28353502738663106,0.3719392104606133,0.5917191168661471,0.6277943204942833,0.5564778763576442,0.34752398227757947,0.18352079999104992,0.09361517963114746,4.58,7.31,12.43,16.77,19.72,22.12,22.6,19.43,15.24,9.54,5.88,3.97,30.86,32.46,40.84,25.37,28.66,27.33,24.050000000000004,20.990000000000002,22.4,25.400000000000002,26.72,30.47,open_soil|open|none|deciduous,1.0,1.0,1.0,1.0,0.0,1.0,us-mi-saugatuck,42.65,-86.2,nasa_power_climatology
72.99291722485086,510.0,513.0,497.0,62.0,510.0,510.0,22.5,11.625,64.625,162.44000000000028,31.0,0.0,0.0,0.0,37.620000000000005,44.44918392857142,14.139882119205303,1.1487463460135368,27.953013698630137,2653.0,0.0,0.0,0.0,0.0,0.0,5.158129032258064,0.0,0.0,0.0,0.0,0.0,-4.396666666666666,23.565833333333334,32.68,0.2934399952959994,13.299166666666666,-18.77,-19.99,-18.39,-5.23,-0.48,3.07,9.26,10.63,7.929999999999999,0.86,-6.99,-14.66,12.09,12.47,22.45,20.14,28.18,30.4,33.31,31.62,30.33,26.26,19.73,15.81,2.12,2.13,2.0,3.07,3.45,3.06,2.64,3.11,2.79,3.72,2.42,2.17,0.06243575886920657,0.07076784791520764,0.1277127099055556,0.2042381133969268,0.28353502738663106,0.3719392104606133,0.5917191168661471,0.6277943204942833,0.5564778763576442,0.34752398227757947,0.18352079999104992,0.09361517963114746,4.58,7.31,12.43,16.77,19.72,22.12,22.6,19.43,15.24,9.54,5.88,3.97,30.86,32.46,40.84,25.37,28.66,27.33,24.050000000000004,20.990000000000002,22.4,25.400000000000002,26.72,30.47,open_soil|open|none|deciduous,1.0,1.0,1.0,1.0,0.0,1.0,us-mi-pullman,42.48,-86.09,nasa_power_climatology
73.02666820242752,511.0,512.0,496.5,62.0,464.5454545454545,650.3636363636364,22.5,11.625,64.625,162.44000000000028,31.0,0.0,0.0,0.0,37.620000000000005,23.666014285714294,14.913596026490064,0.36823557617575403,27.953013698630137,2644.0,0.0,0.0,0.0,0.0,0.0,7.065204301075268,0.0,0.0,0.0,0.0,0.0,-4.396666666666666,23.565833333333334,32.68,0.2934399952959994,13.553333333333333,-18.77,-19.99,-18.39,-5.23,-0.48,3.07,9.26,10.63,7.929999999999999,0.86,-6.99,-14.66,12.09,12.47,22.45,20.14,28.18,30.4,33.31,31.62,30.33,26.26,19.73,15.81,2.12,2.13,2.0,3.07,3.45,3.06,2.64,3.11,2.79,3.72,2.42,2.17,0.06243575886920657,0.07076784791520764,0.1277127099055556,0.2042381133969268,0.28353502738663106,0.3719392104606133,0.5917191168661471,0.6277943204942833,0.5564778763576442,0.34752398227757947,0.18352079999104992,0.09361517963114746,5.07,8.04,12.67,16.9,19.88,22.51,22.77,19.41,15.41,9.69,6.15,4.14,30.86,32.46,40.84,25.37,28.66,27.33,24.050000000000004,20.990000000000002,22.4,25.400000000000002,26.72,30.47,open_soil|open|none|deciduous,1.0,1.0,1.0,1.0,0.0,1.0,us-mi-bloomingdale,42.38,-85.96,nasa_power_climatology
49.60961628199607,409.0,409.0,189.0,180.0,409.0,409.0,44.375,20.25,74.125,1900.2399999999996,123.0,62.0,62.0,31.0,51.04,44.71643571428571,14.913596026490064,1.8458803568354907,36.51887671232877,2268.0,250.0,0.0,0.0,0.0,0.0,5.169225806451613,0.0,10.85,0.0,307.83,0.0,-8.500000000000002,28.054166666666664,31.78,0.3341800112542461,13.553333333333333,-25.27,-27.32,-22.46,-10.02,-3.84,2.04,5.56,6.23,2.96,-3.67,-9.5,-16.71,15.07,17.69,27.4,25.81,32.39,34.65,40.04,36.33,34.93,29.83,23.82,18.69,1.99,2.07,1.94,2.96,3.48,3.08,2.69,3.04,2.69,3.5,2.31,2.03,0.04702372542071635,0.058132506456667524,0.1389409461221741,0.24199554821867358,0.36192435054444505,0.4984014729877962,0.7635761523363951,0.7157658120080396,0.5960811905925218,0.331539043892294,0.17665304606781002,0.08012634040341998,5.07,8.04,12.67,16.9,19.88,22.51,22.77,19.41,15.41,9.69,6.15,4.14,40.34,45.010000000000005,49.86,35.83,36.230000000000004,32.61,34.48,30.099999999999998,31.97,33.5,33.32,35.400000000000006,open_soil|open|none|deciduous,1.0,1.0,1.0,1.0,0.0,1.0,us-mi-gobles,42.36,-85.88,nasa_power_climatology
52.58833711713222,422.0,423.0,66.0,226.0,422.0,422.0,34.125,20.25,65.0,2380.0,123.0,92.0,92.0,31.0,52.19,44.21224285714285,14.913596026490064,1.9557040086576403,37.01430136986302,2335.0,405.0,0.0,0.0,0.0,0.0,6.079548387096775,0.0,10.85,0.0,307.83,0.0,-8.193333333333333,28.8425,31.25,0.3544314983143811,13.553333333333333,-24.66,-24.830000000000002,-19.73,-6.19,-3.74,2.26,5.71,6.38,2.89,-3.84,-11.44,-21.13,16.22,18.669999999999998,27.83,26.73,32.52,37.16,41.19,36.49,35.76,29.94,24.48,19.12,1.92,1.9599999999999997,1.9,2.82,3.55,3.13,2.82,3.14,2.65,3.18,2.25,1.93,0.052095772408437054,0.0687234584627238,0.15865520175341388,0.290458029604077,0.3700386448281349,0.5502732369545431,0.8071546166817888,0.7407290992323856,0.6244928645605833,0.3453150996910822,0.17418549986935858,0.07105645572604466,5.07,8.04,12.67,16.9,19.88,22.51,22.77,19.41,15.41,9.69,6.15,4.14,40.879999999999995,43.5,47.56,32.92,36.260000000000005,34.9,35.48,30.110000000000003,32.87,33.78,35.92,40.25,open_soil|open|none|deciduous,1.0,1.0,1.0,1.0,0.0,1.0,us-mi-lawton,42.17,-85.85,nasa_power_climatology
52.578903975830066,422.0,423.0,66.0,226.0,422.0,422.0,34.125,20.25,65.0,2380.0,123.0,92.0,92.0,31.0,52.19,45.518560714285705,14.913596026490064,1.9473036996618187,37.01430136986302,2335.0,405.0,0.0,0.0,0.0,0.0,5.391817204301075,0.0,10.85,0.0,307.83,0.0,-8.193333333333333,28.8425,31.25,0.3544314983143811,13.553333333333333,-24.66,-24.830000000000002,-19.73,-6.19,-3.74,2.26,5.71,6.38,2.89,-3.84,-11.44,-21.13,16.22,18.669999999999998,27.83,26.73,32.52,37.16,41.19,36.49,35.76,29.94,24.48,19.12,1.92,1.9599999999999997,1.9,2.82,3.55,3.13,2.82,3.14,2.65,3.18,2.25,1.93,0.052095772408437054,0.0687234584627238,0.15865520175341388,0.290458029604077,0.3700386448281349,0.5502732369545431,0.8071546166817888,0.7407290992323856,0.6244928645605833,0.3453150996910822,0.17418549986935858,0.07105645572604466,5.07,8.04,12.67,16.9,19.88,22.51,22.77,19.41,15.41,9.69,6.15,4.14,40.879999999999995,43.5,47.56,32.92,36.260000000000005,34.9,35.48,30.110000000000003,32.87,33.78,35.92,40.25,open_soil|open|none|deciduous,1.0,1.0,1.0,1.0,0.0,1.0,us-mi-paw-paw,42.22,-85.89,nasa_power_climatology
58.200754699237145,485.0,485.0,267.0,123.0,485.0,485.0,24.25,13.75,59.5,1000.1600000000002,92.0,31.0,31.0,0.0,44.88,34.39058571428572,15.909252317880787,1.379426350629755,32.05901369863014,2437.0,93.0,0.0,0.0,0.0,0.0,6.342580645161289,0.0,0.0,0.0,0.0,0.0,-5.6883333333333335,26.37833333333333,32.55,0.33403720070467074,13.681666666666665,-21.87,-20.85,-17.64,-4.62,-1.57,2.32,8.09,9.13,6.06,-1.16,-8.63,-17.52,14.53,15.74,25.12,23.69,31.46,33.06,36.6,34.44,33.82,28.27,22.05,17.76,2.05,2.05,1.9599999999999997,2.95,3.57,3.13,2.89,3.32,2.77,3.49,2.32,2.05,0.05932664506312728,0.07632491798840947,0.15027733924129216,0.25720646868513697,0.34751034164608746,0.448338169436822,0.699580830914323,0.7095179405456785,0.6206082605104967,0.3629410532356959,0.1894436750270499,0.08737076616192906,5.69,8.56,12.77,16.92,19.34,21.89,22.14,19.28,15.76,10.37,6.67,4.79,36.4,36.59,42.760000000000005,28.310000000000002,33.03,30.740000000000002,28.51,25.309999999999995,27.76,29.43,30.68,35.28,open_soil|open|none|deciduous,1.0,1.0,1.0,1.0,0.0,1.0,us-mi-dowagiac,41.98,-86.11,nasa_power_climatology
58.5671783759374,484.0,485.0,268.0,123.0,484.0,484.0,24.25,13.75,59.625,1000.1600000000002,92.0,31.0,31.0,0.0,44.88,43.33725714285714,15.909252317880787,1.5008707250437965,32.05901369863014,2435.0,93.0,0.0,0.0,0.0,0.0,6.30051612903226,0.0,0.0,0.0,0.0,0.0,-5.6883333333333335,26.37833333333333,32.55,0.33403720070467074,13.681666666666665,-21.87,-20.85,-17.64,-4.62,-1.57,2.32,8.09,9.13,6.06,-1.16,-8.63,-17.52,14.53,15.74,25.12,23.69,31.46,33.06,36.6,34.44,33.82,28.27,22.05,17.76,2.05,2.05,1.9599999999999997,2.95,3.57,3.13,2.89,3.32,2.77,3.49,2.32,2.05,0.05932664506312728,0.07632491798840947,0.15027733924129216,0.25720646868513697,0.34751034164608746,0.448338169436822,0.699580830914323,0.7095179405456785,0.6206082605104967,0.3629410532356959,0.1894436750270499,0.08737076616192906,5.69,8.56,12.77,16.92,19.34,21.89,22.14,19.28,15.76,10.37,6.67,4.79,36.4,36.59,42.760000000000005,28.310000000000002,33.03,30.740000000000002,28.51,25.309999999999995,27.76,29.43,30.68,35.28,open_soil|open|none|deciduous,1.0,1.0,1.0,1.0,0.0,1.0,us-mi-niles,41.83,-86.25,nasa_power_climatology
58.228970299397126,485.0,485.0,267.0,123.0,485.0,485.0,24.125,13.75,59.5,1000.1600000000002,92.0,31.0,31.0,0.0,44.88,44.44105178571429,15.909252317880787,1.457691613765459,32.05901369863014,2436.0,93.0,0.0,0.0,0.0,0.0,5.531494623655915,0.0,0.0,0.0,0.0,0.0,-5.6883333333333335,26.37833333333333,32.55,0.33403720070467074,13.681666666666665,-21.87,-20.85,-17.64,-4.62,-1.57,2.32,8.09,9.13,6.06,-1.16,-8.63,-17.52,14.53,15.74,25.12,23.69,31.46,33.06,36.6,34.44,33.82,28.27,22.05,17.76,2.05,2.05,1.9599999999999997,2.95,3.57,3.13,2.89,3.32,2.77,3.49,2.32,2.05,0.05932664506312728,0.07632491798840947,0.15027733924129216,0.25720646868513697,0.34751034164608746,0.448338169436822,0.699580830914323,0.7095179405456785,0.6206082605104967,0.3629410532356959,0.1894436750270499,0.08737076616192906,5.69,8.56,12.77,16.92,19.34,21.89,22.14,19.28,15.76,10.37,6.67,4.79,36.4,36.59,42.760000000000005,28.310000000000002,33.03,30.740000000000002,28.51,25.309999999999995,27.76,29.43,30.68,35.28,open_soil|open|none|deciduous,1.0,1.0,1.0,1.0,0.0,1.0,us-mi-berrien-springs,41.95,-86.34,nasa_power_climatology
49.95989854378371,409.0,409.0,190.5,179.0,409.0,409.0,44.375,20.25,74.125,1900.2399999999996,123.0,62.0,62.0,31.0,51.04,29.529042857142848,14.913596026490064,1.3603855850055029,36.51887671232877,2268.0,251.0,0.0,0.0,0.0,0.0,6.237741935483873,0.0,10.85,0.0,307.83,0.0,-8.500000000000002,28.054166666666664,31.78,0.3341800112542461,13.553333333333333,-25.27,-27.32,-22.46,-10.02,-3.84,2.04,5.56,6.23,2.96,-3.67,-9.5,-16.71,15.07,17.69,27.4,25.81,32.39,34.65,40.04,36.33,34.93,29.83,23.82,18.69,1.99,2.07,1.94,2.96,3.48,3.08,2.69,3.04,2.69,3.5,2.31,2.03,0.04702372542071635,0.058132506456667524,0.1389409461221741,0.24199554821867358,0.36192435054444505,0.4984014729877962,0.7635761523363951,0.7157658120080396,0.5960811905925218,0.331539043892294,0.17665304606781002,0.08012634040341998,5.07,8.04,12.67,16.9,19.88,22.51,22.77,19.41,15.41,9.69,6.15,4.14,40.34,45.010000000000005,49.86,35.83,36.230000000000004,32.61,34.48,30.099999999999998,31.97,33.5,33.32,35.400000000000006,open_soil|open|none|deciduous,1.0,1.0,1.0,1.0,0.0,1.0,us-mi-allegan,42.53,-85.86,nasa_power_climatology
49.93878821350113,409.0,409.0,190.5,179.0,371.8181818181818,520.5454545454545,44.375,20.25,74.125,1900.2399999999996,123.0,62.0,62.0,31.0,51.04,23.666014285714294,14.913596026490064,0.5252486549089321,36.51887671232877,2268.0,251.0,0.0,0.0,0.0,0.0,6.822602150537634,0.0,10.85,0.0,307.83,0.0,-8.500000000000002,28.054166666666664,31.78,0.3341800112542461,13.553333333333333,-25.27,-27.32,-22.46,-10.02,-3.84,2.04,5.56,6.23,2.96,-3.67,-9.5,-16.71,15.07,17.69,27.4,25.81,32.39,34.65,40.04,36.33,34.93,29.83,23.82,18.69,1.99,2.07,1.94,2.96,3.48,3.08,2.69,3.04,2.69,3.5,2.31,2.03,0.04702372542071635,0.058132506456667524,0.1389409461221741,0.24199554821867358,0.36192435054444505,0.4984014729877962,0.7635761523363951,0.7157658120080396,0.5960811905925218,0.331539043892294,0.17665304606781002,0.08012634040341998,5.07,8.04,12.67,16.9,19.88,22.51,22.77,19.41,15.41,9.69,6.15,4.14,40.34,45.010000000000005,49.86,35.83,36.230000000000004,32.61,34.48,30.099999999999998,31.97,33.5,33.32,35.400000000000006,open_soil|open|none|deciduous,1.0,1.0,1.0,1.0,0.0,1.0,us-mi-inland-legacy,42.55,-85.7,nasa_power_climatology
69.40704963062387,756.0,759.0,461.5,124.0,756.0,756.0,12.625,9.375,17.625,1748.3600000000001,123.0,61.0,61.0,31.0,48.534000000000006,50.043358928571415,13.854743046357617,1.2394256259107423,30.32441095890411,2401.0,147.0,99.0,99.0,0.0,0.0,1.2081935483870967,0.0,42.0,0.0,1143.67,0.0,-2.5208333333333335,27.781666666666666,47.099999999999994,0.2830899895800088,13.926666666666664,-9.34,-7.339999999999999,-4.4,-3.7,-0.63,4.05,6.41,6.25,3.02,-5.06,-7.71,-11.8,17.68,19.2,23.79,28.17,33.61,35.11,34.85,38.63,35.18,30.05,21.7,15.41,6.56,5.1,5.66,4.22,2.57,1.74,0.28,0.45,1.83,4.0,6.72,7.97,0.06551426597518886,0.10041037126465086,0.1500252853734413,0.2129547021525589,0.3112253924664444,0.3995918065648951,0.5080876333336403,0.6729440127255651,0.5574283017329106,0.26458835216107984,0.10295569150700734,0.05135405970272314,4.83,7.86,11.43,16.32,20.6,22.76,25.65,21.9,16.34,10.01,5.5,3.92,27.02,26.54,28.189999999999998,31.87,34.24,31.06,28.44,32.38,32.16,35.11,29.41,27.21,open_soil|open|none|deciduous,1.0,1.0,1.0,1.0,0.0,1.0,us-or-corvallis,44.56,-123.26,nasa_power_climatology
69.2842429295644,756.0,760.0,461.0,124.0,756.0,756.0,12.625,9.375,17.625,1748.3600000000001,123.0,61.0,61.0,31.0,48.534000000000006,49.82083392857141,13.854743046357617,1.3276930068368549,30.32441095890411,2403.0,147.0,99.0,99.0,0.0,0.0,0.9038064516129032,0.0,42.0,0.0,1143.67,0.0,-2.5208333333333335,27.781666666666666,47.099999999999994,0.2830899895800088,13.926666666666664,-9.34,-7.339999999999999,-4.4,-3.7,-0.63,4.05,6.41,6.25,3.02,-5.06,-7.71,-11.8,17.68,19.2,23.79,28.17,33.61,35.11,34.85,38.63,35.18,30.05,21.7,15.41,6.56,5.1,5.66,4.22,2.57,1.74,0.28,0.45,1.83,4.0,6.72,7.97,0.06551426597518886,0.10041037126465086,0.1500252853734413,0.2129547021525589,0.3112253924664444,0.3995918065648951,0.5080876333336403,0.6729440127255651,0.5574283017329106,0.26458835216107984,0.10295569150700734,0.05135405970272314,4.83,7.86,11.43,16.32,20.6,22.76,25.65,21.9,16.34,10.01,5.5,3.92,27.02,26.54,28.189999999999998,31.87,34.24,31.06,28.44,32.38,32.16,35.11,29.41,27.21,open_soil|open|none|deciduous,1.0,1.0,1.0,1.0,0.0,1.0,us-or-albany,44.64,-123.11,nasa_power_climatology
75.40674775464406,785.0,786.0,492.5,97.0,785.0,785.0,7.875,5.25,12.5,2251.0799999999995,123.0,92.0,92.0,0.0,47.652,49.32218571428571,13.854743046357617,1.6548658090874653,30.048767123287675,2335.0,398.0,93.0,93.0,0.0,0.0,1.0065806451612904,0.0,42.0,0.0,1143.67,0.0,-1.9533333333333334,28.06916666666667,45.080000000000005,0.3137690370189905,13.926666666666664,-9.57,-7.07,-4.15,-2.6600000000000006,0.23,4.96,7.0,7.41,2.52,-4.01,-5.99,-12.11,17.31,18.23,22.4,28.84,34.14,36.22,38.14,37.79,36.27,29.63,22.17,15.69,6.42,4.79,5.35,3.76,2.3,1.57,0.29,0.48,1.77,3.98,6.67,7.7,0.06213101664548445,0.0970026720698923,0.14321878435463997,0.2279503110238386,0.3352564303051836,0.44960567741670593,0.6645905648629377,0.7620519746369755,0.5932111871034379,0.2718874280092436,0.10869178551891251,0.049630612280633854,4.83,7.86,11.43,16.32,20.6,22.76,25.65,21.9,16.34,10.01,5.5,3.92,26.88,25.3,26.549999999999997,31.5,33.910000000000004,31.259999999999998,31.14,30.38,33.75,33.64,28.160000000000004,27.799999999999997,open_soil|open|none|deciduous,1.0,1.0,1.0,1.0,0.0,1.0,us-or-salem,44.94,-123.04,nasa_power_climatology
75.3078518719339,785.0,786.0,493.5,97.0,785.0,785.0,7.875,5.25,12.375,2251.0799999999995,123.0,92.0,92.0,0.0,47.652,47.82254464285713,12.849353642384106,1.546022966171029,30.048767123287675,2333.0,398.0,93.0,93.0,0.0,0.0,1.1561397849462365,0.0,42.0,0.0,1196.2400000000002,0.0,-1.9533333333333334,28.06916666666667,45.080000000000005,0.3137690370189905,13.177500000000002,-9.57,-7.07,-4.15,-2.6600000000000006,0.23,4.96,7.0,7.41,2.52,-4.01,-5.99,-12.11,17.31,18.23,22.4,28.84,34.14,36.22,38.14,37.79,36.27,29.63,22.17,15.69,6.42,4.79,5.35,3.76,2.3,1.57,0.29,0.48,1.77,3.98,6.67,7.7,0.06213101664548445,0.0970026720698923,0.14321878435463997,0.2279503110238386,0.3352564303051836,0.44960567741670593,0.6645905648629377,0.7620519746369755,0.5932111871034379,0.2718874280092436,0.10869178551891251,0.049630612280633854,4.32,7.45,10.76,15.48,19.6,21.6,24.57,20.94,15.49,9.33,5.05,3.54,26.88,25.3,26.549999999999997,31.5,33.910000000000004,31.259999999999998,31.14,30.38,33.75,33.64,28.160000000000004,27.799999999999997,open_soil|open|none|deciduous,1.0,1.0,1.0,1.0,0.0,1.0,us-or-woodburn,45.14,-122.86,nasa_power_climatology
58.750531611678156,597.0,598.0,197.0,198.0,597.0,597.0,16.875,11.625,31.875,3352.0000000000005,123.0,123.0,123.0,62.0,52.32,35.303357142857124,12.849353642384106,2.2183654872156224,34.62731506849315,2189.0,624.0,186.0,186.0,0.0,0.0,3.5283870967741935,0.0,42.0,0.0,1196.2400000000002,0.0,-4.4991666666666665,30.152500000000003,51.93,0.36449113554144147,13.177500000000002,-11.6,-15.27,-7.58,-4.52,-1.82,2.72,4.97,5.15,2.33,-4.55,-10.2,-13.62,19.3,21.55,24.43,32.04,36.45,36.89,41.32,40.53,37.98,30.43,24.41,16.5,7.14,5.5,6.23,4.58,2.99,2.12,0.35,0.58,2.01,4.57,7.33,8.53,0.0733095239193419,0.08487493951963064,0.1314021033888688,0.2310451009896594,0.3324894328935703,0.4398628946060969,0.8425991840389051,0.9626979278249573,0.7700966389538336,0.33075479313846,0.11897345064543506,0.055787636578538864,4.32,7.45,10.76,15.48,19.6,21.6,24.57,20.94,15.49,9.33,5.05,3.54,30.9,36.82,32.01,36.56,38.27,34.17,36.35,35.38,35.65,34.98,34.61,30.119999999999997,open_soil|open|none|deciduous,1.0,1.0,1.0,1.0,0.0,1.0,us-or-hubbard,45.18,-122.81,nasa_power_climatology
79.14398402366925,644.0,654.0,473.5,93.0,644.0,644.0,7.875,5.0,18.375,3001.000000000001,123.0,92.0,92.0,62.0,51.56,47.65176964285714,12.849353642384106,2.2813648419552526,31.796383561643836,2195.0,575.0,93.0,93.0,0.0,0.0,1.1021290322580646,0.0,42.0,0.0,1196.2400000000002,0.0,-3.0750000000000006,28.7025,48.82,0.37491503467637477,13.177500000000002,-13.41,-9.6,-5.38,-2.68,0.47,4.04,7.04,6.61,2.13,-4.22,-9.38,-12.52,16.68,18.830000000000002,23.45,28.66,33.87,37.84,40.56,40.12,38.54,30.67,19.33,15.88,6.97,5.09,5.74,3.9799999999999995,2.56,1.83,0.35,0.63,1.8999999999999997,4.43,7.24,8.1,0.0560934942390121,0.0964627285893165,0.14856541778085172,0.23709176368580845,0.35139144903493885,0.5054822912389701,0.8756404385915594,1.0132633720271473,0.7565078500115915,0.3076395261562753,0.09622227852335215,0.05461980623767391,4.32,7.45,10.76,15.48,19.6,21.6,24.57,20.94,15.49,9.33,5.05,3.54,30.09,28.43,28.83,31.34,33.4,33.800000000000004,33.52,33.51,36.41,34.89,28.71,28.4,open_soil|open|none|deciduous,1.0,1.0,1.0,1.0,0.0,1.0,us-or-canby,45.26,-122.69,nasa_power_climatology
58.768250602069614,597.0,599.0,198.0,198.0,597.0,597.0,17.0,11.625,31.875,3352.0000000000005,123.0,123.0,123.0,62.0,52.32,29.96275714285715,12.849353642384106,1.8493001386704497,34.62731506849315,2190.0,624.0,186.0,186.0,0.0,0.0,5.330322580645162,0.0,42.0,0.0,1196.2400000000002,0.0,-4.4991666666666665,30.152500000000003,51.93,0.36449113554144147,13.177500000000002,-11.6,-15.27,-7.58,-4.52,-1.82,2.72,4.97,5.15,2.33,-4.55,-10.2,-13.62,19.3,21.55,24.43,32.04,36.45,36.89,41.32,40.53,37.98,30.43,24.41,16.5,7.14,5.5,6.23,4.58,2.99,2.12,0.35,0.58,2.01,4.57,7.33,8.53,0.0733095239193419,0.08487493951963064,0.1314021033888688,0.2310451009896594,0.3324894328935703,0.4398628946060969,0.8425991840389051,0.9626979278249573,0.7700966389538336,0.33075479313846,0.11897345064543506,0.055787636578538864,4.32,7.45,10.76,15.48,19.6,21.6,24.57,20.94,15.49,9.33,5.05,3.54,30.9,36.82,32.01,36.56,38.27,34.17,36.35,35.38,35.65,34.98,34.61,30.119999999999997,open_soil|open|none|deciduous,1.0,1.0,1.0,1.0,0.0,1.0,us-or-molalla,45.15,-122.58,nasa_power_climatology
58.85038315364765,598.0,599.0,198.5,198.0,598.0,598.0,17.0,11.625,32.0,3352.0000000000005,123.0,123.0,123.0,62.0,52.32,47.17332857142858,12.849353642384106,2.3536453838922244,34.62731506849315,2190.0,624.0,186.0,186.0,0.0,0.0,1.2604516129032264,0.0,42.0,0.0,1196.2400000000002,0.0,-4.4991666666666665,30.152500000000003,51.93,0.36449113554144147,13.177500000000002,-11.6,-15.27,-7.58,-4.52,-1.82,2.72,4.97,5.15,2.33,-4.55,-10.2,-13.62,19.3,21.55,24.43,32.04,36.45,36.89,41.32,40.53,37.98,30.43,24.41,16.5,7.14,5.5,6.23,4.58,2.99,2.12,0.35,0.58,2.01,4.57,7.33,8.53,0.0733095239193419,0.08487493951963064,0.1314021033888688,0.2310451009896594,0.3324894328935703,0.4398628946060969,0.8425991840389051,0.9626979278249573,0.7700966389538336,0.33075479313846,0.11897345064543506,0.055787636578538864,4.32,7.45,10.76,15.48,19.6,21.6,24.57,20.94,15.49,9.33,5.05,3.54,30.9,36.82,32.01,36.56,38.27,34.17,36.35,35.38,35.65,34.98,34.61,30.119999999999997,open_soil|open|none|deciduous,1.0,1.0,1.0,1.0,0.0,1.0,us-or-silverton,45.01,-122.78,nasa_power_climatology
69.43768191330524,755.0,759.0,461.5,124.0,755.0,755.0,12.625,9.25,17.625,1748.3600000000001,123.0,61.0,61.0,31.0,48.534000000000006,51.639107142857135,13.793876821192049,1.2394256259107423,30.32441095890411,2400.0,147.0,99.0,99.0,0.0,0.0,1.2081935483870967,0.0,42.0,0.0,1142.2200000000003,0.0,-2.5208333333333335,27.781666666666666,47.099999999999994,0.2830899895800088,14.086666666666664,-9.34,-7.339999999999999,-4.4,-3.7,-0.63,4.05,6.41,6.25,3.02,-5.06,-7.71,-11.8,17.68,19.2,23.79,28.17,33.61,35.11,34.85,38.63,35.18,30.05,21.7,15.41,6.56,5.1,5.66,4.22,2.57,1.74,0.28,0.45,1.83,4.0,6.72,7.97,0.06551426597518886,0.10041037126465086,0.1500252853734413,0.2129547021525589,0.3112253924664444,0.3995918065648951,0.5080876333336403,0.6729440127255651,0.5574283017329106,0.26458835216107984,0.10295569150700734,0.05135405970272314,4.83,7.89,11.24,16.09,20.42,23.13,26.57,22.72,16.54,10.17,5.51,3.93,27.02,26.54,28.189999999999998,31.87,34.24,31.06,28.44,32.38,32.16,35.11,29.41,27.21,open_soil|open|none|deciduous,1.0,1.0,1.0,1.0,0.0,1.0,us-or-lebanon,44.54,-122.91,nasa_power_climatology
56.61352487941685,733.0,733.0,329.0,173.0,733.0,733.0,12.75,6.0,23.5,2371.1199999999985,123.0,92.0,92.0,31.0,50.873999999999995,49.82083392857141,13.854743046357617,1.5574752506498935,32.03558904109588,2253.0,418.0,280.0,252.0,0.0,0.0,0.8515483870967744,0.0,42.0,0.0,1143.67,0.0,-2.6475000000000004,29.381666666666664,45.26,0.3079403235515324,13.926666666666664,-8.07,-8.59,-5.55,-4.27,-0.23,3.38,6.52,6.44,3.8,-4.93,-8.56,-11.71,19.55,20.74,24.73,31.79,33.89,35.66,37.76,39.93,37.01,31.82,23.76,15.94,6.31,5.03,5.46,4.05,2.42,1.59,0.27,0.43,1.68,3.66,6.52,7.839999999999999,0.07108493992136423,0.09249363618792018,0.13774084022257158,0.22160184073122646,0.308437570775189,0.383125207785467,0.565847576029328,0.7792939767052198,0.6720332806250825,0.30761518052998604,0.10741642868972591,0.04859340441530771,4.83,7.86,11.43,16.32,20.6,22.76,25.65,21.9,16.34,10.01,5.5,3.92,27.62,29.33,30.28,36.06,34.12,32.279999999999994,31.24,33.49,33.21,36.75,32.32,27.65,open_soil|open|none|deciduous,1.0,1.0,1.0,1.0,0.0,1.0,us-or-junction-city,44.22,-123.2,nasa_power_climatology
55.932332478474514,741.0,743.0,327.0,173.0,741.0,741.0,12.875,6.125,23.5,2371.1199999999985,123.0,92.0,92.0,31.0,50.873999999999995,49.32218571428571,13.854743046357617,1.6083774795965091,32.03558904109588,2253.0,417.0,280.0,252.0,0.0,0.0,0.9486451612903231,0.0,42.0,0.0,1143.67,0.0,-2.6475000000000004,29.381666666666664,45.26,0.3079403235515324,13.926666666666664,-8.07,-8.59,-5.55,-4.27,-0.23,3.38,6.52,6.44,3.8,-4.93,-8.56,-11.71,19.55,20.74,24.73,31.79,33.89,35.66,37.76,39.93,37.01,31.82,23.76,15.94,6.31,5.03,5.46,4.05,2.42,1.59,0.27,0.43,1.68,3.66,6.52,7.839999999999999,0.07108493992136423,0.09249363618792018,0.13774084022257158,0.22160184073122646,0.308437570775189,0.383125207785467,0.565847576029328,0.7792939767052198,0.6720332806250825,0.30761518052998604,0.10741642868972591,0.04859340441530771,4.83,7.86,11.43,16.32,20.6,22.76,25.65,21.9,16.34,10.01,5.5,3.92,27.62,29.33,30.28,36.06,34.12,32.279999999999994,31.24,33.49,33.21,36.75,32.32,27.65,open_soil|open|none|deciduous,1.0,1.0,1.0,1.0,0.0,1.0,us-or-eugene,44.05,-123.09,nasa_power_climatology
69.2821299021563,757.0,758.0,461.5,124.0,688.1818181818181,963.4545454545455,12.625,9.375,17.625,1748.3600000000001,123.0,61.0,61.0,31.0,48.534000000000006,22.33211538461538,13.854743046357617,0.3547069799264859,30.32441095890411,2402.0,147.0,100.0,100.0,0.0,0.0,15.97079569892473,0.0,42.0,0.0,1143.67,0.0,-2.5208333333333335,27.781666666666666,47.099999999999994,0.2830899895800088,13.926666666666664,-9.34,-7.339999999999999,-4.4,-3.7,-0.63,4.05,6.41,6.25,3.02,-5.06,-7.71,-11.8,17.68,19.2,23.79,28.17,33.61,35.11,34.85,38.63,35.18,30.05,21.7,15.41,6.56,5.1,5.66,4.22,2.57,1.74,0.28,0.45,1.83,4.0,6.72,7.97,0.06551426597518886,0.10041037126465086,0.1500252853734413,0.2129547021525589,0.3112253924664444,0.3995918065648951,0.5080876333336403,0.6729440127255651,0.5574283017329106,0.26458835216107984,0.10295569150700734,0.05135405970272314,4.83,7.86,11.43,16.32,20.6,22.76,25.65,21.9,16.34,10.01,5.5,3.92,27.02,26.54,28.189999999999998,31.87,34.24,31.06,28.44,32.38,32.16,35.11,29.41,27.21,open_soil|open|none|deciduous,1.0,1.0,1.0,1.0,0.0,1.0,us-or-harrisburg,44.27,-123.17,nasa_power_climatology
75.56566875944677,785.0,786.0,491.5,96.0,785.0,785.0,7.875,5.25,12.5,2251.0799999999995,123.0,92.0,92.0,0.0,47.652,50.043358928571415,13.854743046357617,1.546022966171029,30.048767123287675,2334.0,398.0,93.0,93.0,0.0,0.0,1.1561397849462365,0.0,42.0,0.0,1143.67,0.0,-1.9533333333333334,28.06916666666667,45.080000000000005,0.3137690370189905,13.926666666666664,-9.57,-7.07,-4.15,-2.6600000000000006,0.23,4.96,7.0,7.41,2.52,-4.01,-5.99,-12.11,17.31,18.23,22.4,28.84,34.14,36.22,38.14,37.79,36.27,29.63,22.17,15.69,6.42,4.79,5.35,3.76,2.3,1.57,0.29,0.48,1.77,3.98,6.67,7.7,0.06213101664548445,0.0970026720698923,0.14321878435463997,0.2279503110238386,0.3352564303051836,0.44960567741670593,0.6645905648629377,0.7620519746369755,0.5932111871034379,0.2718874280092436,0.10869178551891251,0.049630612280633854,4.83,7.86,11.43,16.32,20.6,22.76,25.65,21.9,16.34,10.01,5.5,3.92,26.88,25.3,26.549999999999997,31.5,33.910000000000004,31.259999999999998,31.14,30.38,33.75,33.64,28.160000000000004,27.799999999999997,open_soil|open|none|deciduous,1.0,1.0,1.0,1.0,0.0,1.0,us-or-independence,44.85,-123.19,nasa_power_climatology
75.15823099850039,784.0,792.0,493.5,98.0,784.0,784.0,7.875,5.25,12.375,2251.0799999999995,123.0,92.0,92.0,0.0,47.652,35.303357142857124,12.849353642384106,1.5923125193048473,30.048767123287675,2332.0,398.0,93.0,93.0,0.0,0.0,3.0712903225806456,0.0,42.0,0.0,1196.2400000000002,0.0,-1.9533333333333334,28.06916666666667,45.080000000000005,0.3137690370189905,13.177500000000002,-9.57,-7.07,-4.15,-2.6600000000000006,0.23,4.96,7.0,7.41,2.52,-4.01,-5.99,-12.11,17.31,18.23,22.4,28.84,34.14,36.22,38.14,37.79,36.27,29.63,22.17,15.69,6.42,4.79,5.35,3.76,2.3,1.57,0.29,0.48,1.77,3.98,6.67,7.7,0.06213101664548445,0.0970026720698923,0.14321878435463997,0.2279503110238386,0.3352564303051836,0.44960567741670593,0.6645905648629377,0.7620519746369755,0.5932111871034379,0.2718874280092436,0.10869178551891251,0.049630612280633854,4.32,7.45,10.76,15.48,19.6,21.6,24.57,20.94,15.49,9.33,5.05,3.54,26.88,25.3,26.549999999999997,31.5,33.910000000000004,31.259999999999998,31.14,30.38,33.75,33.64,28.160000000000004,27.799999999999997,open_soil|open|none|deciduous,1.0,1.0,1.0,1.0,0.0,1.0,us-or-mcminnville,45.21,-123.2,nasa_power_climatology
83.53983949798686,748.0,750.0,640.0,0.0,748.0,748.0,7.75,6.125,12.75,2125.96,123.0,62.0,62.0,62.0,49.812000000000005,47.65176964285714,12.849353642384106,1.6466512939702274,29.852082191780816,2082.0,363.0,213.0,213.0,0.0,0.0,1.08,0.0,42.0,0.0,1196.2400000000002,0.0,-2.5533333333333332,27.271666666666672,49.129999999999995,0.29048298250428023,13.177500000000002,-11.85,-8.81,-4.33,-2.58,-0.25,4.12,7.36,7.35,1.5800000000000003,-4.09,-6.9,-12.24,15.37,16.34,20.96,29.31,32.83,34.33,38.72,39.34,36.53,29.13,19.49,14.91,7.19,5.15,5.76,3.88,2.36,1.65,0.37,0.62,1.92,4.47,7.5,8.26,0.045084847486034585,0.07551124476389673,0.12154666198211787,0.21980911008592535,0.30913917894654425,0.41493334501358614,0.6697023154471304,0.7504254913142776,0.5272022329144876,0.2275773466100566,0.08207670258734585,0.04278731289995918,4.32,7.45,10.76,15.48,19.6,21.6,24.57,20.94,15.49,9.33,5.05,3.54,27.22,25.15,25.29,31.89,33.08,30.209999999999997,31.36,31.990000000000002,34.95,33.22,26.39,27.15,open_soil|open|none|deciduous,1.0,1.0,1.0,1.0,0.0,1.0,us-or-newberg,45.3,-122.97,nasa_power_climatology
83.28677742347816,750.0,751.0,640.0,0.0,750.0,750.0,7.625,6.125,12.75,2125.96,123.0,62.0,62.0,62.0,49.812000000000005,29.96275714285715,12.849353642384106,1.262069984812425,29.852082191780816,2079.0,364.0,212.0,212.0,0.0,0.0,5.188064516129034,0.0,42.0,0.0,1196.2400000000002,0.0,-2.5533333333333332,27.271666666666672,49.129999999999995,0.29048298250428023,13.177500000000002,-11.85,-8.81,-4.33,-2.58,-0.25,4.12,7.36,7.35,1.5800000000000003,-4.09,-6.9,-12.24,15.37,16.34,20.96,29.31,32.83,34.33,38.72,39.34,36.53,29.13,19.49,14.91,7.19,5.15,5.76,3.88,2.36,1.65,0.37,0.62,1.92,4.47,7.5,8.26,0.045084847486034585,0.07551124476389673,0.12154666198211787,0.21980911008592535,0.30913917894654425,0.41493334501358614,0.6697023154471304,0.7504254913142776,0.5272022329144876,0.2275773466100566,0.08207670258734585,0.04278731289995918,4.32,7.45,10.76,15.48,19.6,21.6,24.57,20.94,15.49,9.33,5.05,3.54,27.22,25.15,25.29,31.89,33.08,30.209999999999997,31.36,31.990000000000002,34.95,33.22,26.39,27.15,open_soil|open|none|deciduous,1.0,1.0,1.0,1.0,0.0,1.0,us-or-hillsboro,45.52,-122.99,nasa_power_climatology
83.28677742347816,750.0,751.0,640.0,0.0,750.0,750.0,7.625,6.125,12.75,2125.96,123.0,62.0,62.0,62.0,49.812000000000005,47.17332857142858,12.849353642384106,1.6706472801558532,29.852082191780816,2079.0,364.0,212.0,212.0,0.0,0.0,1.2200000000000002,0.0,42.0,0.0,1196.2400000000002,0.0,-2.5533333333333332,27.271666666666672,49.129999999999995,0.29048298250428023,13.177500000000002,-11.85,-8.81,-4.33,-2.58,-0.25,4.12,7.36,7.35,1.5800000000000003,-4.09,-6.9,-12.24,15.37,16.34,20.96,29.31,32.83,34.33,38.72,39.34,36.53,29.13,19.49,14.91,7.19,5.15,5.76,3.88,2.36,1.65,0.37,0.62,1.92,4.47,7.5,8.26,0.045084847486034585,0.07551124476389673,0.12154666198211787,0.21980911008592535,0.30913917894654425,0.41493334501358614,0.6697023154471304,0.7504254913142776,0.5272022329144876,0.2275773466100566,0.08207670258734585,0.04278731289995918,4.32,7.45,10.76,15.48,19.6,21.6,24.57,20.94,15.49,9.33,5.05,3.54,27.22,25.15,25.29,31.89,33.08,30.209999999999997,31.36,31.990000000000002,34.95,33.22,26.39,27.15,open_soil|open|none|deciduous,1.0,1.0,1.0,1.0,0.0,1.0,us-or-forest-grove,45.52,-123.11,nasa_power_climatology
83.46365936260456,749.0,750.0,639.5,0.0,749.0,749.0,7.625,6.25,12.75,2125.96,123.0,62.0,62.0,62.0,49.812000000000005,47.82254464285713,12.849353642384106,1.5399232027827208,29.852082191780816,2082.0,363.0,213.0,213.0,0.0,0.0,1.325,0.0,42.0,0.0,1196.2400000000002,0.0,-2.5533333333333332,27.271666666666672,49.129999999999995,0.29048298250428023,13.177500000000002,-11.85,-8.81,-4.33,-2.58,-0.25,4.12,7.36,7.35,1.5800000000000003,-4.09,-6.9,-12.24,15.37,16.34,20.96,29.31,32.83,34.33,38.72,39.34,36.53,29.13,19.49,14.91,7.19,5.15,5.76,3.88,2.36,1.65,0.37,0.62,1.92,4.47,7.5,8.26,0.045084847486034585,0.07551124476389673,0.12154666198211787,0.21980911008592535,0.30913917894654425,0.41493334501358614,0.6697023154471304,0.7504254913142776,0.5272022329144876,0.2275773466100566,0.08207670258734585,0.04278731289995918,4.32,7.45,10.76,15.48,19.6,21.6,24.57,20.94,15.49,9.33,5.05,3.54,27.22,25.15,25.29,31.89,33.08,30.209999999999997,31.36,31.990000000000002,34.95,33.22,26.39,27.15,open_soil|open|none|deciduous,1.0,1.0,1.0,1.0,0.0,1.0,us-or-sherwood,45.36,-122.84,nasa_power_climatology
69.86832411741058,756.0,759.0,461.5,124.0,604.8000000000001,1058.3999999999999,12.625,9.25,17.625,1748.3600000000001,123.0,61.0,61.0,31.0,48.534000000000006,26.02187142857143,13.854743046357617,0.4182039247630188,30.32441095890411,2404.0,147.0,99.0,99.0,0.0,0.0,10.576095238095236,0.0,42.0,0.0,1143.67,0.0,-2.5208333333333335,27.781666666666666,47.099999999999994,0.2830899895800088,13.926666666666664,-9.34,-7.339999999999999,-4.4,-3.7,-0.63,4.05,6.41,6.25,3.02,-5.06,-7.71,-11.8,17.68,19.2,23.79,28.17,33.61,35.11,34.85,38.63,35.18,30.05,21.7,15.41,6.56,5.1,5.66,4.22,2.57,1.74,0.28,0.45,1.83,4.0,6.72,7.97,0.06551426597518886,0.10041037126465086,0.1500252853734413,0.2129547021525589,0.3112253924664444,0.3995918065648951,0.5080876333336403,0.6729440127255651,0.5574283017329106,0.26458835216107984,0.10295569150700734,0.05135405970272314,4.83,7.86,11.43,16.32,20.6,22.76,25.65,21.9,16.34,10.01,5.5,3.92,27.02,26.54,28.189999999999998,31.87,34.24,31.06,28.44,32.38,32.16,35.11,29.41,27.21,open_soil|open|none|deciduous,1.0,1.0,1.0,1.0,0.0,1.0,us-or-willamette-emerald,44.7,-123.1,nasa_power_climatology
75.56566875944677,785.0,786.0,491.5,96.0,672.8571428571428,897.1428571428571,7.875,5.25,12.5,2251.0799999999995,123.0,92.0,92.0,0.0,47.652,21.397658241758236,13.854743046357617,0.8402428765544606,30.048767123287675,2334.0,398.0,93.0,93.0,0.0,0.0,12.798774193548386,0.0,42.0,0.0,1143.67,0.0,-1.9533333333333334,28.06916666666667,45.080000000000005,0.3137690370189905,13.926666666666664,-9.57,-7.07,-4.15,-2.6600000000000006,0.23,4.96,7.0,7.41,2.52,-4.01,-5.99,-12.11,17.31,18.23,22.4,28.84,34.14,36.22,38.14,37.79,36.27,29.63,22.17,15.69,6.42,4.79,5.35,3.76,2.3,1.57,0.29,0.48,1.77,3.98,6.67,7.7,0.06213101664548445,0.0970026720698923,0.14321878435463997,0.2279503110238386,0.3352564303051836,0.44960567741670593,0.6645905648629377,0.7620519746369755,0.5932111871034379,0.2718874280092436,0.10869178551891251,0.049630612280633854,4.83,7.86,11.43,16.32,20.6,22.76,25.65,21.9,16.34,10.01,5.5,3.92,26.88,25.3,26.549999999999997,31.5,33.910000000000004,31.259999999999998,31.14,30.38,33.75,33.64,28.160000000000004,27.799999999999997,open_soil|open|none|deciduous,1.0,1.0,1.0,1.0,0.0,1.0,us-or-willamette-biloxi,44.85,-123.05,nasa_power_climatology
75.62891488248057,785.0,786.0,493.5,97.0,588.75,981.25,7.875,5.25,12.5,2251.0799999999995,123.0,92.0,92.0,0.0,47.652,14.978520000000005,12.849353642384106,0.2292968507154955,30.048767123287675,2335.0,398.0,93.0,93.0,0.0,0.0,15.772903225806449,0.0,42.0,0.0,1196.2400000000002,0.0,-1.9533333333333334,28.06916666666667,45.080000000000005,0.3137690370189905,13.177500000000002,-9.57,-7.07,-4.15,-2.6600000000000006,0.23,4.96,7.0,7.41,2.52,-4.01,-5.99,-12.11,17.31,18.23,22.4,28.84,34.14,36.22,38.14,37.79,36.27,29.63,22.17,15.69,6.42,4.79,5.35,3.76,2.3,1.57,0.29,0.48,1.77,3.98,6.67,7.7,0.06213101664548445,0.0970026720698923,0.14321878435463997,0.2279503110238386,0.3352564303051836,0.44960567741670593,0.6645905648629377,0.7620519746369755,0.5932111871034379,0.2718874280092436,0.10869178551891251,0.049630612280633854,4.32,7.45,10.76,15.48,19.6,21.6,24.57,20.94,15.49,9.33,5.05,3.54,26.88,25.3,26.549999999999997,31.5,33.910000000000004,31.259999999999998,31.14,30.38,33.75,33.64,28.160000000000004,27.799999999999997,open_soil|open|none|deciduous,1.0,1.0,1.0,1.0,0.0,1.0,us-or-willamette-snowchaser,45.0,-122.9,nasa_power_climatology
75.08660866715739,508.0,508.0,405.5,0.0,508.0,508.0,12.25,3.5,41.375,1391.5599999999995,123.0,62.0,62.0,0.0,46.13999999999999,46.18317857142857,11.337979470198674,1.3639348866776373,30.87542465753425,2277.0,218.0,0.0,0.0,0.0,0.0,2.1968279569892473,0.0,32.199999999999996,0.0,1063.8900000000003,0.0,-4.909166666666667,25.980833333333333,46.080000000000005,0.2826028120308696,12.492500000000001,-16.97,-13.8,-10.7,-3.3,1.12,4.44,7.51,7.22,2.77,-3.19,-16.46,-17.55,14.83,17.56,19.74,26.83,32.15,33.79,37.3,36.04,35.26,24.96,19.04,14.27,6.69,4.05,5.06,3.23,2.28,1.85,0.95,1.15,2.55,4.93,7.41,5.93,0.0510616830498964,0.09248770210351621,0.12273089577053874,0.2639047789694578,0.4091550131066193,0.46698689977698327,0.6243622473573793,0.5934905239488262,0.4462685047627493,0.20152971276739307,0.07007570746855164,0.049180075288523424,3.44,6.69,10.44,15.6,19.86,21.64,23.56,19.81,14.07,7.91,4.12,2.77,31.799999999999997,31.36,30.439999999999998,30.13,31.029999999999998,29.349999999999998,29.79,28.82,32.489999999999995,28.150000000000002,35.5,31.82,open_soil|open|none|deciduous,1.0,1.0,1.0,1.0,0.0,1.0,us-wa-lynden,48.95,-122.45,nasa_power_climatology
74.51057547920375,508.0,509.0,405.0,0.0,508.0,508.0,12.375,3.375,41.375,1391.5599999999995,123.0,62.0,62.0,0.0,46.13999999999999,45.709666071428565,11.337979470198674,1.396152712875432,30.87542465753425,2277.0,218.0,0.0,0.0,0.0,0.0,2.0248387096774194,0.0,32.199999999999996,0.0,1063.8900000000003,0.0,-4.909166666666667,25.980833333333333,46.080000000000005,0.2826028120308696,12.492500000000001,-16.97,-13.8,-10.7,-3.3,1.12,4.44,7.51,7.22,2.77,-3.19,-16.46,-17.55,14.83,17.56,19.74,26.83,32.15,33.79,37.3,36.04,35.26,24.96,19.04,14.27,6.69,4.05,5.06,3.23,2.28,1.85,0.95,1.15,2.55,4.93,7.41,5.93,0.0510616830498964,0.09248770210351621,0.12273089577053874,0.2639047789694578,0.4091550131066193,0.46698689977698327,0.6243622473573793,0.5934905239488262,0.4462685047627493,0.20152971276739307,0.07007570746855164,0.049180075288523424,3.44,6.69,10.44,15.6,19.86,21.64,23.56,19.81,14.07,7.91,4.12,2.77,31.799999999999997,31.36,30.439999999999998,30.13,31.029999999999998,29.349999999999998,29.79,28.82,32.489999999999995,28.150000000000002,35.5,31.82,open_soil|open|none|deciduous,1.0,1.0,1.0,1.0,0.0,1.0,us-wa-ferndale,48.85,-122.59,nasa_power_climatology
74.42065214545747,509.0,509.0,405.0,0.0,509.0,509.0,12.375,3.5,41.375,1391.5599999999995,123.0,62.0,62.0,0.0,46.13999999999999,45.18711428571427,11.337979470198674,1.3929190312149458,30.87542465753425,2277.0,218.0,0.0,0.0,0.0,0.0,2.284516129032258,0.0,32.199999999999996,0.0,1063.8900000000003,0.0,-4.909166666666667,25.980833333333333,46.080000000000005,0.2826028120308696,12.492500000000001,-16.97,-13.8,-10.7,-3.3,1.12,4.44,7.51,7.22,2.77,-3.19,-16.46,-17.55,14.83,17.56,19.74,26.83,32.15,33.79,37.3,36.04,35.26,24.96,19.04,14.27,6.69,4.05,5.06,3.23,2.28,1.85,0.95,1.15,2.55,4.93,7.41,5.93,0.0510616830498964,0.09248770210351621,0.12273089577053874,0.2639047789694578,0.4091550131066193,0.46698689977698327,0.6243622473573793,0.5934905239488262,0.4462685047627493,0.20152971276739307,0.07007570746855164,0.049180075288523424,3.44,6.69,10.44,15.6,19.86,21.64,23.56,19.81,14.07,7.91,4.12,2.77,31.799999999999997,31.36,30.439999999999998,30.13,31.029999999999998,29.349999999999998,29.79,28.82,32.489999999999995,28.150000000000002,35.5,31.82,open_soil|open|none|deciduous,1.0,1.0,1.0,1.0,0.0,1.0,us-wa-everson,48.92,-122.34,nasa_power_climatology
75.03626033018485,507.0,507.0,405.5,0.0,507.0,507.0,12.25,3.5,41.375,1391.5599999999995,123.0,62.0,62.0,0.0,46.13999999999999,32.611700000000006,11.337979470198674,1.16961390824288,30.87542465753425,2276.0,218.0,0.0,0.0,0.0,0.0,4.627741935483871,0.0,32.199999999999996,0.0,1063.8900000000003,0.0,-4.909166666666667,25.980833333333333,46.080000000000005,0.2826028120308696,12.492500000000001,-16.97,-13.8,-10.7,-3.3,1.12,4.44,7.51,7.22,2.77,-3.19,-16.46,-17.55,14.83,17.56,19.74,26.83,32.15,33.79,37.3,36.04,35.26,24.96,19.04,14.27,6.69,4.05,5.06,3.23,2.28,1.85,0.95,1.15,2.55,4.93,7.41,5.93,0.0510616830498964,0.09248770210351621,0.12273089577053874,0.2639047789694578,0.4091550131066193,0.46698689977698327,0.6243622473573793,0.5934905239488262,0.4462685047627493,0.20152971276739307,0.07007570746855164,0.049180075288523424,3.44,6.69,10.44,15.6,19.86,21.64,23.56,19.81,14.07,7.91,4.12,2.77,31.799999999999997,31.36,30.439999999999998,30.13,31.029999999999998,29.349999999999998,29.79,28.82,32.489999999999995,28.150000000000002,35.5,31.82,open_soil|open|none|deciduous,1.0,1.0,1.0,1.0,0.0,1.0,us-wa-sumas,48.99,-122.26,nasa_power_climatology
75.03626033018485,507.0,507.0,405.5,0.0,507.0,507.0,12.25,3.5,41.375,1391.5599999999995,123.0,62.0,62.0,0.0,46.13999999999999,27.137700000000006,11.337979470198674,0.974467071647709,30.87542465753425,2276.0,218.0,0.0,0.0,0.0,0.0,6.33483870967742,0.0,32.199999999999996,0.0,1063.8900000000003,0.0,-4.909166666666667,25.980833333333333,46.080000000000005,0.2826028120308696,12.492500000000001,-16.97,-13.8,-10.7,-3.3,1.12,4.44,7.51,7.22,2.77,-3.19,-16.46,-17.55,14.83,17.56,19.74,26.83,32.15,33.79,37.3,36.04,35.26,24.96,19.04,14.27,6.69,4.05,5.06,3.23,2.28,1.85,0.95,1.15,2.55,4.93,7.41,5.93,0.0510616830498964,0.09248770210351621,0.12273089577053874,0.2639047789694578,0.4091550131066193,0.46698689977698327,0.6243622473573793,0.5934905239488262,0.4462685047627493,0.20152971276739307,0.07007570746855164,0.049180075288523424,3.44,6.69,10.44,15.6,19.86,21.64,23.56,19.81,14.07,7.91,4.12,2.77,31.799999999999997,31.36,30.439999999999998,30.13,31.029999999999998,29.349999999999998,29.79,28.82,32.489999999999995,28.150000000000002,35.5,31.82,open_soil|open|none|deciduous,1.0,1.0,1.0,1.0,0.0,1.0,us-wa-blaine,48.99,-122.75,nasa_power_climatology
84.17754799650336,797.0,798.0,497.0,0.0,797.0,797.0,7.125,0.0,21.25,776.8400000000008,123.0,0.0,0.0,0.0,40.06,46.18317857142857,11.337979470198674,1.1399207833445544,27.78967123287671,2531.0,0.0,0.0,0.0,0.0,0.0,1.8753225806451612,0.0,32.199999999999996,0.0,1063.8900000000003,0.0,-2.064166666666667,25.74666666666667,42.79,0.2818387401361294,12.492500000000001,-12.29,-9.320000000000002,-6.19,-2.08,2.37,5.4,8.25,8.01,4.76,-2.38,-9.45,-11.85,14.22,20.0,20.29,28.5,32.74,32.78,34.53,34.24,33.99,25.6,17.8,14.27,6.17,4.02,4.71,3.11,2.15,1.65,0.75,1.06,2.15,4.57,6.82,5.63,0.06943553911106455,0.12255141625180166,0.15079549842051249,0.2800058791564544,0.4039972395528423,0.43156644553473783,0.5532540739574809,0.5553661533793741,0.45076586239831373,0.2017544010562215,0.09336594247113893,0.069206430343611,3.44,6.69,10.44,15.6,19.86,21.64,23.56,19.81,14.07,7.91,4.12,2.77,26.509999999999998,29.32,26.48,30.58,30.37,27.380000000000003,26.28,26.230000000000004,29.230000000000004,27.98,27.25,26.119999999999997,open_soil|open|none|deciduous,1.0,1.0,1.0,1.0,0.0,1.0,us-wa-mount-vernon,48.42,-122.33,nasa_power_climatology
84.1467363167211,797.0,798.0,497.0,0.0,797.0,797.0,7.125,0.0,21.25,776.8400000000008,123.0,0.0,0.0,0.0,40.06,45.709666071428565,11.337979470198674,1.1679534600162764,27.78967123287671,2531.0,0.0,0.0,0.0,0.0,0.0,1.7296774193548385,0.0,32.199999999999996,0.0,1063.8900000000003,0.0,-2.064166666666667,25.74666666666667,42.79,0.2818387401361294,12.492500000000001,-12.29,-9.320000000000002,-6.19,-2.08,2.37,5.4,8.25,8.01,4.76,-2.38,-9.45,-11.85,14.22,20.0,20.29,28.5,32.74,32.78,34.53,34.24,33.99,25.6,17.8,14.27,6.17,4.02,4.71,3.11,2.15,1.65,0.75,1.06,2.15,4.57,6.82,5.63,0.06943553911106455,0.12255141625180166,0.15079549842051249,0.2800058791564544,0.4039972395528423,0.43156644553473783,0.5532540739574809,0.5553661533793741,0.45076586239831373,0.2017544010562215,0.09336594247113893,0.069206430343611,3.44,6.69,10.44,15.6,19.86,21.64,23.56,19.81,14.07,7.91,4.12,2.77,26.509999999999998,29.32,26.48,30.58,30.37,27.380000000000003,26.28,26.230000000000004,29.230000000000004,27.98,27.25,26.119999999999997,open_soil|open|none|deciduous,1.0,1.0,1.0,1.0,0.0,1.0,us-wa-burlington,48.48,-122.33,nasa_power_climatology
84.13636924830278,797.0,798.0,495.5,0.0,797.0,797.0,7.125,0.0,21.25,776.8400000000008,123.0,0.0,0.0,0.0,40.06,45.18711428571427,11.337979470198674,1.1709132084787006,27.78967123287671,2530.0,0.0,0.0,0.0,0.0,0.0,1.9690322580645159,0.0,32.199999999999996,0.0,1063.8900000000003,0.0,-2.064166666666667,25.74666666666667,42.79,0.2818387401361294,12.492500000000001,-12.29,-9.320000000000002,-6.19,-2.08,2.37,5.4,8.25,8.01,4.76,-2.38,-9.45,-11.85,14.22,20.0,20.29,28.5,32.74,32.78,34.53,34.24,33.99,25.6,17.8,14.27,6.17,4.02,4.71,3.11,2.15,1.65,0.75,1.06,2.15,4.57,6.82,5.63,0.06943553911106455,0.12255141625180166,0.15079549842051249,0.2800058791564544,0.4039972395528423,0.43156644553473783,0.5532540739574809,0.5553661533793741,0.45076586239831373,0.2017544010562215,0.09336594247113893,0.069206430343611,3.44,6.69,10.44,15.6,19.86,21.64,23.56,19.81,14.07,7.91,4.12,2.77,26.509999999999998,29.32,26.48,30.58,30.37,27.380000000000003,26.28,26.230000000000004,29.230000000000004,27.98,27.25,26.119999999999997,open_soil|open|none|deciduous,1.0,1.0,1.0,1.0,0.0,1.0,us-wa-sedro,48.5,-122.24,nasa_power_climatology
84.10523427055927,797.0,798.0,495.5,0.0,797.0,797.0,7.125,0.0,21.25,776.8400000000008,123.0,0.0,0.0,0.0,40.06,32.611700000000006,11.337979470198674,1.054170177581703,27.78967123287671,2531.0,0.0,0.0,0.0,0.0,0.0,4.070967741935484,0.0,32.199999999999996,0.0,1063.8900000000003,0.0,-2.064166666666667,25.74666666666667,42.79,0.2818387401361294,12.492500000000001,-12.29,-9.320000000000002,-6.19,-2.08,2.37,5.4,8.25,8.01,4.76,-2.38,-9.45,-11.85,14.22,20.0,20.29,28.5,32.74,32.78,34.53,34.24,33.99,25.6,17.8,14.27,6.17,4.02,4.71,3.11,2.15,1.65,0.75,1.06,2.15,4.57,6.82,5.63,0.06943553911106455,0.12255141625180166,0.15079549842051249,0.2800058791564544,0.4039972395528423,0.43156644553473783,0.5532540739574809,0.5553661533793741,0.45076586239831373,0.2017544010562215,0.09336594247113893,0.069206430343611,3.44,6.69,10.44,15.6,19.86,21.64,23.56,19.81,14.07,7.91,4.12,2.77,26.509999999999998,29.32,26.48,30.58,30.37,27.380000000000003,26.28,26.230000000000004,29.230000000000004,27.98,27.25,26.119999999999997,open_soil|open|none|deciduous,1.0,1.0,1.0,1.0,0.0,1.0,us-wa-bow,48.56,-122.4,nasa_power_climatology
84.21881579714339,795.0,797.0,499.5,0.0,795.0,795.0,7.125,0.0,21.25,776.8400000000008,123.0,0.0,0.0,0.0,40.06,46.18317857142857,11.337979470198674,1.1399207833445544,27.78967123287671,2530.0,0.0,0.0,0.0,0.0,0.0,1.8753225806451612,0.0,32.199999999999996,0.0,1063.8900000000003,0.0,-2.064166666666667,25.74666666666667,42.79,0.2818387401361294,12.492500000000001,-12.29,-9.320000000000002,-6.19,-2.08,2.37,5.4,8.25,8.01,4.76,-2.38,-9.45,-11.85,14.22,20.0,20.29,28.5,32.74,32.78,34.53,34.24,33.99,25.6,17.8,14.27,6.17,4.02,4.71,3.11,2.15,1.65,0.75,1.06,2.15,4.57,6.82,5.63,0.06943553911106455,0.12255141625180166,0.15079549842051249,0.2800058791564544,0.4039972395528423,0.43156644553473783,0.5532540739574809,0.5553661533793741,0.45076586239831373,0.2017544010562215,0.09336594247113893,0.069206430343611,3.44,6.69,10.44,15.6,19.86,21.64,23.56,19.81,14.07,7.91,4.12,2.77,26.509999999999998,29.32,26.48,30.58,30.37,27.380000000000003,26.28,26.230000000000004,29.230000000000004,27.98,27.25,26.119999999999997,open_soil|open|none|deciduous,1.0,1.0,1.0,1.0,0.0,1.0,us-wa-conway,48.34,-122.34,nasa_power_climatology
74.96035257738669,505.0,505.0,405.5,0.0,505.0,505.0,12.25,3.5,41.375,1391.5599999999995,123.0,62.0,62.0,0.0,46.13999999999999,43.453735714285706,10.184537086092716,1.3639348866776373,30.87542465753425,2275.0,218.0,0.0,0.0,0.0,0.0,2.1968279569892473,0.0,32.199999999999996,0.0,1099.0399999999997,0.0,-4.909166666666667,25.980833333333333,46.080000000000005,0.2826028120308696,11.559166666666668,-16.97,-13.8,-10.7,-3.3,1.12,4.44,7.51,7.22,2.77,-3.19,-16.46,-17.55,14.83,17.56,19.74,26.83,32.15,33.79,37.3,36.04,35.26,24.96,19.04,14.27,6.69,4.05,5.06,3.23,2.28,1.85,0.95,1.15,2.55,4.93,7.41,5.93,0.0510616830498964,0.09248770210351621,0.12273089577053874,0.2639047789694578,0.4091550131066193,0.46698689977698327,0.6243622473573793,0.5934905239488262,0.4462685047627493,0.20152971276739307,0.07007570746855164,0.049180075288523424,3.11,6.28,9.23,14.06,18.71,19.88,22.28,18.87,12.97,7.25,3.62,2.45,31.799999999999997,31.36,30.439999999999998,30.13,31.029999999999998,29.349999999999998,29.79,28.82,32.489999999999995,28.150000000000002,35.5,31.82,open_soil|open|none|deciduous,1.0,1.0,1.0,1.0,0.0,1.0,ca-bc-abbotsford,49.05,-122.29,nasa_power_climatology
74.60862542186187,495.0,495.0,407.0,0.0,495.0,495.0,12.25,3.5,41.375,1391.5599999999995,123.0,62.0,62.0,0.0,46.13999999999999,43.19239821428572,10.184537086092716,1.396152712875432,30.87542465753425,2275.0,219.0,0.0,0.0,0.0,0.0,2.0248387096774194,0.0,32.199999999999996,0.0,1099.0399999999997,0.0,-4.909166666666667,25.980833333333333,46.080000000000005,0.2826028120308696,11.559166666666668,-16.97,-13.8,-10.7,-3.3,1.12,4.44,7.51,7.22,2.77,-3.19,-16.46,-17.55,14.83,17.56,19.74,26.83,32.15,33.79,37.3,36.04,35.26,24.96,19.04,14.27,6.69,4.05,5.06,3.23,2.28,1.85,0.95,1.15,2.55,4.93,7.41,5.93,0.0510616830498964,0.09248770210351621,0.12273089577053874,0.2639047789694578,0.4091550131066193,0.46698689977698327,0.6243622473573793,0.5934905239488262,0.4462685047627493,0.20152971276739307,0.07007570746855164,0.049180075288523424,3.11,6.28,9.23,14.06,18.71,19.88,22.28,18.87,12.97,7.25,3.62,2.45,31.799999999999997,31.36,30.439999999999998,30.13,31.029999999999998,29.349999999999998,29.79,28.82,32.489999999999995,28.150000000000002,35.5,31.82,open_soil|open|none|deciduous,1.0,1.0,1.0,1.0,0.0,1.0,ca-bc-pitt-meadows,49.23,-122.69,nasa_power_climatology
74.74015860361779,495.0,495.0,407.0,0.0,495.0,495.0,12.25,3.5,41.375,1391.5599999999995,123.0,62.0,62.0,0.0,46.13999999999999,42.73334285714285,10.184537086092716,1.3929190312149458,30.87542465753425,2275.0,219.0,0.0,0.0,0.0,0.0,2.284516129032258,0.0,32.199999999999996,0.0,1099.0399999999997,0.0,-4.909166666666667,25.980833333333333,46.080000000000005,0.2826028120308696,11.559166666666668,-16.97,-13.8,-10.7,-3.3,1.12,4.44,7.51,7.22,2.77,-3.19,-16.46,-17.55,14.83,17.56,19.74,26.83,32.15,33.79,37.3,36.04,35.26,24.96,19.04,14.27,6.69,4.05,5.06,3.23,2.28,1.85,0.95,1.15,2.55,4.93,7.41,5.93,0.0510616830498964,0.09248770210351621,0.12273089577053874,0.2639047789694578,0.4091550131066193,0.46698689977698327,0.6243622473573793,0.5934905239488262,0.4462685047627493,0.20152971276739307,0.07007570746855164,0.049180075288523424,3.11,6.28,9.23,14.06,18.71,19.88,22.28,18.87,12.97,7.25,3.62,2.45,31.799999999999997,31.36,30.439999999999998,30.13,31.029999999999998,29.349999999999998,29.79,28.82,32.489999999999995,28.150000000000002,35.5,31.82,open_soil|open|none|deciduous,1.0,1.0,1.0,1.0,0.0,1.0,ca-bc-maple-ridge,49.22,-122.6,nasa_power_climatology
74.85867516194025,499.0,499.0,406.5,0.0,499.0,499.0,12.25,3.5,41.375,1391.5599999999995,123.0,62.0,62.0,0.0,46.13999999999999,30.57258571428571,10.184537086092716,1.16961390824288,30.87542465753425,2275.0,219.0,0.0,0.0,0.0,0.0,4.627741935483871,0.0,32.199999999999996,0.0,1099.0399999999997,0.0,-4.909166666666667,25.980833333333333,46.080000000000005,0.2826028120308696,11.559166666666668,-16.97,-13.8,-10.7,-3.3,1.12,4.44,7.51,7.22,2.77,-3.19,-16.46,-17.55,14.83,17.56,19.74,26.83,32.15,33.79,37.3,36.04,35.26,24.96,19.04,14.27,6.69,4.05,5.06,3.23,2.28,1.85,0.95,1.15,2.55,4.93,7.41,5.93,0.0510616830498964,0.09248770210351621,0.12273089577053874,0.2639047789694578,0.4091550131066193,0.46698689977698327,0.6243622473573793,0.5934905239488262,0.4462685047627493,0.20152971276739307,0.07007570746855164,0.049180075288523424,3.11,6.28,9.23,14.06,18.71,19.88,22.28,18.87,12.97,7.25,3.62,2.45,31.799999999999997,31.36,30.439999999999998,30.13,31.029999999999998,29.349999999999998,29.79,28.82,32.489999999999995,28.150000000000002,35.5,31.82,open_soil|open|none|deciduous,1.0,1.0,1.0,1.0,0.0,1.0,ca-bc-mission,49.13,-122.31,nasa_power_climatology
68.97658238541469,414.0,416.0,479.0,0.0,414.0,414.0,43.75,23.125,80.25,1027.4800000000005,92.0,62.0,62.0,0.0,42.93600000000001,45.136719642857145,12.219443046357615,1.2438793541440012,35.00912328767123,1925.0,84.0,153.0,153.0,0.0,0.0,3.105666666666666,0.0,42.0,0.0,1260.1700000000003,0.0,-10.897499999999999,24.135833333333334,59.63,0.21725205165890824,12.533333333333333,-24.56,-21.93,-19.8,-11.82,-3.47,1.0,4.76,4.93,-1.52,-10.81,-21.74,-25.81,11.77,14.8,17.36,26.37,29.04,33.67,35.52,35.15,32.98,25.83,16.78,10.36,8.28,5.42,6.64,4.25,3.12,2.69,1.34,1.55,3.24,6.36,9.31,7.43,0.02127711255842597,0.03585881775000165,0.049831557520072324,0.15824489421182844,0.30156989644460513,0.3918917165677755,0.5316335545436089,0.5438259549290436,0.36690493814818564,0.15085092292621582,0.03781598600998061,0.017319268297155396,3.97,7.18,11.34,16.62,19.45,20.27,23.26,19.71,13.6,7.91,4.07,3.02,36.33,36.730000000000004,37.16,38.19,32.51,32.67,30.760000000000005,30.22,34.5,36.64,38.519999999999996,36.17,open_soil|open|none|deciduous,1.0,1.0,1.0,1.0,0.0,1.0,ca-bc-chilliwack,49.17,-121.95,nasa_power_climatology
74.89681176168105,501.0,501.0,406.0,0.0,501.0,501.0,12.25,3.5,41.375,1391.5599999999995,123.0,62.0,62.0,0.0,46.13999999999999,43.19239821428572,10.184537086092716,1.396152712875432,30.87542465753425,2275.0,218.0,0.0,0.0,0.0,0.0,2.0248387096774194,0.0,32.199999999999996,0.0,1099.0399999999997,0.0,-4.909166666666667,25.980833333333333,46.080000000000005,0.2826028120308696,11.559166666666668,-16.97,-13.8,-10.7,-3.3,1.12,4.44,7.51,7.22,2.77,-3.19,-16.46,-17.55,14.83,17.56,19.74,26.83,32.15,33.79,37.3,36.04,35.26,24.96,19.04,14.27,6.69,4.05,5.06,3.23,2.28,1.85,0.95,1.15,2.55,4.93,7.41,5.93,0.0510616830498964,0.09248770210351621,0.12273089577053874,0.2639047789694578,0.4091550131066193,0.46698689977698327,0.6243622473573793,0.5934905239488262,0.4462685047627493,0.20152971276739307,0.07007570746855164,0.049180075288523424,3.11,6.28,9.23,14.06,18.71,19.88,22.28,18.87,12.97,7.25,3.62,2.45,31.799999999999997,31.36,30.439999999999998,30.13,31.029999999999998,29.349999999999998,29.79,28.82,32.489999999999995,28.150000000000002,35.5,31.82,open_soil|open|none|deciduous,1.0,1.0,1.0,1.0,0.0,1.0,ca-bc-langley,49.1,-122.66,nasa_power_climatology
74.89681176168105,501.0,501.0,406.0,0.0,501.0,501.0,12.25,3.5,41.375,1391.5599999999995,123.0,62.0,62.0,0.0,46.13999999999999,42.73334285714285,10.184537086092716,1.3929190312149458,30.87542465753425,2275.0,218.0,0.0,0.0,0.0,0.0,2.284516129032258,0.0,32.199999999999996,0.0,1099.0399999999997,0.0,-4.909166666666667,25.980833333333333,46.080000000000005,0.2826028120308696,11.559166666666668,-16.97,-13.8,-10.7,-3.3,1.12,4.44,7.51,7.22,2.77,-3.19,-16.46,-17.55,14.83,17.56,19.74,26.83,32.15,33.79,37.3,36.04,35.26,24.96,19.04,14.27,6.69,4.05,5.06,3.23,2.28,1.85,0.95,1.15,2.55,4.93,7.41,5.93,0.0510616830498964,0.09248770210351621,0.12273089577053874,0.2639047789694578,0.4091550131066193,0.46698689977698327,0.6243622473573793,0.5934905239488262,0.4462685047627493,0.20152971276739307,0.07007570746855164,0.049180075288523424,3.11,6.28,9.23,14.06,18.71,19.88,22.28,18.87,12.97,7.25,3.62,2.45,31.799999999999997,31.36,30.439999999999998,30.13,31.029999999999998,29.349999999999998,29.79,28.82,32.489999999999995,28.150000000000002,35.5,31.82,open_soil|open|none|deciduous,1.0,1.0,1.0,1.0,0.0,1.0,ca-bc-surrey,49.1,-122.8,nasa_power_climatology
94.19628230761292,846.0,846.0,826.0,0.0,846.0,846.0,0.0,0.0,16.5,0.0,0.0,0.0,0.0,0.0,31.93,25.227385714285706,10.184537086092716,0.7237597794146315,22.064986301369856,2638.0,0.0,0.0,0.0,0.0,0.0,5.812580645161293,0.0,0.0,0.0,0.0,0.0,0.020000000000000167,22.08,42.17,0.2997865160139131,11.559166666666668,-10.66,-7.2299999999999995,-4.73,0.84,4.15,6.58,10.33,10.44,7.85,0.94,-8.84,-9.43,12.26,13.62,17.36,22.75,28.34,29.52,31.93,31.04,28.3,20.72,15.91,13.21,6.26,3.63,4.57,2.91,1.93,1.54,0.83,1.07,2.35,4.5,6.86,5.72,0.07819272553242679,0.12246983181756158,0.15845494997394058,0.2835235636879219,0.41962405758736165,0.47248512445590185,0.6242265684254004,0.6035690666941614,0.4313384503349253,0.20910033714787973,0.10554008742542634,0.08891342908404966,3.11,6.28,9.23,14.06,18.71,19.88,22.28,18.87,12.97,7.25,3.62,2.45,22.92,20.849999999999998,22.09,21.91,24.189999999999998,22.939999999999998,21.6,20.6,20.450000000000003,19.779999999999998,24.75,22.64,open_soil|open|none|deciduous,1.0,1.0,1.0,1.0,0.0,1.0,ca-bc-richmond,49.17,-123.14,nasa_power_climatology
94.25962265493568,847.0,847.0,826.5,0.0,847.0,847.0,0.0,0.0,16.5,0.0,0.0,0.0,0.0,0.0,31.93,43.453735714285706,10.184537086092716,1.1094108350357375,22.064986301369856,2638.0,0.0,0.0,0.0,0.0,0.0,1.9115268817204298,0.0,0.0,0.0,0.0,0.0,0.020000000000000167,22.08,42.17,0.2997865160139131,11.559166666666668,-10.66,-7.2299999999999995,-4.73,0.84,4.15,6.58,10.33,10.44,7.85,0.94,-8.84,-9.43,12.26,13.62,17.36,22.75,28.34,29.52,31.93,31.04,28.3,20.72,15.91,13.21,6.26,3.63,4.57,2.91,1.93,1.54,0.83,1.07,2.35,4.5,6.86,5.72,0.07819272553242679,0.12246983181756158,0.15845494997394058,0.2835235636879219,0.41962405758736165,0.47248512445590185,0.6242265684254004,0.6035690666941614,0.4313384503349253,0.20910033714787973,0.10554008742542634,0.08891342908404966,3.11,6.28,9.23,14.06,18.71,19.88,22.28,18.87,12.97,7.25,3.62,2.45,22.92,20.849999999999998,22.09,21.91,24.189999999999998,22.939999999999998,21.6,20.6,20.450000000000003,19.779999999999998,24.75,22.64,open_soil|open|none|deciduous,1.0,1.0,1.0,1.0,0.0,1.0,ca-bc-delta,49.08,-123.06,nasa_power_climatology
74.94765613580202,503.0,503.0,405.5,0.0,503.0,503.0,12.25,3.5,41.375,1391.5599999999995,123.0,62.0,62.0,0.0,46.13999999999999,43.19239821428572,10.184537086092716,1.396152712875432,30.87542465753425,2275.0,218.0,0.0,0.0,0.0,0.0,2.0248387096774194,0.0,32.199999999999996,0.0,1099.0399999999997,0.0,-4.909166666666667,25.980833333333333,46.080000000000005,0.2826028120308696,11.559166666666668,-16.97,-13.8,-10.7,-3.3,1.12,4.44,7.51,7.22,2.77,-3.19,-16.46,-17.55,14.83,17.56,19.74,26.83,32.15,33.79,37.3,36.04,35.26,24.96,19.04,14.27,6.69,4.05,5.06,3.23,2.28,1.85,0.95,1.15,2.55,4.93,7.41,5.93,0.0510616830498964,0.09248770210351621,0.12273089577053874,0.2639047789694578,0.4091550131066193,0.46698689977698327,0.6243622473573793,0.5934905239488262,0.4462685047627493,0.20152971276739307,0.07007570746855164,0.049180075288523424,3.11,6.28,9.23,14.06,18.71,19.88,22.28,18.87,12.97,7.25,3.62,2.45,31.799999999999997,31.36,30.439999999999998,30.13,31.029999999999998,29.349999999999998,29.79,28.82,32.489999999999995,28.150000000000002,35.5,31.82,open_soil|open|none|deciduous,1.0,1.0,1.0,1.0,0.0,1.0,ca-bc-aldergrove,49.06,-122.47,nasa_power_climatology
68.95168769558263,415.0,415.0,478.5,0.0,415.0,415.0,43.75,23.125,80.25,1027.4800000000005,92.0,62.0,62.0,0.0,42.93600000000001,32.06298571428572,12.219443046357615,1.087796734894819,35.00912328767123,1926.0,83.0,153.0,153.0,0.0,0.0,5.976129032258063,0.0,42.0,0.0,1260.1700000000003,0.0,-10.897499999999999,24.135833333333334,59.63,0.21725205165890824,12.533333333333333,-24.56,-21.93,-19.8,-11.82,-3.47,1.0,4.76,4.93,-1.52,-10.81,-21.74,-25.81,11.77,14.8,17.36,26.37,29.04,33.67,35.52,35.15,32.98,25.83,16.78,10.36,8.28,5.42,6.64,4.25,3.12,2.69,1.34,1.55,3.24,6.36,9.31,7.43,0.02127711255842597,0.03585881775000165,0.049831557520072324,0.15824489421182844,0.30156989644460513,0.3918917165677755,0.5316335545436089,0.5438259549290436,0.36690493814818564,0.15085092292621582,0.03781598600998061,0.017319268297155396,3.97,7.18,11.34,16.62,19.45,20.27,23.26,19.71,13.6,7.91,4.07,3.02,36.33,36.730000000000004,37.16,38.19,32.51,32.67,30.760000000000005,30.22,34.5,36.64,38.519999999999996,36.17,open_soil|open|none|deciduous,1.0,1.0,1.0,1.0,0.0,1.0,ca-bc-agassiz,49.24,-121.77,nasa_power_climatology
74.92222530312091,501.0,501.0,406.0,0.0,501.0,501.0,12.25,3.5,41.375,1391.5599999999995,123.0,62.0,62.0,0.0,46.13999999999999,42.73334285714285,10.184537086092716,1.3929190312149458,30.87542465753425,2275.0,218.0,0.0,0.0,0.0,0.0,2.284516129032258,0.0,32.199999999999996,0.0,1099.0399999999997,0.0,-4.909166666666667,25.980833333333333,46.080000000000005,0.2826028120308696,11.559166666666668,-16.97,-13.8,-10.7,-3.3,1.12,4.44,7.51,7.22,2.77,-3.19,-16.46,-17.55,14.83,17.56,19.74,26.83,32.15,33.79,37.3,36.04,35.26,24.96,19.04,14.27,6.69,4.05,5.06,3.23,2.28,1.85,0.95,1.15,2.55,4.93,7.41,5.93,0.0510616830498964,0.09248770210351621,0.12273089577053874,0.2639047789694578,0.4091550131066193,0.46698689977698327,0.6243622473573793,0.5934905239488262,0.4462685047627493,0.20152971276739307,0.07007570746855164,0.049180075288523424,3.11,6.28,9.23,14.06,18.71,19.88,22.28,18.87,12.97,7.25,3.62,2.45,31.799999999999997,31.36,30.439999999999998,30.13,31.029999999999998,29.349999999999998,29.79,28.82,32.489999999999995,28.150000000000002,35.5,31.82,open_soil|open|none|deciduous,1.0,1.0,1.0,1.0,0.0,1.0,ca-bc-matsqui,49.08,-122.3,nasa_power_climatology
73.55146725037777,1211.0,1215.0,723.5,174.0,1100.9090909090908,1541.2727272727273,0.0,3.5,0.0,1119.3200000000004,59.0,59.0,59.0,0.0,47.076,30.44837156043957,12.888480235294116,1.3308430739042207,27.405452054794516,2326.0,143.0,401.0,308.0,0.0,0.0,3.933632258064517,0.0,0.0,123.0,0.0,1.0,-0.6799999999999998,26.764166666666668,37.03,0.28893010784248707,14.806666666666667,2.89,4.04,3.39,0.22,-3.41,-3.88,-6.01,-4.1,-2.43,-1.03,0.72,1.44,35.77,37.82,33.79,28.17,22.81,16.03,16.07,17.86,24.4,25.65,30.93,31.87,1.45,1.46,1.99,2.91,4.39,5.5,5.13,4.71,2.75,2.7,2.28,1.76,0.5962005650676395,0.7109549349890938,0.5159625236939392,0.2604885417013759,0.1139708677236443,0.05799651781295398,0.0584799247872603,0.08485626339020556,0.15369676418538233,0.19912063571669095,0.30405219023679797,0.4113815648048615,25.98,22.32,16.58,10.62,6.42,4.820000000000001,5.7,8.12,12.99,17.26,21.76,25.11,32.88,33.78,30.4,27.950000000000003,26.22,19.91,22.08,21.96,26.83,26.68,30.21,30.43,open_soil|open|net|deciduous,1.0,1.0,0.82,0.53,0.0,1.0,cl-osorno,-40.57,-73.15,nasa_power_climatology
73.62766187229856,1206.0,1211.0,724.5,175.0,1096.3636363636363,1534.909090909091,0.0,3.5,0.0,1119.3200000000004,59.0,59.0,59.0,0.0,47.076,30.44837156043957,12.888480235294116,1.3308430739042207,27.405452054794516,2326.0,143.0,401.0,308.0,0.0,0.0,3.933632258064517,0.0,0.0,123.0,0.0,1.0,-0.6799999999999998,26.764166666666668,37.03,0.28893010784248707,14.806666666666667,2.89,4.04,3.39,0.22,-3.41,-3.88,-6.01,-4.1,-2.43,-1.03,0.72,1.44,35.77,37.82,33.79,28.17,22.81,16.03,16.07,17.86,24.4,25.65,30.93,31.87,1.45,1.46,1.99,2.91,4.39,5.5,5.13,4.71,2.75,2.7,2.28,1.76,0.5962005650676395,0.7109549349890938,0.5159625236939392,0.2604885417013759,0.1139708677236443,0.05799651781295398,0.0584799247872603,0.08485626339020556,0.15369676418538233,0.19912063571669095,0.30405219023679797,0.4113815648048615,25.98,22.32,16.58,10.62,6.42,4.820000000000001,5.7,8.12,12.99,17.26,21.76,25.11,32.88,33.78,30.4,27.950000000000003,26.22,19.91,22.08,21.96,26.83,26.68,30.21,30.43,open_soil|open|net|deciduous,1.0,1.0,0.82,0.53,0.0,1.0,cl-la-union,-40.29,-73.08,nasa_power_climatology
73.60788767442031,1208.0,1211.0,724.5,175.0,1098.1818181818182,1537.4545454545455,0.0,3.5,0.0,1119.3200000000004,59.0,59.0,59.0,0.0,47.076,25.158620769230758,10.5938,1.3308430739042207,27.405452054794516,2326.0,143.0,401.0,385.0,0.0,0.0,0.907761290322581,0.0,0.0,123.0,0.0,1.0,-0.6799999999999998,26.764166666666668,37.03,0.28893010784248707,14.310833333333335,2.89,4.04,3.39,0.22,-3.41,-3.88,-6.01,-4.1,-2.43,-1.03,0.72,1.44,35.77,37.82,33.79,28.17,22.81,16.03,16.07,17.86,24.4,25.65,30.93,31.87,1.45,1.46,1.99,2.91,4.39,5.5,5.13,4.71,2.75,2.7,2.28,1.76,0.5962005650676395,0.7109549349890938,0.5159625236939392,0.2604885417013759,0.1139708677236443,0.05799651781295398,0.0584799247872603,0.08485626339020556,0.15369676418538233,0.19912063571669095,0.30405219023679797,0.4113815648048615,25.45,21.63,15.99,10.19,6.19,4.58,5.45,7.76,12.66,16.59,20.85,24.39,32.88,33.78,30.4,27.950000000000003,26.22,19.91,22.08,21.96,26.83,26.68,30.21,30.43,open_soil|open|woven|deciduous,1.0,1.0,0.7,0.42,7.0,1.0,cl-rio-bueno,-40.33,-72.96,nasa_power_climatology
58.14427119096648,998.0,1002.0,334.0,364.0,898.2,1197.6,8.125,3.125,7.5,2343.4000000000005,120.0,90.0,90.0,59.0,50.586000000000006,31.855534813186814,13.125894352941174,1.6292590603393649,31.436493150684925,2394.0,329.0,214.0,214.0,0.0,0.0,3.2404247311827947,0.0,0.0,92.0,0.0,1.0,-1.6475,29.824166666666667,35.77,0.3360065591043672,15.340000000000002,2.2,3.57,2.99,-2.05,-3.87,-5.27,-7.03,-6.22,-4.0,-2.34,0.76,1.49,39.35,39.77,36.54,32.35,24.95,17.88,19.91,21.36,30.52,26.69,33.23,35.34,1.06,1.18,1.63,2.5,4.18,5.86,5.3,4.57,2.96,2.78,2.18,1.57,0.6757575876026946,0.7636313385580136,0.5947866697778463,0.3156214896182435,0.15913881467800992,0.0758301441493918,0.08386626019183863,0.11407200682910613,0.21312859588754623,0.2169392427541852,0.3451939728737966,0.4741125863317343,27.2,23.41,17.38,10.98,6.67,4.79,5.72,8.25,13.32,17.75,22.43,26.18,37.15,36.2,33.55,34.4,28.82,23.15,26.94,27.58,34.519999999999996,29.03,32.47,33.85,open_soil|open|net|deciduous,1.0,1.0,0.82,0.53,0.0,1.0,cl-lanco,-39.45,-72.78,nasa_power_climatology
73.54491639103217,1130.0,1132.0,718.0,216.0,1027.2727272727273,1438.1818181818182,0.0,3.75,0.0,1469.4400000000007,90.0,59.0,59.0,0.0,47.382000000000005,32.23008197802198,13.916904941176472,1.4742195566968503,27.80775342465753,2384.0,201.0,215.0,215.0,0.0,0.0,3.5395365591397847,0.0,0.0,123.0,0.0,1.0,-0.6974999999999999,27.150000000000006,36.36999999999999,0.31622541143844746,15.890833333333335,2.61,3.65,3.73,0.08,-3.65,-3.9,-6.1,-4.3,-2.39,-1.03,0.77,2.16,36.52,37.99,34.32,28.99,22.73,16.55,16.13,17.51,25.16,25.7,30.280000000000005,33.92,1.23,1.31,1.81,2.63,4.19,5.58,5.26,4.66,2.92,2.79,2.3,1.69,0.6693872036327194,0.7708513505134286,0.5638508200126551,0.2831633799397319,0.12049074491108162,0.06531935217356094,0.0640946966638337,0.08970066618246231,0.16564272127644958,0.20604400759400587,0.3111428009940708,0.48501719336736976,27.41,23.32,17.8,11.32,6.89,5.2,6.09,8.76,14.15,19.01,23.69,27.05,33.910000000000004,34.34,30.59,28.91,26.38,20.45,22.229999999999997,21.810000000000002,27.55,26.73,29.510000000000005,31.76,open_soil|open|net|deciduous,1.0,1.0,0.82,0.53,0.0,1.0,cl-valdivia,-39.82,-73.05,nasa_power_climatology
73.44806319919552,1129.0,1132.0,719.0,216.0,1026.3636363636363,1436.909090909091,0.0,3.75,0.0,1469.4400000000007,90.0,59.0,59.0,0.0,47.382000000000005,35.9408868131868,15.134,1.4742195566968503,27.80775342465753,2382.0,201.0,215.0,215.0,0.0,0.0,5.4454408602150535,0.0,0.0,123.0,0.0,1.0,-0.6974999999999999,27.150000000000006,36.36999999999999,0.31622541143844746,14.310833333333335,2.61,3.65,3.73,0.08,-3.65,-3.9,-6.1,-4.3,-2.39,-1.03,0.77,2.16,36.52,37.99,34.32,28.99,22.73,16.55,16.13,17.51,25.16,25.7,30.280000000000005,33.92,1.23,1.31,1.81,2.63,4.19,5.58,5.26,4.66,2.92,2.79,2.3,1.69,0.6693872036327194,0.7708513505134286,0.5638508200126551,0.2831633799397319,0.12049074491108162,0.06531935217356094,0.0640946966638337,0.08970066618246231,0.16564272127644958,0.20604400759400587,0.3111428009940708,0.48501719336736976,25.45,21.63,15.99,10.19,6.19,4.58,5.45,7.76,12.66,16.59,20.85,24.39,33.910000000000004,34.34,30.59,28.91,26.38,20.45,22.229999999999997,21.810000000000002,27.55,26.73,29.510000000000005,31.76,open_soil|open|none|deciduous,1.0,1.0,1.0,1.0,0.0,1.0,cl-paillaco,-40.07,-72.87,nasa_power_climatology
87.93259565752821,1294.0,1306.0,902.5,104.0,1176.3636363636363,1646.909090909091,0.0,0.0,0.0,631.8000000000001,59.0,28.0,28.0,0.0,43.386,30.44837156043957,12.888480235294116,0.966275085390893,24.845150684931507,2406.0,50.0,352.0,290.0,0.0,0.0,4.638665591397849,0.0,0.0,123.0,0.0,1.0,0.32083333333333347,25.20416666666667,40.209999999999994,0.24972806710350073,14.806666666666667,4.78,4.53,3.99,1.82,-2.87,-3.15,-4.58,-3.61,-1.32,-0.15,1.6,2.81,33.69,35.77,31.04,26.19,21.31,15.58,16.14,16.49,22.39,23.92,29.19,30.74,1.76,1.73,2.36,3.38,4.86,5.77,5.23,4.95,2.84,2.86,2.48,1.99,0.48342420898034155,0.545650854804042,0.4003762906960775,0.22883459191705874,0.11151300726782212,0.06235718369369308,0.06575668459312481,0.0876257822004382,0.15641309447872787,0.19918998074052036,0.29054218865063375,0.3650529372195289,25.98,22.32,16.58,10.62,6.42,4.820000000000001,5.7,8.12,12.99,17.26,21.76,25.11,28.909999999999997,31.240000000000002,27.049999999999997,24.37,24.18,18.73,20.72,20.099999999999998,23.71,24.07,27.59,27.93,open_soil|open|net|deciduous,1.0,1.0,0.82,0.53,0.0,1.0,cl-purranque,-40.92,-73.16,nasa_power_climatology
88.26499984796455,1302.0,1309.0,902.0,104.0,1302.0,1302.0,0.0,0.0,0.0,631.8000000000001,59.0,28.0,28.0,0.0,43.386,9.717614999999999,12.309700117647058,0.13605125495097167,24.845150684931507,2407.0,50.0,351.0,289.0,0.0,0.0,6.270200537634408,0.0,0.0,123.0,0.0,1.0,0.32083333333333347,25.20416666666667,40.209999999999994,0.24972806710350073,14.094999999999999,4.78,4.53,3.99,1.82,-2.87,-3.15,-4.58,-3.61,-1.32,-0.15,1.6,2.81,33.69,35.77,31.04,26.19,21.31,15.58,16.14,16.49,22.39,23.92,29.19,30.74,1.76,1.73,2.36,3.38,4.86,5.77,5.23,4.95,2.84,2.86,2.48,1.99,0.48342420898034155,0.545650854804042,0.4003762906960775,0.22883459191705874,0.11151300726782212,0.06235718369369308,0.06575668459312481,0.0876257822004382,0.15641309447872787,0.19918998074052036,0.29054218865063375,0.3650529372195289,24.82,21.23,15.56,9.95,6.1,4.52,5.4,7.87,12.45,16.63,20.719999999999995,23.89,28.909999999999997,31.240000000000002,27.049999999999997,24.37,24.18,18.73,20.72,20.099999999999998,23.71,24.07,27.59,27.93,open_soil|open|net|deciduous,1.0,1.0,0.82,0.53,0.0,1.0,cl-frutillar,-41.12,-73.06,nasa_power_climatology
76.87179007622677,1539.0,1541.0,1163.0,102.0,1539.0,1539.0,0.0,0.0,0.0,518.2,59.0,28.0,28.0,0.0,43.872,9.661540178571425,11.526455411764704,0.16905041529215017,23.29131506849315,2579.0,56.0,122.0,122.0,0.0,0.0,6.327729032258065,0.0,0.0,123.0,0.0,1.0,1.2658333333333331,24.60166666666667,43.809999999999995,0.23281502258756456,13.473333333333334,4.71,5.64,4.63,1.8300000000000003,-0.95,-1.25,-3.4,-2.82,-0.2700000000000001,0.93,2.28,3.86,32.53,36.04,29.25,24.12,19.69,15.75,16.22,15.83,23.92,24.46,27.2,30.21,2.09,2.03,2.78,3.76,5.27,6.02,5.35,5.19,3.02,3.18,2.8,2.32,0.3969798154610657,0.4659367933795792,0.32391671413285883,0.19932659504599168,0.12371052105367644,0.0822484284471379,0.08417385364040852,0.10196313552720615,0.17940804037159866,0.21332205192832965,0.27536489548802506,0.34742942657489667,23.91,20.81,15.16,9.57,5.8,4.17,5.05,7.22,11.79,15.71,19.62,22.87,27.82,30.4,24.62,22.29,20.64,17.0,19.619999999999997,18.65,24.19,23.53,24.919999999999998,26.35,open_soil|open|net|deciduous,1.0,1.0,0.82,0.53,0.0,1.0,cl-puerto-varas,-41.32,-72.99,nasa_power_climatology
76.96177631502358,1538.0,1540.0,1164.0,102.0,1398.1818181818182,1957.4545454545455,0.0,0.0,0.0,518.2,59.0,28.0,28.0,0.0,43.872,24.583638461538463,10.508280588235293,0.7753728865354841,23.29131506849315,2579.0,56.0,122.0,152.5,0.0,0.0,1.2362290322580647,0.0,0.0,123.0,0.0,1.0,1.2658333333333331,24.60166666666667,43.809999999999995,0.23281502258756456,14.094999999999999,4.71,5.64,4.63,1.8300000000000003,-0.95,-1.25,-3.4,-2.82,-0.2700000000000001,0.93,2.28,3.86,32.53,36.04,29.25,24.12,19.69,15.75,16.22,15.83,23.92,24.46,27.2,30.21,2.09,2.03,2.78,3.76,5.27,6.02,5.35,5.19,3.02,3.18,2.8,2.32,0.3969798154610657,0.4659367933795792,0.32391671413285883,0.19932659504599168,0.12371052105367644,0.0822484284471379,0.08417385364040852,0.10196313552720615,0.17940804037159866,0.21332205192832965,0.27536489548802506,0.34742942657489667,24.82,21.23,15.56,9.95,6.1,4.52,5.4,7.87,12.45,16.63,20.719999999999995,23.89,27.82,30.4,24.62,22.29,20.64,17.0,19.619999999999997,18.65,24.19,23.53,24.919999999999998,26.35,open_soil|open|woven|deciduous,1.0,1.0,0.7,0.42,7.0,1.0,cl-llanquihue,-41.26,-73.01,nasa_power_climatology
76.56104627032572,1540.0,1540.0,1163.0,102.0,1540.0,1540.0,0.0,0.0,0.0,518.2,59.0,28.0,28.0,0.0,43.872,9.949727714285705,11.526455411764704,0.17131108357029454,23.29131506849315,2579.0,56.0,122.0,122.0,0.0,0.0,7.089487096774197,0.0,0.0,123.0,0.0,1.0,1.2658333333333331,24.60166666666667,43.809999999999995,0.23281502258756456,13.473333333333334,4.71,5.64,4.63,1.8300000000000003,-0.95,-1.25,-3.4,-2.82,-0.2700000000000001,0.93,2.28,3.86,32.53,36.04,29.25,24.12,19.69,15.75,16.22,15.83,23.92,24.46,27.2,30.21,2.09,2.03,2.78,3.76,5.27,6.02,5.35,5.19,3.02,3.18,2.8,2.32,0.3969798154610657,0.4659367933795792,0.32391671413285883,0.19932659504599168,0.12371052105367644,0.0822484284471379,0.08417385364040852,0.10196313552720615,0.17940804037159866,0.21332205192832965,0.27536489548802506,0.34742942657489667,23.91,20.81,15.16,9.57,5.8,4.17,5.05,7.22,11.79,15.71,19.62,22.87,27.82,30.4,24.62,22.29,20.64,17.0,19.619999999999997,18.65,24.19,23.53,24.919999999999998,26.35,open_soil|open|net|deciduous,1.0,1.0,0.82,0.53,0.0,1.0,cl-puerto-montt,-41.47,-72.94,nasa_power_climatology
48.540358726084506,1045.0,1046.0,386.0,274.0,950.0,1330.0,6.5,8.375,11.0,2032.1999999999991,120.0,59.0,59.0,59.0,52.3,41.51100659340659,17.736382352941174,1.8920617496837455,31.015698630136985,2548.0,355.0,0.0,0.0,0.0,0.0,4.400193548387098,0.0,0.0,61.0,0.0,1.0,-1.6008333333333333,29.46666666666667,32.99,0.37387417508839643,16.487499999999997,2.0,3.38,2.03,-1.81,-3.21,-5.33,-6.56,-4.96,-4.18,-2.05,-0.08,1.56,39.05,41.3,37.18,33.53,25.11,18.34,18.87,21.13,27.0,27.14,32.35,32.6,0.85,1.02,1.39,2.34,4.06,5.96,4.9,4.22,2.74,2.47,1.75,1.29,0.7156716150991276,0.8626711073567441,0.6491476537550351,0.3921349238800869,0.210253064712507,0.10603004121774996,0.11172164442883248,0.15008821564869657,0.21892994450901695,0.25092078800198203,0.3528664019690175,0.4660547004819602,28.49,24.76,18.74,12.08,7.44,5.48,6.43,9.18,14.4,19.2,24.08,27.57,37.05,37.919999999999995,35.15,35.34,28.32,23.67,25.43,26.09,31.18,29.19,32.43,31.040000000000003,open_soil|open|none|deciduous,1.0,1.0,1.0,1.0,0.0,1.0,cl-temuco,-38.74,-72.6,nasa_power_climatology
57.61487574152741,998.0,1000.0,333.0,364.0,907.2727272727273,1270.1818181818182,8.125,3.125,7.5,2343.4000000000005,120.0,90.0,90.0,59.0,50.586000000000006,31.855534813186814,13.125894352941174,1.6292590603393649,31.436493150684925,2394.0,329.0,214.0,214.0,0.0,0.0,3.2404247311827947,0.0,0.0,92.0,0.0,1.0,-1.6475,29.824166666666667,35.77,0.3360065591043672,15.340000000000002,2.2,3.57,2.99,-2.05,-3.87,-5.27,-7.03,-6.22,-4.0,-2.34,0.76,1.49,39.35,39.77,36.54,32.35,24.95,17.88,19.91,21.36,30.52,26.69,33.23,35.34,1.06,1.18,1.63,2.5,4.18,5.86,5.3,4.57,2.96,2.78,2.18,1.57,0.6757575876026946,0.7636313385580136,0.5947866697778463,0.3156214896182435,0.15913881467800992,0.0758301441493918,0.08386626019183863,0.11407200682910613,0.21312859588754623,0.2169392427541852,0.3451939728737966,0.4741125863317343,27.2,23.41,17.38,10.98,6.67,4.79,5.72,8.25,13.32,17.75,22.43,26.18,37.15,36.2,33.55,34.4,28.82,23.15,26.94,27.58,34.519999999999996,29.03,32.47,33.85,open_soil|open|net|deciduous,1.0,1.0,0.82,0.53,0.0,1.0,cl-villarrica,-39.28,-72.23,nasa_power_climatology
51.23267737715043,959.0,962.0,283.5,422.0,871.8181818181818,1220.5454545454545,1.625,8.125,6.25,2866.3199999999993,120.0,120.0,120.0,59.0,51.94,44.89306813186812,19.228405882352934,2.2288183833719253,31.860547945205475,2590.0,452.0,0.0,0.0,0.0,0.0,3.8361505376344085,0.0,0.0,61.0,0.0,1.0,-1.0241666666666667,30.88166666666666,29.429999999999996,0.45464218669532513,17.81833333333333,2.83,3.5,2.58,-0.35,-3.79,-4.89,-5.39,-5.42,-3.19,-0.96,0.6,2.19,39.39,40.94,37.7,34.93999999999999,24.95,18.74,20.56,23.18,29.719999999999995,28.67,36.32,35.47,0.73,0.9000000000000001,1.19,2.06,3.68,5.42,4.4,3.79,2.47,2.2,1.5,1.09,0.8961311418116112,1.0029716225299248,0.769618584062021,0.4817176488022904,0.21011389399750763,0.10614967626440841,0.11992452755466537,0.16147994737978472,0.26805974197083804,0.30611461716519783,0.491384718270942,0.6420401205347102,30.24,26.52,20.36,13.52,8.14,5.99,7.01,9.88,15.52,20.57,26.4,29.67,36.56,37.44,35.120000000000005,35.28999999999999,28.74,23.63,25.95,28.6,32.91,29.630000000000003,35.72,33.28,open_soil|open|none|deciduous,1.0,1.0,1.0,1.0,0.0,1.0,cl-angol,-37.8,-72.71,nasa_power_climatology
43.757780526956864,1079.0,1080.0,308.5,452.0,980.9090909090909,1373.2727272727273,0.0,6.875,0.0,4068.9599999999978,120.0,120.0,120.0,120.0,53.04,36.812315868131854,15.767292823529406,2.8546356181709474,32.48731506849316,2630.0,747.0,0.0,0.0,0.0,0.0,2.0480731182795706,0.0,0.0,0.0,0.0,1.0,0.10833333333333324,32.63,25.24,0.6087061811397273,17.81833333333333,4.17,4.74,4.13,0.7099999999999999,-1.95,-4.25,-5.41,-4.17,-1.09,-0.39,1.22,3.59,41.4,42.04,38.86,35.95,26.73,21.42,20.67,23.64,28.25,34.02,39.26,39.32,0.6,0.81,0.93,1.66,3.17,4.73,3.9400000000000004,3.41,2.07,1.88,1.21,0.83,1.2251600568238497,1.28085881192869,0.9995613939057624,0.6201508376336115,0.27701572769166793,0.1360730847069586,0.1323232055946207,0.18613614312337037,0.31328807129918634,0.4450757630891107,0.7160085730194425,0.972822504860456,30.24,26.52,20.36,13.52,8.14,5.99,7.01,9.88,15.52,20.57,26.4,29.67,37.23,37.3,34.73,35.24,28.68,25.67,26.080000000000002,27.810000000000002,29.34,34.410000000000004,38.04,35.730000000000004,open_soil|open|net|deciduous,1.0,1.0,0.82,0.53,0.0,1.0,cl-los-angeles,-37.47,-72.35,nasa_power_climatology
0.0,1150.0,1151.0,-20.5,834.0,1045.4545454545455,1463.6363636363635,8.5,13.25,5.0,4190.52,120.0,120.0,120.0,90.0,56.04,45.86119120879121,20.58865294117647,4.083675432626268,34.97476712328767,2690.0,947.0,0.0,0.0,0.0,0.0,2.3879354838709688,0.0,0.0,0.0,0.0,0.0,0.5191666666666666,35.49916666666667,20.32,0.8799060263360947,18.463333333333335,5.33,5.17,4.57,1.63,-0.72,-2.44,-4.74,-2.97,-2.08,-1.91,1.55,2.84,45.04,41.2,40.69,38.92,29.99,27.29,25.58,30.16,33.08,37.4,38.05,38.59,0.44,0.74,0.56,1.29,2.62,3.87,3.36,2.97,1.54,1.45,0.94,0.54,1.8144164956176345,1.6131356907518182,1.4507834345574235,1.0403051592476769,0.5201927568373561,0.31313567461856096,0.26054730442124885,0.34442419647889755,0.4631490222055845,0.6056822310058333,0.9092455238245212,1.2238548264665794,30.57,26.73,20.94,14.22,8.64,6.61,7.57,10.66,16.35,21.49,27.43,30.35,39.71,36.03,36.12,37.29,30.709999999999997,29.73,30.32,33.13,35.16,39.309999999999995,36.5,35.75,open_soil|open|none|deciduous,1.0,1.0,1.0,1.0,0.0,1.0,cl-chillan,-36.61,-72.1,nasa_power_climatology
16.858442825084808,1143.0,1143.0,173.0,730.0,1028.7,1371.6,3.125,3.625,0.0,4823.320000000001,120.0,120.0,120.0,120.0,57.75,38.74921714285712,16.898338117647057,3.9542331188415916,33.47591780821919,2683.0,1008.0,0.0,0.0,0.0,0.0,1.3629172043010755,0.0,0.0,0.0,0.0,0.0,1.2916666666666667,34.76666666666667,18.650000000000002,0.8787487226637629,18.71333333333333,7.11,6.35,5.96,2.29,-0.91,-2.75,-4.44,-3.1,-1.0800000000000003,-0.65,2.58,4.14,46.75,40.75,41.32,37.84,29.25,25.29,22.57,26.83,29.4,36.72,39.3,41.18,0.36,0.66,0.47,1.16,2.51,3.66,3.12,2.79,1.37,1.27,0.82,0.46,2.0054492126468655,1.5985076727315164,1.4763750905360729,0.9484733628886597,0.44319665556953997,0.26007521657947047,0.20398542256182742,0.2642631788691489,0.37393710177868295,0.5864298867647499,0.9837081844209365,1.4005836866176853,31.09,27.56,21.68,14.67,8.7,6.72,7.66,10.72,16.07,21.29,27.61,30.79,39.64,34.4,35.36,35.550000000000004,30.16,28.04,27.01,29.93,30.48,37.37,36.72,37.04,open_soil|open|net|deciduous,1.0,1.0,0.82,0.53,0.0,1.0,cl-linares,-35.85,-71.6,nasa_power_climatology
45.07631033797961,1249.0,1249.0,435.0,339.0,1135.4545454545455,1589.6363636363635,0.0,0.0,0.0,2454.2799999999997,120.0,120.0,120.0,31.0,51.23,43.08261428571428,21.389458823529413,2.2243045915202417,29.426136986301373,2762.0,440.0,0.0,0.0,0.0,0.0,2.225913978494624,0.0,0.0,0.0,0.0,0.0,1.1633333333333333,30.590833333333332,20.880000000000003,0.5327849760356225,17.985833333333336,6.62,6.0200000000000005,5.56,1.89,-1.19,-2.87,-4.67,-3.5,-1.34,0.05,2.79,4.6,40.23,36.77,38.56,33.15,26.12,21.79,19.93,21.9,24.49,32.79,35.28,36.08,0.38,0.62,0.53,1.3,2.89,4.21,3.54,3.16,1.59,1.37,0.82,0.47,1.1829664384069827,0.995499824863708,0.9237236453057714,0.5436823597118231,0.2553905549130752,0.1391468638822419,0.1154820703371235,0.1480181324770766,0.2221529879823981,0.3811858845257769,0.6238821276688263,0.8622888223526652,28.31,24.57,19.85,13.98,8.88,7.23,8.16,11.12,16.37,21.55,26.96,28.85,33.61,30.750000000000004,33.0,31.259999999999998,27.310000000000002,24.66,24.6,25.4,25.83,32.74,32.49,31.479999999999997,open_soil|open|none|deciduous,1.0,1.0,1.0,1.0,0.0,1.0,cl-cauquenes,-35.97,-72.32,nasa_power_climatology
0.0,1134.0,1156.0,50.0,848.0,1030.9090909090908,1443.2727272727273,1.0,19.0,0.0,3809.4800000000005,120.0,120.0,120.0,90.0,52.58,47.27106593406596,22.360329411764706,3.9793182812150643,32.986493150684936,2967.0,807.0,0.0,0.0,0.0,0.0,1.180731182795699,0.0,0.0,0.0,0.0,0.0,1.7516666666666667,34.732499999999995,11.479999999999999,1.0631883581807735,19.124166666666667,7.94,6.5,6.42,3.56,0.06,-2.25,-4.03,-2.49,0.02,0.7,1.55,3.04,40.63,39.07,39.0,36.92,31.58,26.92,26.11,30.03,31.8,34.82,38.33,41.58,0.18,0.35,0.34,0.59,1.65,2.48,1.93,1.74,0.77,0.68,0.44,0.33,1.8767530604413685,1.6547148164481467,1.609115616552567,1.2324270864070157,0.7500911121059473,0.47890534820040337,0.395652290767754,0.4858567450799922,0.6351013470725996,0.8321264708037143,1.2130282329122204,1.5944881713775532,30.73,27.169999999999998,21.88,15.08,9.52,7.67,8.64,11.56,16.71,21.84,27.91,30.78,32.690000000000005,32.57,32.58,33.36,31.52,29.17,30.14,32.52,31.78,34.12,36.78,38.54,open_soil|open|none|deciduous,1.0,1.0,1.0,1.0,0.0,1.0,cl-curico,-34.98,-71.24,nasa_power_climatology
0.0,1245.0,1249.0,143.5,900.0,1131.8181818181818,1584.5454545454545,0.0,3.75,0.0,3434.6799999999994,120.0,120.0,120.0,90.0,51.41,48.54718681318681,20.074941176470585,3.5964616592800462,31.359123287671228,3114.0,704.0,0.0,0.0,0.0,0.0,0.8821505376344088,0.0,0.0,0.0,0.0,0.0,2.9925,34.34916666666667,11.220000000000002,1.0225829059293912,18.47333333333334,8.89,7.92,7.58,3.52,1.17,-0.37,-2.61,-1.54,0.94,2.82,3.17,4.42,40.41,39.02,38.86,35.47,31.7,27.280000000000005,26.58,29.52,32.49,33.74,37.32,39.8,0.11,0.2,0.28,0.5,1.84,2.57,2.01,1.88,0.72,0.55,0.32,0.24,1.7456830919649926,1.5729018109204302,1.5299989162708618,1.117677919530213,0.7593612320901166,0.5187351078303412,0.42567763655165414,0.48438254323738733,0.6416941541831115,0.8354117395006478,1.182716900120289,1.456753818952649,31.19,28.080000000000002,22.62,15.22,9.33,6.98,7.58,10.09,14.58,19.53,26.18,30.3,31.519999999999996,31.1,31.28,31.95,30.53,27.650000000000006,29.189999999999998,31.06,31.55,30.92,34.15,35.379999999999995,open_soil|open|none|deciduous,1.0,1.0,1.0,1.0,0.0,1.0,cl-san-fernando,-34.59,-70.99,nasa_power_climatology
70.26257858509838,1555.0,1556.0,1100.5,183.0,1555.0,1555.0,0.0,0.0,0.0,239.31999999999996,31.0,0.0,0.0,0.0,38.86,14.560964035714282,17.539356235294118,0.3267772464760607,21.810465753424662,3372.0,0.0,0.0,0.0,0.0,0.0,4.858260752688171,0.0,0.0,0.0,0.0,0.0,4.3950000000000005,26.200000000000003,21.959999999999997,0.41460704257230724,17.985833333333336,9.61,8.27,7.2,4.86,2.23,0.4799999999999999,-1.66,0.59,3.17,4.09,5.88,8.02,33.93,30.94,31.11,27.3,23.11,19.7,19.11,20.94,22.23,28.38,27.79,29.86,0.22,0.41,0.44,1.33,3.34,4.55,4.02,3.83,1.62,1.15,0.7,0.35,0.8022023383339499,0.6607843955270937,0.6114825737526682,0.42491670142287147,0.25547917225430306,0.17666049019436067,0.15776677721796314,0.19255994723610959,0.25040149035017123,0.36619874041567774,0.46692592460547017,0.6099059595570487,28.31,24.57,19.85,13.98,8.88,7.23,8.16,11.12,16.37,21.55,26.96,28.85,24.32,22.67,23.91,22.44,20.88,19.22,20.77,20.35,19.060000000000002,24.29,21.91,21.84,open_soil|open|net|deciduous,1.0,1.0,0.82,0.53,0.0,1.0,cl-constitucion,-35.33,-72.41,nasa_power_climatology
87.16729670390801,1286.0,1301.0,902.5,104.0,1169.090909090909,1636.7272727272727,0.0,0.0,0.0,631.8000000000001,59.0,28.0,28.0,0.0,43.386,25.992512307692316,11.002361176470586,0.966275085390893,24.845150684931507,2405.0,50.0,352.0,362.5,0.0,0.0,1.0704612903225807,0.0,0.0,123.0,0.0,1.0,0.32083333333333347,25.20416666666667,40.209999999999994,0.24972806710350073,14.806666666666667,4.78,4.53,3.99,1.82,-2.87,-3.15,-4.58,-3.61,-1.32,-0.15,1.6,2.81,33.69,35.77,31.04,26.19,21.31,15.58,16.14,16.49,22.39,23.92,29.19,30.74,1.76,1.73,2.36,3.38,4.86,5.77,5.23,4.95,2.84,2.86,2.48,1.99,0.48342420898034155,0.545650854804042,0.4003762906960775,0.22883459191705874,0.11151300726782212,0.06235718369369308,0.06575668459312481,0.0876257822004382,0.15641309447872787,0.19918998074052036,0.29054218865063375,0.3650529372195289,25.98,22.32,16.58,10.62,6.42,4.820000000000001,5.7,8.12,12.99,17.26,21.76,25.11,28.909999999999997,31.240000000000002,27.049999999999997,24.37,24.18,18.73,20.72,20.099999999999998,23.71,24.07,27.59,27.93,open_soil|open|woven|deciduous,1.0,1.0,0.7,0.42,7.0,1.0,cl-rio-negro,-40.8,-73.22,nasa_power_climatology
74.28023763373633,1209.0,1212.0,724.0,174.0,1099.090909090909,1538.7272727272727,0.0,3.375,0.0,1119.3200000000004,59.0,59.0,59.0,0.0,47.076,30.44837156043957,12.888480235294116,1.3308430739042207,27.405452054794516,2326.0,143.0,401.0,308.0,0.0,0.0,3.933632258064517,0.0,0.0,123.0,0.0,1.0,-0.6799999999999998,26.764166666666668,37.03,0.28893010784248707,14.806666666666667,2.89,4.04,3.39,0.22,-3.41,-3.88,-6.01,-4.1,-2.43,-1.03,0.72,1.44,35.77,37.82,33.79,28.17,22.81,16.03,16.07,17.86,24.4,25.65,30.93,31.87,1.45,1.46,1.99,2.91,4.39,5.5,5.13,4.71,2.75,2.7,2.28,1.76,0.5962005650676395,0.7109549349890938,0.5159625236939392,0.2604885417013759,0.1139708677236443,0.05799651781295398,0.0584799247872603,0.08485626339020556,0.15369676418538233,0.19912063571669095,0.30405219023679797,0.4113815648048615,25.98,22.32,16.58,10.62,6.42,4.820000000000001,5.7,8.12,12.99,17.26,21.76,25.11,32.88,33.78,30.4,27.950000000000003,26.22,19.91,22.08,21.96,26.83,26.68,30.21,30.43,open_soil|open|net|deciduous,1.0,1.0,0.82,0.53,0.0,1.0,cl-san-pablo,-40.41,-73.01,nasa_power_climatology
59.432630525630145,999.0,1002.0,335.5,364.0,999.0,999.0,8.125,3.125,7.5,2343.4000000000005,120.0,90.0,90.0,59.0,50.586000000000006,10.997030249999998,13.125894352941174,0.22387372092867913,31.436493150684925,2394.0,329.0,214.0,214.0,0.0,0.0,6.027429032258064,0.0,0.0,92.0,0.0,1.0,-1.6475,29.824166666666667,35.77,0.3360065591043672,15.340000000000002,2.2,3.57,2.99,-2.05,-3.87,-5.27,-7.03,-6.22,-4.0,-2.34,0.76,1.49,39.35,39.77,36.54,32.35,24.95,17.88,19.91,21.36,30.52,26.69,33.23,35.34,1.06,1.18,1.63,2.5,4.18,5.86,5.3,4.57,2.96,2.78,2.18,1.57,0.6757575876026946,0.7636313385580136,0.5947866697778463,0.3156214896182435,0.15913881467800992,0.0758301441493918,0.08386626019183863,0.11407200682910613,0.21312859588754623,0.2169392427541852,0.3451939728737966,0.4741125863317343,27.2,23.41,17.38,10.98,6.67,4.79,5.72,8.25,13.32,17.75,22.43,26.18,37.15,36.2,33.55,34.4,28.82,23.15,26.94,27.58,34.519999999999996,29.03,32.47,33.85,open_soil|open|net|deciduous,1.0,1.0,0.82,0.53,0.0,1.0,cl-panguipulli,-39.64,-72.33,nasa_power_climatology
73.63297179537314,1206.0,1211.0,724.0,175.0,1085.4,1447.2,0.0,3.5,0.0,1119.3200000000004,59.0,59.0,59.0,0.0,47.076,25.992512307692316,11.002361176470586,1.3308430739042207,27.405452054794516,2326.0,143.0,401.0,385.0,0.0,0.0,0.907761290322581,0.0,0.0,123.0,0.0,1.0,-0.6799999999999998,26.764166666666668,37.03,0.28893010784248707,14.806666666666667,2.89,4.04,3.39,0.22,-3.41,-3.88,-6.01,-4.1,-2.43,-1.03,0.72,1.44,35.77,37.82,33.79,28.17,22.81,16.03,16.07,17.86,24.4,25.65,30.93,31.87,1.45,1.46,1.99,2.91,4.39,5.5,5.13,4.71,2.75,2.7,2.28,1.76,0.5962005650676395,0.7109549349890938,0.5159625236939392,0.2604885417013759,0.1139708677236443,0.05799651781295398,0.0584799247872603,0.08485626339020556,0.15369676418538233,0.19912063571669095,0.30405219023679797,0.4113815648048615,25.98,22.32,16.58,10.62,6.42,4.820000000000001,5.7,8.12,12.99,17.26,21.76,25.11,32.88,33.78,30.4,27.950000000000003,26.22,19.91,22.08,21.96,26.83,26.68,30.21,30.43,open_soil|open|woven|deciduous,1.0,1.0,0.7,0.42,7.0,1.0,cl-la-union-topshelf,-40.27,-73.1,nasa_power_climatology
0.0,0.0,0.0,-3274.0,2356.0,0.0,0.0,0.0,0.0,0.0,2707.6800000000007,120.0,120.0,120.0,28.0,48.534000000000006,32.08253874725274,27.819831294117645,2.217755208021414,22.149945205479455,5693.0,1644.0,0.0,0.0,0.0,0.0,0.3333172043010753,0.0,0.0,0.0,0.0,0.0,16.06583333333333,38.19666666666667,3.58,1.2916160872863154,16.30416666666667,17.3,19.0,19.71,18.219999999999995,16.18,15.72,15.32,14.14,15.44,13.94,13.07,14.75,38.21,38.63,39.72,39.39,38.38,38.68,38.47,39.12,37.33,36.66,36.1,37.67,0.33,0.73,1.12,0.36,0.15,0.05,0.06,0.03,0.05,0.22,0.23,0.25,1.3280683169660439,1.4461174707057098,1.5356862871299726,1.4535984103558426,1.2572794145959703,1.2553711292788785,1.2572111967821957,1.274413166532668,1.2568466922942874,1.1496510360885108,1.1007685497855897,1.1843813769201152,14.78,13.8,14.64,15.48,15.15,14.94,15.89,17.48,18.51,19.07,19.24,16.67,20.91,19.630000000000003,20.009999999999998,21.170000000000005,22.200000000000003,22.96,23.15,24.979999999999997,21.89,22.72,23.03,22.92,substrate|open|net|evergreen,0.05,0.0,0.82,0.53,0.0,1.0,pe-olmos,-6.0,-79.75,nasa_power_climatology
0.0,0.0,0.0,-3273.5,2356.0,0.0,0.0,0.0,0.0,0.0,2707.6800000000007,120.0,120.0,120.0,28.0,48.534000000000006,35.90299443956043,30.989309764705883,2.217755208021414,22.149945205479455,5695.0,1643.0,0.0,0.0,0.0,0.0,0.3333172043010753,0.0,0.0,0.0,0.0,0.0,16.06583333333333,38.19666666666667,3.58,1.2916160872863154,18.555833333333332,17.3,19.0,19.71,18.219999999999995,16.18,15.72,15.32,14.14,15.44,13.94,13.07,14.75,38.21,38.63,39.72,39.39,38.38,38.68,38.47,39.12,37.33,36.66,36.1,37.67,0.33,0.73,1.12,0.36,0.15,0.05,0.06,0.03,0.05,0.22,0.23,0.25,1.3280683169660439,1.4461174707057098,1.5356862871299726,1.4535984103558426,1.2572794145959703,1.2553711292788785,1.2572111967821957,1.274413166532668,1.2568466922942874,1.1496510360885108,1.1007685497855897,1.1843813769201152,17.6,16.54,16.86,17.89,17.45,16.68,17.49,19.07,20.62,21.31,21.59,19.57,20.91,19.630000000000003,20.009999999999998,21.170000000000005,22.200000000000003,22.96,23.15,24.979999999999997,21.89,22.72,23.03,22.92,substrate|open|net|evergreen,0.05,0.0,0.82,0.53,0.0,1.0,pe-motupe,-6.15,-79.71,nasa_power_climatology
0.0,0.0,0.0,-3059.5,2019.0,0.0,0.0,0.0,0.0,0.0,696.6399999999994,90.0,28.0,28.0,0.0,42.215999999999994,35.90299443956043,30.989309764705883,1.1466270021018614,16.524383561643837,7180.0,121.0,0.0,0.0,0.0,0.0,0.3113010752688172,0.0,0.0,0.0,0.0,0.0,16.355,32.87083333333333,2.8600000000000003,0.8326628303013462,18.555833333333332,18.74,19.79,19.78,18.38,16.25,15.88,15.26,14.29,14.9,13.97,13.890000000000002,15.13,33.68,35.12,36.15,34.32,33.14,33.94,31.49,31.68,30.46,30.52,30.83,33.12,0.25,0.48999999999999994,0.9,0.31,0.14,0.04,0.04,0.03,0.05,0.2,0.22,0.19,0.9195972644937217,1.044661776925508,1.078858941180379,0.9481559317195783,0.7985118610384885,0.8018875800299392,0.7506351101702665,0.7516850707451107,0.7359989489937795,0.6905087606610655,0.6940032337562619,0.7774494839020528,17.6,16.54,16.86,17.89,17.45,16.68,17.49,19.07,20.62,21.31,21.59,19.57,14.940000000000001,15.329999999999998,16.369999999999997,15.940000000000001,16.89,18.059999999999995,16.229999999999997,17.39,15.56,16.549999999999997,16.939999999999998,17.989999999999995,substrate|open|net|evergreen,0.05,0.0,0.82,0.53,0.0,1.0,pe-jayanca,-6.39,-79.82,nasa_power_climatology
0.0,0.0,0.0,-3059.5,2019.0,0.0,0.0,0.0,0.0,0.0,696.6399999999994,90.0,28.0,28.0,0.0,42.215999999999994,35.85680345454545,30.989309764705883,1.1430254194454705,16.524383561643837,7180.0,121.0,0.0,0.0,0.0,0.0,0.2461333333333334,0.0,0.0,0.0,0.0,0.0,16.355,32.87083333333333,2.8600000000000003,0.8326628303013462,18.555833333333332,18.74,19.79,19.78,18.38,16.25,15.88,15.26,14.29,14.9,13.97,13.890000000000002,15.13,33.68,35.12,36.15,34.32,33.14,33.94,31.49,31.68,30.46,30.52,30.83,33.12,0.25,0.48999999999999994,0.9,0.31,0.14,0.04,0.04,0.03,0.05,0.2,0.22,0.19,0.9195972644937217,1.044661776925508,1.078858941180379,0.9481559317195783,0.7985118610384885,0.8018875800299392,0.7506351101702665,0.7516850707451107,0.7359989489937795,0.6905087606610655,0.6940032337562619,0.7774494839020528,17.6,16.54,16.86,17.89,17.45,16.68,17.49,19.07,20.62,21.31,21.59,19.57,14.940000000000001,15.329999999999998,16.369999999999997,15.940000000000001,16.89,18.059999999999995,16.229999999999997,17.39,15.56,16.549999999999997,16.939999999999998,17.989999999999995,substrate|open|net|evergreen,0.05,0.0,0.82,0.53,0.0,1.0,pe-ferrenafe,-6.64,-79.79,nasa_power_climatology
0.0,0.0,0.0,-2724.0,1071.0,0.0,0.0,0.0,0.0,0.0,0.0,0.0,0.0,0.0,0.0,29.12,35.90299443956043,30.989309764705883,0.31100622344562967,8.529835616438355,8087.0,0.0,0.0,0.0,0.0,0.0,0.2853010752688172,0.0,0.0,0.0,0.0,0.0,16.6125,25.145833333333332,2.6300000000000003,0.30034961276881694,18.555833333333332,18.91,19.859999999999996,18.86,17.79,16.47,16.02,15.47,15.04,14.96,14.94,15.2,15.83,27.31,29.12,29.53,26.73,25.28,25.06,23.49,22.2,21.98,22.63,23.43,24.99,0.25,0.41,0.86,0.28,0.13,0.03,0.03,0.02,0.05,0.18,0.2,0.19,0.36144190359037975,0.4470940155466421,0.4332295150396683,0.34060024200718303,0.2783874645231557,0.2545728644073038,0.23953798882907867,0.2332524645438802,0.23064700985283684,0.24109179641242684,0.2606223932346026,0.28371769523864504,17.6,16.54,16.86,17.89,17.45,16.68,17.49,19.07,20.62,21.31,21.59,19.57,8.399999999999999,9.260000000000005,10.670000000000002,8.940000000000001,8.810000000000002,9.04,8.019999999999998,7.16,7.02,7.6899999999999995,8.23,9.159999999999998,substrate|open|net|evergreen,0.05,0.0,0.82,0.53,0.0,1.0,pe-chiclayo,-6.77,-79.84,nasa_power_climatology
0.0,0.0,0.0,-1149.5,1255.0,0.0,0.0,0.0,0.0,0.0,0.0,0.0,0.0,0.0,0.0,29.25,37.25065542857142,32.35754729411764,1.5242950755356908,18.70394520547945,5004.0,0.0,0.0,0.0,0.0,0.0,0.8688752688172043,0.0,0.0,0.0,0.0,0.0,9.856666666666667,28.554999999999996,5.8500000000000005,0.7900519080590285,20.13,10.73,10.91,11.97,10.67,9.11,8.39,8.43,8.48,9.87,10.57,9.62,9.53,29.25,28.99,28.8,28.91,28.62,27.87,28.17,28.73,28.280000000000005,28.11,28.09,28.84,0.74,0.76,1.12,0.73,0.3,0.07,0.18,0.05,0.17,0.53,0.61,0.59,0.6550146263564359,0.6126009244282489,0.6314540874265899,0.7000336195267727,0.7676456480615542,0.8448537728384234,0.9027127904153269,0.9827287475795776,0.9696200930605037,0.8858797384060335,0.8089761690993553,0.7191026795095196,20.92,19.93,19.41,20.02,18.89,17.52,18.1,19.75,21.07,22.2,22.55,21.2,18.52,18.08,16.83,18.240000000000002,19.51,19.48,19.740000000000002,20.25,18.410000000000004,17.54,18.47,19.310000000000002,substrate|open|net|evergreen,0.05,0.0,0.82,0.53,0.0,1.0,pe-trujillo,-8.17,-78.99,nasa_power_climatology
0.0,0.0,0.0,-2386.5,1570.0,0.0,0.0,0.0,0.0,0.0,0.0,0.0,0.0,0.0,0.0,29.72,37.25065542857142,32.35754729411764,1.0464076031669625,14.932383561643837,7006.0,0.0,0.0,0.0,0.0,0.0,0.40727741935483863,0.0,0.0,0.0,0.0,0.0,14.285833333333334,29.195833333333336,2.98,0.665717861745702,20.13,16.24,17.66,17.6,16.22,13.41,13.78,12.67,12.43,13.05,11.76,13.06,13.55,29.69,29.72,30.65,29.21,29.13,30.44,29.66,29.18,28.57,27.9,27.91,28.29,0.34,0.39,0.58,0.36,0.17,0.04,0.12,0.02,0.09,0.24,0.28,0.35,0.5853698994977035,0.6563541149724282,0.6995842803712594,0.6839916992995972,0.6192422680224768,0.7133382486375115,0.7180219678044067,0.7644884537484571,0.744321168983275,0.6344404874784255,0.606689827933417,0.5627719241994665,20.92,19.93,19.41,20.02,18.89,17.52,18.1,19.75,21.07,22.2,22.55,21.2,13.450000000000003,12.059999999999999,13.049999999999997,12.990000000000002,15.719999999999999,16.660000000000004,16.990000000000002,16.75,15.52,16.14,14.85,14.739999999999998,substrate|open|net|evergreen,0.05,0.0,0.82,0.53,0.0,1.0,pe-chao,-8.54,-78.68,nasa_power_climatology
0.0,0.0,0.0,-2386.5,1571.0,0.0,0.0,0.0,0.0,0.0,0.0,0.0,0.0,0.0,0.0,29.72,37.12368109090909,32.35754729411764,1.0664027971340546,14.932383561643837,7005.0,0.0,0.0,0.0,0.0,0.0,0.31980000000000014,0.0,0.0,0.0,0.0,0.0,14.285833333333334,29.195833333333336,2.98,0.665717861745702,20.13,16.24,17.66,17.6,16.22,13.41,13.78,12.67,12.43,13.05,11.76,13.06,13.55,29.69,29.72,30.65,29.21,29.13,30.44,29.66,29.18,28.57,27.9,27.91,28.29,0.34,0.39,0.58,0.36,0.17,0.04,0.12,0.02,0.09,0.24,0.28,0.35,0.5853698994977035,0.6563541149724282,0.6995842803712594,0.6839916992995972,0.6192422680224768,0.7133382486375115,0.7180219678044067,0.7644884537484571,0.744321168983275,0.6344404874784255,0.606689827933417,0.5627719241994665,20.92,19.93,19.41,20.02,18.89,17.52,18.1,19.75,21.07,22.2,22.55,21.2,13.450000000000003,12.059999999999999,13.049999999999997,12.990000000000002,15.719999999999999,16.660000000000004,16.990000000000002,16.75,15.52,16.14,14.85,14.739999999999998,substrate|open|net|evergreen,0.05,0.0,0.82,0.53,0.0,1.0,pe-viru,-8.42,-78.75,nasa_power_climatology
0.0,0.0,0.0,-1733.5,1209.0,0.0,0.0,0.0,0.0,0.0,0.0,0.0,0.0,0.0,0.0,28.58,31.639349472527467,23.138668352941178,1.0496804524214889,13.807671232876713,6401.0,0.0,0.0,0.0,0.0,0.0,0.22449462365591397,0.0,0.0,0.0,0.0,0.0,13.388333333333334,27.17916666666667,1.86,0.6544605316132844,18.03,16.03,17.26,16.65,14.85,12.11,11.57,11.03,11.0,11.85,11.86,12.62,13.83,28.58,28.359999999999996,28.76,28.04,27.02,26.69,25.38,25.88,26.15,26.58,27.1,27.61,0.18,0.31,0.33,0.16,0.11,0.04,0.06,0.05,0.05,0.11,0.17,0.29,0.6590953823857169,0.7009938210288413,0.7180734198811414,0.6734539184672761,0.6154447462165503,0.5817320474980785,0.583944785256391,0.6545713058930133,0.6904209823648323,0.6825778405946877,0.6622792897997237,0.6309388399731621,22.54,22.29,21.89,20.26,15.79,11.88,11.59,13.19,15.72,18.97,20.84,21.4,12.549999999999997,11.099999999999994,12.110000000000003,13.19,14.91,15.120000000000001,14.35,14.879999999999999,14.299999999999999,14.719999999999999,14.480000000000002,13.78,substrate|open|net|evergreen,0.05,0.0,0.82,0.53,0.0,1.0,pe-huacho,-11.11,-77.61,nasa_power_climatology
0.0,0.0,0.0,-1164.5,1298.0,0.0,0.0,0.0,0.0,0.0,0.0,0.0,0.0,0.0,0.0,28.45,37.06282226373626,32.57709988235293,1.7061127560841303,18.57594520547945,4770.0,0.0,0.0,0.0,0.0,0.0,0.6393344086021505,0.0,0.0,0.0,0.0,0.0,9.641666666666667,28.20083333333334,4.879999999999999,0.8385375018828592,19.745833333333334,10.39,11.51,12.21,10.59,9.47,8.68,8.49,8.28,9.34,8.63,9.01,9.1,28.45,27.1,27.6,28.8,27.93,28.96,28.42,28.71,28.52,28.7,28.36,26.86,0.52,0.74,0.79,0.45,0.33,0.1,0.11,0.09,0.13,0.32,0.48999999999999994,0.81,0.623908561594893,0.5990809527900268,0.6564573491265872,0.7746219875783216,0.8604841900501893,0.9451846602540727,0.9935052907422167,1.0800977286442772,1.0661224687113116,0.9545768204990049,0.8504126960454433,0.6579973165579658,19.56,18.47,18.43,19.42,19.21,17.89,18.37,19.75,20.75,22.23,22.54,20.33,18.06,15.590000000000002,15.39,18.21,18.46,20.28,19.93,20.43,19.18,20.07,19.35,17.759999999999998,substrate|open|net|evergreen,0.05,0.0,0.82,0.53,0.0,1.0,pe-barranca,-10.75,-77.76,nasa_power_climatology
0.0,0.0,0.0,-1733.5,1209.0,0.0,0.0,0.0,0.0,0.0,0.0,0.0,0.0,0.0,0.0,28.58,31.639349472527467,23.138668352941178,1.0496804524214889,13.807671232876713,6401.0,0.0,0.0,0.0,0.0,0.0,0.22449462365591397,0.0,0.0,0.0,0.0,0.0,13.388333333333334,27.17916666666667,1.86,0.6544605316132844,18.03,16.03,17.26,16.65,14.85,12.11,11.57,11.03,11.0,11.85,11.86,12.62,13.83,28.58,28.359999999999996,28.76,28.04,27.02,26.69,25.38,25.88,26.15,26.58,27.1,27.61,0.18,0.31,0.33,0.16,0.11,0.04,0.06,0.05,0.05,0.11,0.17,0.29,0.6590953823857169,0.7009938210288413,0.7180734198811414,0.6734539184672761,0.6154447462165503,0.5817320474980785,0.583944785256391,0.6545713058930133,0.6904209823648323,0.6825778405946877,0.6622792897997237,0.6309388399731621,22.54,22.29,21.89,20.26,15.79,11.88,11.59,13.19,15.72,18.97,20.84,21.4,12.549999999999997,11.099999999999994,12.110000000000003,13.19,14.91,15.120000000000001,14.35,14.879999999999999,14.299999999999999,14.719999999999999,14.480000000000002,13.78,substrate|open|net|evergreen,0.05,0.0,0.82,0.53,0.0,1.0,pe-huaura,-11.07,-77.6,nasa_power_climatology
0.0,0.0,0.0,-2143.0,704.0,0.0,0.0,0.0,0.0,0.0,0.0,0.0,0.0,0.0,0.0,26.61,31.639349472527467,23.138668352941178,0.46202686570886287,7.979698630136987,7200.0,0.0,0.0,0.0,0.0,0.0,0.13413763440860216,0.0,0.0,0.0,0.0,0.0,15.848333333333331,23.82083333333333,1.8300000000000005,0.37414098079341596,18.03,18.34,19.46,18.68,17.21,15.22,14.62,14.26,13.87,13.7,13.98,14.82,16.02,26.61,26.38,26.43,25.05,23.86,23.19,22.67,21.33,21.780000000000005,21.75,22.75,24.05,0.2,0.38,0.4,0.13,0.08,0.07,0.13,0.1,0.04,0.06,0.1,0.14,0.3970600066850306,0.4073585764542131,0.4077441937357502,0.37102623344160346,0.3547405532742532,0.3628294452290428,0.3740199108776993,0.3715345517690066,0.36893963232629684,0.3565062818627507,0.3603368396020267,0.35759554426331897,22.54,22.29,21.89,20.26,15.79,11.88,11.59,13.19,15.72,18.97,20.84,21.4,8.27,6.919999999999998,7.75,7.84,8.639999999999999,8.570000000000002,8.410000000000002,7.459999999999999,8.080000000000005,7.77,7.93,8.030000000000001,substrate|open|net|evergreen,0.05,0.0,0.82,0.53,0.0,1.0,pe-huaral,-11.5,-77.21,nasa_power_climatology
0.0,0.0,0.0,-1479.5,1071.0,0.0,0.0,0.0,0.0,0.0,0.0,0.0,0.0,0.0,0.0,26.55,35.16005551648351,24.428248588235295,1.3062388154083902,13.514657534246576,5495.0,0.0,0.0,0.0,0.0,0.0,0.15741182795698924,0.0,0.0,0.0,0.0,0.0,12.337499999999999,25.83833333333334,1.35,0.7790113609134406,19.296666666666667,13.74,14.820000000000002,14.93,13.81,11.72,11.03,10.58,10.71,11.67,10.86,11.92,12.26,26.4,26.55,27.34,26.5,26.04,25.74,24.97,24.94,25.04,24.9,25.42,26.22,0.21,0.29,0.2,0.05,0.05,0.02,0.03,0.04,0.04,0.08,0.11,0.23,0.6049562695366155,0.5861613844797675,0.6512505401627728,0.753807041134148,0.8388112515548372,0.8466400810761892,0.869542546267589,0.9167870852310764,0.9368564747578083,0.8566690519927984,0.8063487989603755,0.6803058058073098,23.99,23.830000000000002,22.93,21.15,16.67,12.38,11.85,13.69,17.4,21.2,23.13,23.34,12.659999999999998,11.729999999999999,12.41,12.69,14.319999999999999,14.709999999999999,14.389999999999999,14.23,13.37,14.04,13.500000000000002,13.959999999999999,substrate|open|net|evergreen,0.05,0.0,0.82,0.53,0.0,1.0,pe-canete,-13.08,-76.39,nasa_power_climatology
0.0,0.0,0.0,-1758.5,1129.0,0.0,0.0,0.0,0.0,0.0,0.0,0.0,0.0,0.0,0.0,28.39,35.16005551648351,24.428248588235295,0.997310190984034,13.091260273972601,6405.0,0.0,0.0,0.0,0.0,0.0,0.12889569892473118,0.0,0.0,0.0,0.0,0.0,13.615,26.6925,1.03,0.6286136084493278,19.296666666666667,16.17,17.36,17.21,15.45,13.14,12.62,11.68,10.68,10.9,11.82,12.45,13.9,27.69,28.390000000000004,28.37,27.45,26.19,25.4,25.59,25.6,25.55,25.78,26.45,27.85,0.16,0.21,0.14,0.04,0.04,0.02,0.03,0.03,0.04,0.06,0.09,0.17,0.5918245673904603,0.6206681840074378,0.6543748705093605,0.6437480269151538,0.6224841577405782,0.5877297727535434,0.620084789988292,0.6481975953834653,0.6548062452932585,0.6584158769152352,0.6336608189353208,0.6073683955598281,23.99,23.830000000000002,22.93,21.15,16.67,12.38,11.85,13.69,17.4,21.2,23.13,23.34,11.52,11.030000000000005,11.16,12.0,13.05,12.78,13.91,14.920000000000002,14.65,13.96,14.0,13.950000000000001,substrate|open|net|evergreen,0.05,0.0,0.82,0.53,0.0,1.0,pe-chincha,-13.42,-76.13,nasa_power_climatology
0.0,0.0,0.0,-1757.5,1127.0,0.0,0.0,0.0,0.0,0.0,0.0,0.0,0.0,0.0,0.0,28.39,35.16005551648351,24.428248588235295,0.997310190984034,13.091260273972601,6406.0,0.0,0.0,0.0,0.0,0.0,0.12889569892473118,0.0,0.0,0.0,0.0,0.0,13.615,26.6925,1.03,0.6286136084493278,19.296666666666667,16.17,17.36,17.21,15.45,13.14,12.62,11.68,10.68,10.9,11.82,12.45,13.9,27.69,28.390000000000004,28.37,27.45,26.19,25.4,25.59,25.6,25.55,25.78,26.45,27.85,0.16,0.21,0.14,0.04,0.04,0.02,0.03,0.03,0.04,0.06,0.09,0.17,0.5918245673904603,0.6206681840074378,0.6543748705093605,0.6437480269151538,0.6224841577405782,0.5877297727535434,0.620084789988292,0.6481975953834653,0.6548062452932585,0.6584158769152352,0.6336608189353208,0.6073683955598281,23.99,23.830000000000002,22.93,21.15,16.67,12.38,11.85,13.69,17.4,21.2,23.13,23.34,11.52,11.030000000000005,11.16,12.0,13.05,12.78,13.91,14.920000000000002,14.65,13.96,14.0,13.950000000000001,substrate|open|net|evergreen,0.05,0.0,0.82,0.53,0.0,1.0,pe-pisco,-13.71,-76.2,nasa_power_climatology
0.0,0.0,0.0,-1461.0,1315.0,0.0,0.0,0.0,0.0,0.0,0.0,0.0,0.0,0.0,0.0,29.66,45.50113859340657,35.360835882352944,1.8699409831460023,17.22435616438356,5458.0,0.0,0.0,0.0,0.0,0.0,0.3074709677419355,0.0,0.0,0.0,0.0,0.0,11.35,28.564999999999998,2.58,0.9782510810508082,23.205833333333334,13.34,14.17,13.99,12.7,10.12,10.72,9.79,9.96,9.5,9.85,10.609999999999998,11.45,28.42,29.66,29.14,28.86,28.63,28.46,27.38,28.66,28.74,28.32,28.09,28.42,0.41,0.55,0.37,0.11,0.12,0.02,0.05,0.05,0.09,0.16,0.2,0.45,0.8030787740001812,0.8069650695040533,0.8452531986423876,0.9262322430616249,0.9993776081016505,1.0351617054489428,1.0418796477607615,1.1503693981219847,1.1257670851117731,1.09371199457944,1.022977868752132,0.8882383795247668,24.59,22.56,22.62,22.38,20.64,18.48,18.84,21.57,24.68,27.32,28.280000000000005,26.51,15.080000000000002,15.49,15.15,16.16,18.509999999999998,17.740000000000002,17.59,18.7,19.24,18.47,17.480000000000004,16.970000000000002,substrate|open|net|evergreen,0.05,0.0,0.82,0.53,0.0,1.0,pe-ica,-14.07,-75.73,nasa_power_climatology
0.0,0.0,0.0,-1460.0,1315.0,0.0,0.0,0.0,0.0,0.0,0.0,0.0,0.0,0.0,0.0,29.66,45.12438701298701,35.360835882352944,1.9018235670469932,17.22435616438356,5458.0,0.0,0.0,0.0,0.0,0.0,0.23659999999999998,0.0,0.0,0.0,0.0,0.0,11.35,28.564999999999998,2.58,0.9782510810508082,23.205833333333334,13.34,14.17,13.99,12.7,10.12,10.72,9.79,9.96,9.5,9.85,10.609999999999998,11.45,28.42,29.66,29.14,28.86,28.63,28.46,27.38,28.66,28.74,28.32,28.09,28.42,0.41,0.55,0.37,0.11,0.12,0.02,0.05,0.05,0.09,0.16,0.2,0.45,0.8030787740001812,0.8069650695040533,0.8452531986423876,0.9262322430616249,0.9993776081016505,1.0351617054489428,1.0418796477607615,1.1503693981219847,1.1257670851117731,1.09371199457944,1.022977868752132,0.8882383795247668,24.59,22.56,22.62,22.38,20.64,18.48,18.84,21.57,24.68,27.32,28.280000000000005,26.51,15.080000000000002,15.49,15.15,16.16,18.509999999999998,17.740000000000002,17.59,18.7,19.24,18.47,17.480000000000004,16.970000000000002,substrate|open|net|evergreen,0.05,0.0,0.82,0.53,0.0,1.0,pe-ica-ventura,-14.1,-75.7,nasa_power_climatology
0.0,0.0,0.0,-3274.0,2356.0,0.0,0.0,0.0,0.0,0.0,2707.6800000000007,120.0,120.0,120.0,28.0,48.534000000000006,27.17567710714286,27.819831294117645,2.4405810563367316,22.149945205479455,5693.0,1644.0,0.0,0.0,0.0,0.0,0.060631720430107526,0.0,0.0,0.0,0.0,0.0,16.06583333333333,38.19666666666667,3.58,1.2916160872863154,16.30416666666667,17.3,19.0,19.71,18.219999999999995,16.18,15.72,15.32,14.14,15.44,13.94,13.07,14.75,38.21,38.63,39.72,39.39,38.38,38.68,38.47,39.12,37.33,36.66,36.1,37.67,0.33,0.73,1.12,0.36,0.15,0.05,0.06,0.03,0.05,0.22,0.23,0.25,1.3280683169660439,1.4461174707057098,1.5356862871299726,1.4535984103558426,1.2572794145959703,1.2553711292788785,1.2572111967821957,1.274413166532668,1.2568466922942874,1.1496510360885108,1.1007685497855897,1.1843813769201152,14.78,13.8,14.64,15.48,15.15,14.94,15.89,17.48,18.51,19.07,19.24,16.67,20.91,19.630000000000003,20.009999999999998,21.170000000000005,22.200000000000003,22.96,23.15,24.979999999999997,21.89,22.72,23.03,22.92,substrate|open|net|deciduous,1.0,0.0,0.82,0.53,0.0,1.0,pe-olmos-deciduous,-5.98,-79.78,nasa_power_climatology
0.0,0.0,0.0,-3059.5,2019.0,0.0,0.0,0.0,0.0,0.0,696.6399999999994,90.0,28.0,28.0,0.0,42.215999999999994,35.90299443956043,30.989309764705883,1.1466270021018614,16.524383561643837,7180.0,121.0,0.0,0.0,0.0,0.0,0.3113010752688172,0.0,0.0,0.0,0.0,0.0,16.355,32.87083333333333,2.8600000000000003,0.8326628303013462,18.555833333333332,18.74,19.79,19.78,18.38,16.25,15.88,15.26,14.29,14.9,13.97,13.890000000000002,15.13,33.68,35.12,36.15,34.32,33.14,33.94,31.49,31.68,30.46,30.52,30.83,33.12,0.25,0.48999999999999994,0.9,0.31,0.14,0.04,0.04,0.03,0.05,0.2,0.22,0.19,0.9195972644937217,1.044661776925508,1.078858941180379,0.9481559317195783,0.7985118610384885,0.8018875800299392,0.7506351101702665,0.7516850707451107,0.7359989489937795,0.6905087606610655,0.6940032337562619,0.7774494839020528,17.6,16.54,16.86,17.89,17.45,16.68,17.49,19.07,20.62,21.31,21.59,19.57,14.940000000000001,15.329999999999998,16.369999999999997,15.940000000000001,16.89,18.059999999999995,16.229999999999997,17.39,15.56,16.549999999999997,16.939999999999998,17.989999999999995,substrate|open|net|evergreen,0.05,0.0,0.82,0.53,0.0,1.0,pe-lambayeque,-6.7,-79.91,nasa_power_climatology
0.0,0.0,0.0,-2679.5,1773.0,0.0,0.0,0.0,0.0,0.0,0.0,0.0,0.0,0.0,0.0,31.92,35.48573248351648,29.220241764705882,1.5251382851591802,16.371506849315068,7504.0,0.0,0.0,0.0,0.0,0.0,1.0018247311827957,0.0,0.0,0.0,0.0,0.0,14.718333333333334,31.080833333333334,6.720000000000001,0.9292827361048116,19.603333333333335,15.75,16.58,17.37,16.34,14.45,13.72,13.73,13.88,14.31,12.9,13.04,14.55,31.45,31.919999999999998,32.37,31.42,31.51,31.06,30.53,30.75,30.16,30.43,30.0,31.37,0.86,0.8800000000000001,1.4,0.87,0.33,0.08,0.1,0.04,0.16,0.62,0.73,0.65,0.8433201585984349,0.8638670675249611,0.8936489222676695,0.9062265369420156,0.9172947656813397,0.9787383655101517,1.012948850330712,1.082630377941989,1.046800057843082,0.9058713922771052,0.8483216914924366,0.8517246468478415,21.7,21.12,20.68,20.56,18.28,15.640000000000002,15.85,17.02,19.3,21.14,22.1,21.85,15.7,15.34,14.999999999999996,15.080000000000002,17.060000000000002,17.339999999999996,16.8,16.869999999999997,15.85,17.53,16.96,16.82,substrate|open|net|evergreen,0.05,0.0,0.82,0.53,0.0,1.0,pe-chepen,-7.23,-79.45,nasa_power_climatology
0.0,280.0,292.0,-664.0,1306.0,240.0,320.0,0.0,0.0,0.0,1520.7599999999995,123.0,61.0,61.0,0.0,46.967999999999996,30.824224417582418,33.2814051655629,0.9926648390093332,23.73904109589041,5045.0,334.0,0.0,0.0,0.0,0.0,6.969831182795702,0.0,0.0,0.0,0.0,0.0,9.7025,33.475833333333334,30.439999999999998,0.8405441613048764,20.65083333333333,5.59,4.17,6.03,9.69,8.63,14.78,13.99,15.72,13.87,10.05,7.4,6.51,30.9,33.2,34.76,37.05,37.7,37.76,32.87,32.12,32.0,32.13,30.77,30.45,0.38,0.7,0.31,0.02,0.54,4.34,6.34,6.39,7.09,3.2,0.89,0.24,0.7453374706115135,0.8480426581289248,1.1319039236952098,1.5640219850760566,1.3952469025196546,1.0092700201995057,0.6104032521816244,0.5452221169630393,0.45110390719129406,0.5049089596661401,0.599542386040921,0.681526353384631,17.48,20.9,24.79,26.96,25.65,21.219999999999995,19.71,19.63,18.02,18.51,18.01,16.93,25.31,29.03,28.729999999999997,27.36,29.07,22.979999999999997,18.879999999999995,16.4,18.130000000000003,22.080000000000002,23.369999999999997,23.939999999999998,open_soil|open|net|deciduous,1.0,1.0,0.82,0.53,0.0,1.0,mx-zapopan,19.7,-103.46,nasa_power_climatology
0.0,1027.0,1027.0,74.5,1075.0,880.2857142857142,1173.7142857142856,0.0,0.0,0.0,1247.5199999999995,61.0,61.0,61.0,0.0,46.05,30.824224417582418,33.2814051655629,0.9873293819016349,25.258739726027393,4197.0,273.0,0.0,0.0,0.0,0.0,5.9757645161290345,0.0,0.0,0.0,0.0,0.0,6.448333333333333,31.747500000000002,29.78,0.8124559022007108,20.65083333333333,2.08,1.7900000000000003,3.48,7.4,6.78,11.859999999999998,11.39,13.18,9.0,5.69,3.28,1.45,28.26,32.5,33.33,35.7,36.98,37.25,30.95,29.51,29.08,30.19,29.23,27.99,0.38,0.66,0.27,0.03,0.63,4.7,6.93,6.34,6.33,2.57,0.7,0.24,0.6679165604121633,0.8589025269840826,1.1360563581128102,1.5595707655513966,1.44592223906398,1.0312402530579536,0.5463466136736292,0.49533884388039334,0.3943160300128443,0.4739576639669999,0.5520318381218557,0.587871133570423,17.48,20.9,24.79,26.96,25.65,21.219999999999995,19.71,19.63,18.02,18.51,18.01,16.93,26.18,30.71,29.849999999999998,28.300000000000004,30.199999999999996,25.39,19.56,16.330000000000002,20.08,24.5,25.95,26.54,substrate|open|net|deciduous,1.0,0.0,0.82,0.53,0.0,1.0,mx-sayula,19.88,-103.6,nasa_power_climatology
0.0,1027.0,1027.0,75.0,1075.0,821.6,1437.8,0.0,0.0,0.0,1247.5199999999995,61.0,61.0,61.0,0.0,46.05,42.31672085714287,33.2814051655629,2.9312002767920227,25.258739726027393,4197.0,273.0,0.0,0.0,0.0,0.0,0.34301428571428577,0.0,0.0,0.0,0.0,0.0,6.448333333333333,31.747500000000002,29.78,0.8124559022007108,20.65083333333333,2.08,1.7900000000000003,3.48,7.4,6.78,11.859999999999998,11.39,13.18,9.0,5.69,3.28,1.45,28.26,32.5,33.33,35.7,36.98,37.25,30.95,29.51,29.08,30.19,29.23,27.99,0.38,0.66,0.27,0.03,0.63,4.7,6.93,6.34,6.33,2.57,0.7,0.24,0.6679165604121633,0.8589025269840826,1.1360563581128102,1.5595707655513966,1.44592223906398,1.0312402530579536,0.5463466136736292,0.49533884388039334,0.3943160300128443,0.4739576639669999,0.5520318381218557,0.587871133570423,17.48,20.9,24.79,26.96,25.65,21.219999999999995,19.71,19.63,18.02,18.51,18.01,16.93,26.18,30.71,29.849999999999998,28.300000000000004,30.199999999999996,25.39,19.56,16.330000000000002,20.08,24.5,25.95,26.54,open_soil|open|net|deciduous,1.0,1.0,0.82,0.53,0.0,1.0,mx-tapalpa,19.94,-103.76,nasa_power_climatology
0.0,26.75,26.85,-420.5,1198.0,0.0,0.0,0.0,0.0,0.0,1509.1199999999994,92.0,61.0,61.0,0.0,46.788,30.75427661538461,33.09233054304636,0.8636455177249958,24.279890410958902,4615.0,396.0,0.0,0.0,0.0,0.0,7.77574731182796,0.0,0.0,0.0,0.0,0.0,8.846666666666666,33.16583333333333,35.099999999999994,0.8562512583617856,20.743333333333336,4.71,4.01,4.89,8.95,8.71,13.19,13.94,15.01,12.77,8.65,6.56,4.77,30.87,34.12,35.7,37.51,37.66,37.57,33.12,30.67,30.780000000000005,30.46,29.85,29.68,0.45,0.72,0.29,0.03,0.4,4.62,7.72,8.07,8.35,3.39,0.76,0.3,0.791944054582448,0.9716632805078743,1.2875818174615419,1.7155225779701777,1.5182453560017108,1.0089955844853,0.5473750706719118,0.441561159380985,0.3778830395859057,0.4258125559809623,0.5394119391197597,0.6490186645928526,17.39,20.75,24.8,26.9,26.01,21.61,20.42,19.9,18.21,18.32,17.92,16.69,26.16,30.11,30.810000000000002,28.56,28.949999999999996,24.380000000000003,19.18,15.660000000000002,18.010000000000005,21.810000000000002,23.290000000000003,24.91,substrate|open|net|evergreen,0.05,0.0,0.82,0.53,0.0,1.0,mx-autlan,19.77,-104.37,nasa_power_climatology
0.0,280.0,292.0,-663.5,1306.0,248.88888888888889,311.11111111111114,0.0,0.0,0.0,1520.7599999999995,123.0,61.0,61.0,0.0,46.967999999999996,51.60575714285716,40.58707947019866,2.8037107195891657,23.73904109589041,5045.0,334.0,0.0,0.0,0.0,0.0,0.5746666666666669,0.0,0.0,0.0,0.0,0.0,9.7025,33.475833333333334,30.439999999999998,0.8405441613048764,20.65083333333333,5.59,4.17,6.03,9.69,8.63,14.78,13.99,15.72,13.87,10.05,7.4,6.51,30.9,33.2,34.76,37.05,37.7,37.76,32.87,32.12,32.0,32.13,30.77,30.45,0.38,0.7,0.31,0.02,0.54,4.34,6.34,6.39,7.09,3.2,0.89,0.24,0.7453374706115135,0.8480426581289248,1.1319039236952098,1.5640219850760566,1.3952469025196546,1.0092700201995057,0.6104032521816244,0.5452221169630393,0.45110390719129406,0.5049089596661401,0.599542386040921,0.681526353384631,17.48,20.9,24.79,26.96,25.65,21.219999999999995,19.71,19.63,18.02,18.51,18.01,16.93,25.31,29.03,28.729999999999997,27.36,29.07,22.979999999999997,18.879999999999995,16.4,18.130000000000003,22.080000000000002,23.369999999999997,23.939999999999998,open_soil|open|none|deciduous,1.0,1.0,1.0,1.0,0.0,1.0,mx-ciudad-guzman,19.72,-103.46,nasa_power_climatology
0.0,976.0,977.0,-134.0,968.0,854.0,1098.0,0.0,0.0,7.75,1458.080000000001,123.0,61.0,61.0,0.0,45.63600000000001,54.93287142857144,40.47096754966887,3.6694716740801017,29.351561643835616,3607.0,181.0,0.0,0.0,0.0,0.0,0.7696774193548389,0.0,0.0,0.0,0.0,0.0,3.188333333333333,32.55500000000001,20.639999999999997,0.9591034485203092,21.855,-2.93,-1.26,-1.33,5.46,6.36,10.69,9.89,9.64,5.61,1.79,-1.36,-4.3,27.25,31.609999999999996,34.35,35.09,37.02,36.07,33.38,33.42,31.86,32.44,29.85,28.32,0.34,0.59,0.31,0.13,0.79,3.72,5.06,4.19,3.7,1.19,0.4,0.22,0.6520178501880446,0.885610287949871,1.1236412106714935,1.5602199004720532,1.6064428605599712,1.317744675776561,0.8946449912748639,0.8634848609685738,0.6617981956693655,0.6958510126081062,0.6399344570312743,0.6078510790735315,17.4,20.82,24.69,27.07,26.94,24.31,22.95,22.84,20.219999999999995,20.09,18.35,16.58,30.18,32.87,35.68,29.630000000000003,30.660000000000004,25.380000000000003,23.490000000000002,23.78,26.25,30.65,31.21,32.62,open_soil|open|none|deciduous,1.0,1.0,1.0,1.0,0.0,1.0,mx-encarnacion,21.53,-102.24,nasa_power_climatology
0.0,15.0,15.450000000000001,-1228.5,1542.0,0.0,0.0,0.0,0.0,0.0,5193.440000000002,123.0,123.0,123.0,123.0,56.87,31.7156392087912,30.288585456953633,2.3116433456042955,26.626986301369858,4323.0,1940.0,0.0,0.0,0.0,0.0,4.88769247311828,0.0,0.0,0.0,0.0,0.0,13.254999999999997,39.93833333333333,23.000000000000004,1.590114092694711,21.08416666666667,5.94,3.69,8.93,13.35,14.69,19.18,22.09,21.98,18.96,14.79,10.359999999999998,5.1,36.72,37.88,39.96,43.63,43.11,45.87,42.43,38.92,38.39,38.08,38.74,35.53,0.26,0.52,0.15,0.05,0.04,1.11,5.91,6.57,5.62,1.48,0.76,0.53,1.396333829647641,1.4070790191552687,1.9447648221492078,2.4882607865142368,2.4883204611051655,2.366062867097465,1.454762063436379,0.9395542520723232,0.7948596641148856,1.194337495061628,1.4139466824584837,1.193087169523849,15.51,18.890000000000004,23.26,26.18,27.66,25.88,22.9,21.6,19.84,19.66,16.86,14.77,30.779999999999998,34.190000000000005,31.03,30.28,28.42,26.689999999999998,20.34,16.94,19.43,23.29,28.380000000000003,30.43,substrate|open|net|evergreen,0.05,0.0,0.82,0.53,0.0,1.0,mx-culiacan,24.81,-107.39,nasa_power_climatology
0.0,20.6,20.6,-1099.0,1542.0,0.0,0.0,0.0,0.0,0.0,5121.72,123.0,123.0,123.0,123.0,55.58,32.00923345054944,30.065225602649004,2.665035405637201,27.364931506849317,3990.0,1847.0,0.0,0.0,0.0,0.0,3.641174193548388,0.0,0.0,0.0,0.0,0.0,12.383333333333333,39.82083333333333,17.509999999999998,1.5380732493696556,21.416666666666668,4.81,0.59,8.76,11.13,13.74,19.14,22.64,22.78,19.36,10.58,9.72,5.35,35.67,38.21999999999999,38.28,40.99,42.22,44.58,42.5,40.41,39.81000000000001,40.33,39.63,35.21,0.35,0.48000000000000004,0.13,0.04,0.05,0.72,4.53,4.95,4.26,1.1,0.5,0.4,1.173570564660638,1.1576392054538882,1.6831720955326277,2.0442687076845623,2.311002405120536,2.4350641412958822,1.6713934115104199,1.2045108406582883,1.050691333073626,1.2139854861708543,1.4124279774629758,1.0991528238115689,15.4,18.75,23.27,26.23,28.33,27.01,24.03,22.51,20.58,19.68,16.69,14.52,30.860000000000003,37.62999999999999,29.520000000000003,29.86,28.479999999999997,25.439999999999998,19.86,17.629999999999995,20.45000000000001,29.75,29.910000000000004,29.86,substrate|open|net|evergreen,0.05,0.0,0.82,0.53,0.0,1.0,mx-los-mochis,25.79,-108.99,nasa_power_climatology
0.0,5.95,6.15,-1393.5,1474.0,0.0,0.0,0.0,0.0,0.0,2858.9200000000005,123.0,123.0,123.0,31.0,48.623999999999995,32.00923345054944,30.065225602649004,2.0140570107708156,20.295972602739724,5219.0,988.0,0.0,0.0,0.0,0.0,3.9220021505376357,0.0,0.0,0.0,0.0,0.0,15.155,35.50333333333334,16.99,1.2328426690883718,21.416666666666668,6.28,4.7299999999999995,11.28,13.69,16.43,20.99,24.75,24.85,22.1,15.44,12.67,8.65,30.94,32.6,33.28,36.2,37.13,38.33,38.68,37.12,36.98,37.8,35.88,31.1,0.27,0.41,0.09,0.03,0.03,0.56,3.98,4.92,4.66,1.16,0.5,0.38,0.8387118028444531,0.8728051361460696,1.2121087175479341,1.4820904111605653,1.7031252014822913,1.7513718962231155,1.5014054124649092,1.188174019891895,1.0471475372688388,1.1732488382948687,1.1484930750676252,0.8754299806678968,15.4,18.75,23.27,26.23,28.33,27.01,24.03,22.51,20.58,19.68,16.69,14.52,24.66,27.87,22.0,22.510000000000005,20.700000000000003,17.34,13.93,12.269999999999996,14.879999999999995,22.36,23.21,22.450000000000003,substrate|open|net|evergreen,0.05,0.0,0.82,0.53,0.0,1.0,mx-guasave,25.57,-108.47,nasa_power_climatology
0.0,475.0,476.0,-146.0,1003.0,407.1428571428571,542.8571428571428,0.0,0.0,0.0,910.1200000000003,92.0,0.0,0.0,0.0,41.0,29.28444013186812,25.18233413245032,1.9455759289560433,22.73643835616438,4470.0,60.0,0.0,0.0,0.0,0.0,0.92357311827957,0.0,0.0,0.0,0.0,1.0,8.68,31.423333333333336,8.44,0.8219611851748785,19.776666666666667,3.71,5.26,7.0,7.4,9.39,10.26,12.17,12.63,13.140000000000002,10.95,6.58,5.67,27.66,27.94,28.95,29.61,31.68,34.49,35.0,33.93,36.29,34.63,30.67,26.23,1.13,1.64,0.87,0.48,0.2,1.11,0.11,0.11,0.19,0.41,0.74,1.45,0.603571359103936,0.6018838678665908,0.6250245720676656,0.6395593922354669,0.7228801354276666,0.909681333135266,1.081211111632564,1.095801480519842,1.203091766091054,1.0005638651662838,0.7772506486240859,0.6030146902281195,12.79,15.74,20.38,24.42,25.51,25.76,24.73,23.97,21.32,17.38,13.7,11.62,23.95,22.68,21.95,22.21,22.29,24.230000000000004,22.83,21.299999999999997,23.15,23.680000000000003,24.090000000000003,20.560000000000002,open_soil|open|net|deciduous,1.0,1.0,0.82,0.53,0.0,1.0,mx-ensenada,31.87,-116.6,nasa_power_climatology
0.0,0.0,0.0,-992.5,906.0,0.0,0.0,0.0,0.0,0.0,0.0,0.0,0.0,0.0,0.0,31.68,38.599414857142854,27.13603029139072,0.7676175073536936,15.82164383561644,5702.0,0.0,0.0,0.0,0.0,0.0,0.7468809523809523,0.0,0.0,0.0,0.0,1.0,11.979999999999999,27.814999999999998,5.3,0.5347363434933882,21.485,8.6,7.99,10.57,11.0,11.88,13.12,14.0,15.53,14.87,14.41,11.26,10.53,25.04,24.72,25.39,27.18,31.68,26.77,28.64,28.63,31.82,30.94,30.01,22.96,0.67,1.08,0.58,0.25,0.11,0.59,0.03,0.05,0.13,0.45,0.45,0.91,0.5249116267689182,0.48562729831762125,0.47288403639848775,0.47863436816602256,0.49669357334518466,0.42015887204425645,0.4682030922675742,0.5348240709502627,0.6703915799699806,0.6669087719891501,0.6641218979069217,0.5334769337962776,13.79,16.87,21.98,26.48,28.47,29.14,26.81,25.5,22.51,18.93,14.76,12.58,16.439999999999998,16.729999999999997,14.82,16.18,19.799999999999997,13.65,14.64,13.1,16.950000000000003,16.53,18.75,12.430000000000001,substrate|open|net|deciduous,1.0,0.0,0.82,0.53,0.0,1.0,mx-san-quintin,30.56,-115.94,nasa_power_climatology
0.0,0.0,0.0,-991.5,906.0,0.0,0.0,0.0,0.0,0.0,0.0,0.0,0.0,0.0,0.0,31.68,31.43118481318681,27.13603029139072,1.1071687827698977,15.82164383561644,5703.0,0.0,0.0,0.0,0.0,0.0,0.7020279569892474,0.0,0.0,0.0,0.0,1.0,11.979999999999999,27.814999999999998,5.3,0.5347363434933882,21.485,8.6,7.99,10.57,11.0,11.88,13.12,14.0,15.53,14.87,14.41,11.26,10.53,25.04,24.72,25.39,27.18,31.68,26.77,28.64,28.63,31.82,30.94,30.01,22.96,0.67,1.08,0.58,0.25,0.11,0.59,0.03,0.05,0.13,0.45,0.45,0.91,0.5249116267689182,0.48562729831762125,0.47288403639848775,0.47863436816602256,0.49669357334518466,0.42015887204425645,0.4682030922675742,0.5348240709502627,0.6703915799699806,0.6669087719891501,0.6641218979069217,0.5334769337962776,13.79,16.87,21.98,26.48,28.47,29.14,26.81,25.5,22.51,18.93,14.76,12.58,16.439999999999998,16.729999999999997,14.82,16.18,19.799999999999997,13.65,14.64,13.1,16.950000000000003,16.53,18.75,12.430000000000001,substrate|open|net|evergreen,0.05,0.0,0.82,0.53,0.0,1.0,mx-vicente-guerrero,30.73,-115.99,nasa_power_climatology
0.0,0.0,0.0,-2393.5,1722.0,0.0,0.0,0.0,0.0,0.0,1733.0000000000002,123.0,92.0,92.0,0.0,45.18600000000001,30.824224417582418,33.2814051655629,1.1117399232599368,18.58219178082192,6135.0,280.0,0.0,0.0,0.0,0.0,7.439550537634408,0.0,0.0,0.0,0.0,0.0,15.804166666666667,34.40166666666667,29.999999999999996,0.952342194081696,20.65083333333333,11.84,11.56,12.35,15.65,14.58,19.87,20.32,21.06,19.83,15.75,14.5,12.34,32.79,33.7,34.95,36.06000000000001,36.77,36.16,35.13,34.05,33.92,33.42,33.06,32.81,0.38,0.67,0.3,0.01,0.45,4.03,5.74,6.25,7.36,3.57,0.99,0.25,0.913376736580881,0.9873349107743573,1.1938489687813045,1.4983975072335407,1.3466573765178411,1.043793974262536,0.851096172090225,0.7340394640598001,0.6115871419179972,0.6220794752157189,0.7847736083620517,0.841120993184099,17.48,20.9,24.79,26.96,25.65,21.219999999999995,19.71,19.63,18.02,18.51,18.01,16.93,20.95,22.14,22.6,20.41000000000001,22.190000000000005,16.289999999999996,14.810000000000002,12.989999999999998,14.090000000000003,17.67,18.560000000000002,20.470000000000002,open_soil|open|net|deciduous,1.0,1.0,0.82,0.53,0.0,1.0,mx-colima,19.24,-103.72,nasa_power_climatology
0.0,938.0,945.0,8.0,1076.0,804.0,1072.0,0.0,0.0,0.0,916.52,61.0,61.0,61.0,0.0,44.034000000000006,30.686940197802194,33.21193541721853,1.0101162850972931,24.646849315068494,4222.0,92.0,0.0,0.0,0.0,0.0,4.568381720430108,0.0,0.0,0.0,0.0,0.0,6.585833333333333,31.280833333333334,24.349999999999998,0.7909531202702443,20.507499999999997,1.34,1.5400000000000003,3.72,8.73,7.69,11.640000000000002,12.51,11.99,6.53,6.28,3.5,3.56,28.72,32.54,33.36,34.14,36.13,35.37,30.0,29.24,29.15,29.6,29.18,27.94,0.29,0.55,0.36,0.11,1.0,3.8599999999999994,5.41,5.25,4.85,1.93,0.56,0.18,0.7063529183172457,0.8914805793270845,1.1149590138737273,1.4602580207970857,1.268189633181868,0.8918025459235062,0.5641066223024386,0.4884308561749964,0.3727008708605651,0.48896803683884,0.580300901997108,0.6638874436484659,17.48,20.9,24.62,26.719999999999995,25.19,21.04,19.5,19.43,17.89,18.41,17.99,16.92,27.38,31.0,29.64,25.41,28.44,23.729999999999997,17.490000000000002,17.25,22.619999999999997,23.32,25.68,24.380000000000003,open_soil|open|net|deciduous,1.0,1.0,0.82,0.53,0.0,1.0,mx-uruapan,19.41,-102.05,nasa_power_climatology
0.0,1057.0,1057.0,44.5,1123.0,845.6,1479.8,0.0,0.0,0.0,1359.2400000000007,92.0,61.0,61.0,0.0,46.86000000000001,51.311357142857126,40.53471258278144,3.294892227790111,26.889150684931504,4025.0,274.0,0.0,0.0,0.0,0.0,0.6395714285714286,0.0,0.0,0.0,0.0,0.0,5.803333333333332,32.73,24.269999999999996,0.9080913599963415,21.409999999999997,0.86,1.03,2.87,7.56,7.61,13.04,12.19,11.22,5.72,4.39,2.57,0.58,29.48,33.78,34.64,35.8,37.7,36.6,32.81,31.2,30.52,31.19,29.9,29.14,0.31,0.57,0.37,0.09,1.1,4.19,5.7,5.05,4.54,1.65,0.5,0.2,0.7656730626717649,0.9900364629132778,1.254488422736014,1.651872740661159,1.5391019510240833,1.150167696669488,0.6674964048576767,0.5582695696276957,0.429856193790215,0.5593308574802988,0.6458313471343026,0.6849716103901207,17.44,20.859999999999996,24.67,26.74,25.91,23.17,21.9,21.84,19.87,19.5,18.23,16.79,28.62,32.75,31.77,28.24,30.090000000000003,23.560000000000002,20.620000000000005,19.979999999999997,24.8,26.8,27.33,28.560000000000002,open_soil|open|none|deciduous,1.0,1.0,1.0,1.0,0.0,1.0,mx-zamora,20.0,-102.28,nasa_power_climatology
40.06768058819276,1135.0,1136.0,255.0,553.0,972.8571428571428,1297.142857142857,0.0,0.0,0.0,5296.8,123.0,123.0,123.0,92.0,56.03,15.419430454945058,12.302566158278148,2.3067561811737014,30.255917808219177,3065.0,1148.0,0.0,0.0,0.0,0.0,0.26947311827956993,0.0,0.0,0.0,0.0,0.0,4.015,34.252500000000005,14.88,1.0441855665819093,18.0425,-4.53,-3.41,-1.22,2.86,5.37,10.359999999999998,13.41,13.82,11.76,3.71,-1.48,-2.47,23.06,23.47,30.7,32.31,37.83,43.28,45.03,44.94,43.68999999999999,36.53,28.52,21.67,1.43,1.63,1.76,1.71,0.87,0.23,0.02,0.11,0.7,2.15,2.47,1.8,0.20593831458435216,0.2631897017328996,0.42713421973690613,0.6130755852201377,1.0645710147624303,1.888464804925563,2.4957968437422124,2.453826005788626,1.7710091238293537,0.7809169813303074,0.35483202871510444,0.21147217461501897,9.22,12.429999999999998,16.45,20.51,24.8,27.81,28.59,25.25,19.31,13.78,10.06,8.3,27.59,26.88,31.919999999999998,29.450000000000003,32.46,32.92,31.62,31.119999999999997,31.929999999999993,32.82,30.0,24.14,substrate|tunnel|ldpe|deciduous,1.0,0.0,0.527,0.1,30.0,0.0,es-moguer,37.28,-6.84,nasa_power_climatology
40.05738208576705,1135.0,1136.0,255.5,553.0,908.0,1589.0,0.0,0.0,0.0,5296.8,123.0,123.0,123.0,92.0,56.03,18.795688385714286,12.302566158278148,1.1668288436590102,30.255917808219177,3065.0,1148.0,0.0,0.0,0.0,0.0,0.17980714285714283,0.0,0.0,0.0,0.0,0.0,4.015,34.252500000000005,14.88,1.0441855665819093,18.0425,-4.53,-3.41,-1.22,2.86,5.37,10.359999999999998,13.41,13.82,11.76,3.71,-1.48,-2.47,23.06,23.47,30.7,32.31,37.83,43.28,45.03,44.94,43.68999999999999,36.53,28.52,21.67,1.43,1.63,1.76,1.71,0.87,0.23,0.02,0.11,0.7,2.15,2.47,1.8,0.20593831458435216,0.2631897017328996,0.42713421973690613,0.6130755852201377,1.0645710147624303,1.888464804925563,2.4957968437422124,2.453826005788626,1.7710091238293537,0.7809169813303074,0.35483202871510444,0.21147217461501897,9.22,12.429999999999998,16.45,20.51,24.8,27.81,28.59,25.25,19.31,13.78,10.06,8.3,27.59,26.88,31.919999999999998,29.450000000000003,32.46,32.92,31.62,31.119999999999997,31.929999999999993,32.82,30.0,24.14,substrate|tunnel|ldpe|deciduous,1.0,0.0,0.527,0.1,30.0,0.0,es-lucena,37.3,-6.73,nasa_power_climatology
2.11755939969629,45.400000000000006,45.400000000000006,1001.0,275.0,0.0,0.0,0.0,0.0,0.0,750.1999999999996,93.0,31.0,31.0,0.0,43.745999999999995,15.419430454945058,12.302566158278148,0.977580645981781,17.261041095890413,4665.0,90.0,0.0,0.0,0.0,0.0,0.29544193548387104,0.0,0.0,0.0,0.0,0.0,9.838333333333333,27.088333333333335,16.46,0.63393179709215,18.0425,3.91,3.35,5.51,8.93,9.99,13.73,16.77,17.6,16.21,10.93,6.25,4.88,18.97,20.01,24.02,24.5,32.26,31.92,35.97,33.82,31.88,28.34,23.56,19.81,1.51,1.85,2.04,1.88,0.95,0.2,0.02,0.1,0.69,2.33,2.8,2.09,0.27761963428006003,0.2948349922213793,0.37491255938228585,0.4586248254986059,0.7242816711490935,0.9201262172582076,1.2698221493311384,1.175319374710065,0.8688728871129127,0.5653198650984795,0.3903455986067067,0.28710179045686524,9.22,12.429999999999998,16.45,20.51,24.8,27.81,28.59,25.25,19.31,13.78,10.06,8.3,15.059999999999999,16.66,18.509999999999998,15.57,22.269999999999996,18.19,19.2,16.22,15.669999999999998,17.41,17.31,14.93,substrate|tunnel|ldpe|evergreen,0.05,0.0,0.527,0.1,30.0,0.0,es-palos,37.23,-6.89,nasa_power_climatology
42.73331939566551,1105.0,1108.0,209.5,574.0,982.2222222222222,1227.7777777777778,0.0,0.0,0.3125,5648.8,123.0,123.0,123.0,123.0,57.26,21.2209385,13.889994049668877,1.237125319175883,31.01871232876712,3038.0,1194.0,0.0,0.0,0.0,0.0,0.1882476190476191,0.0,0.0,0.0,0.0,0.0,3.686666666666666,34.685833333333335,15.420000000000002,1.099703935039364,18.0425,-4.61,-3.53,-2.01,2.13,4.32,10.24,13.43,14.25,11.79,3.04,-1.49,-3.32,21.82,23.88,30.99,32.84,38.64,43.63,45.4,46.26,44.81000000000001,36.72,29.02,22.22,1.56,1.72,1.86,1.76,0.91,0.18,0.02,0.11,0.8,2.28,2.38,1.84,0.20556017019818873,0.2769392441516374,0.43613521742713973,0.6293996309179452,1.0800931244643506,1.9570234891953935,2.6323258072682187,2.696547896056815,1.8905357645289718,0.7967883257191987,0.3748618866056679,0.22023666393884084,9.22,12.429999999999998,16.45,20.51,24.8,27.81,28.59,25.25,19.31,13.78,10.06,8.3,26.43,27.41,33.0,30.710000000000004,34.32,33.39,31.97,32.01,33.02000000000001,33.68,30.509999999999998,25.54,substrate|tunnel|woven|deciduous,1.0,0.0,0.595,0.42,30.0,0.0,es-almonte,37.26,-6.52,nasa_power_climatology
42.35265171863039,908.0,908.0,1001.0,275.0,778.2857142857142,1037.7142857142856,0.0,0.0,0.0,750.1999999999996,93.0,31.0,31.0,0.0,43.745999999999995,15.419430454945058,12.302566158278148,0.977580645981781,17.261041095890413,4665.0,90.0,0.0,0.0,0.0,0.0,0.29544193548387104,0.0,0.0,0.0,0.0,0.0,9.838333333333333,27.088333333333335,16.46,0.63393179709215,18.0425,3.91,3.35,5.51,8.93,9.99,13.73,16.77,17.6,16.21,10.93,6.25,4.88,18.97,20.01,24.02,24.5,32.26,31.92,35.97,33.82,31.88,28.34,23.56,19.81,1.51,1.85,2.04,1.88,0.95,0.2,0.02,0.1,0.69,2.33,2.8,2.09,0.27761963428006003,0.2948349922213793,0.37491255938228585,0.4586248254986059,0.7242816711490935,0.9201262172582076,1.2698221493311384,1.175319374710065,0.8688728871129127,0.5653198650984795,0.3903455986067067,0.28710179045686524,9.22,12.429999999999998,16.45,20.51,24.8,27.81,28.59,25.25,19.31,13.78,10.06,8.3,15.059999999999999,16.66,18.509999999999998,15.57,22.269999999999996,18.19,19.2,16.22,15.669999999999998,17.41,17.31,14.93,substrate|tunnel|ldpe|deciduous,1.0,0.0,0.527,0.1,30.0,0.0,es-bonares,37.24,-6.68,nasa_power_climatology
40.05222917830717,1135.0,1136.0,255.0,553.0,908.0,1589.0,0.0,0.0,0.0,5296.8,123.0,123.0,123.0,92.0,56.03,18.795688385714286,12.302566158278148,1.1668288436590102,30.255917808219177,3065.0,1148.0,0.0,0.0,0.0,0.0,0.17980714285714283,0.0,0.0,0.0,0.0,0.0,4.015,34.252500000000005,14.88,1.0441855665819093,18.0425,-4.53,-3.41,-1.22,2.86,5.37,10.359999999999998,13.41,13.82,11.76,3.71,-1.48,-2.47,23.06,23.47,30.7,32.31,37.83,43.28,45.03,44.94,43.68999999999999,36.53,28.52,21.67,1.43,1.63,1.76,1.71,0.87,0.23,0.02,0.11,0.7,2.15,2.47,1.8,0.20593831458435216,0.2631897017328996,0.42713421973690613,0.6130755852201377,1.0645710147624303,1.888464804925563,2.4957968437422124,2.453826005788626,1.7710091238293537,0.7809169813303074,0.35483202871510444,0.21147217461501897,9.22,12.429999999999998,16.45,20.51,24.8,27.81,28.59,25.25,19.31,13.78,10.06,8.3,27.59,26.88,31.919999999999998,29.450000000000003,32.46,32.92,31.62,31.119999999999997,31.929999999999993,32.82,30.0,24.14,substrate|tunnel|ldpe|deciduous,1.0,0.0,0.527,0.1,30.0,0.0,es-rociana,37.31,-6.6,nasa_power_climatology
40.026427623701075,1135.0,1137.0,258.5,553.0,993.125,1276.875,0.0,0.0,0.0,5296.8,123.0,123.0,123.0,92.0,56.03,37.009546428571404,19.84284864238411,1.7944419636447875,30.255917808219177,3065.0,1148.0,0.0,0.0,0.0,0.0,0.15046774193548385,0.0,0.0,0.0,0.0,0.0,4.015,34.252500000000005,14.88,1.0441855665819093,18.0425,-4.53,-3.41,-1.22,2.86,5.37,10.359999999999998,13.41,13.82,11.76,3.71,-1.48,-2.47,23.06,23.47,30.7,32.31,37.83,43.28,45.03,44.94,43.68999999999999,36.53,28.52,21.67,1.43,1.63,1.76,1.71,0.87,0.23,0.02,0.11,0.7,2.15,2.47,1.8,0.20593831458435216,0.2631897017328996,0.42713421973690613,0.6130755852201377,1.0645710147624303,1.888464804925563,2.4957968437422124,2.453826005788626,1.7710091238293537,0.7809169813303074,0.35483202871510444,0.21147217461501897,9.22,12.429999999999998,16.45,20.51,24.8,27.81,28.59,25.25,19.31,13.78,10.06,8.3,27.59,26.88,31.919999999999998,29.450000000000003,32.46,32.92,31.62,31.119999999999997,31.929999999999993,32.82,30.0,24.14,substrate|tunnel|none|deciduous,1.0,0.0,0.85,1.0,30.0,0.0,es-niebla,37.36,-6.68,nasa_power_climatology
42.34826131451254,908.0,908.0,1001.0,275.0,778.2857142857142,1037.7142857142856,0.0,0.0,0.0,750.1999999999996,93.0,31.0,31.0,0.0,43.745999999999995,15.455154105494508,12.226059369536424,0.977580645981781,17.261041095890413,4665.0,90.0,0.0,0.0,0.0,0.0,0.29544193548387104,0.0,0.0,0.0,0.0,0.0,9.838333333333333,27.088333333333335,16.46,0.63393179709215,18.020833333333336,3.91,3.35,5.51,8.93,9.99,13.73,16.77,17.6,16.21,10.93,6.25,4.88,18.97,20.01,24.02,24.5,32.26,31.92,35.97,33.82,31.88,28.34,23.56,19.81,1.51,1.85,2.04,1.88,0.95,0.2,0.02,0.1,0.69,2.33,2.8,2.09,0.27761963428006003,0.2948349922213793,0.37491255938228585,0.4586248254986059,0.7242816711490935,0.9201262172582076,1.2698221493311384,1.175319374710065,0.8688728871129127,0.5653198650984795,0.3903455986067067,0.28710179045686524,9.08,12.48,16.45,20.51,24.7,27.67,28.61,25.33,19.49,13.82,9.96,8.15,15.059999999999999,16.66,18.509999999999998,15.57,22.269999999999996,18.19,19.2,16.22,15.669999999999998,17.41,17.31,14.93,substrate|tunnel|ldpe|deciduous,1.0,0.0,0.527,0.1,30.0,0.0,es-cartaya,37.21,-7.15,nasa_power_climatology
2.089845724691751,54.900000000000006,55.1,240.0,503.0,0.0,0.0,0.0,0.0,0.21250000000000002,5353.920000000001,123.0,123.0,123.0,92.0,56.17,15.455154105494508,12.226059369536424,2.1561761891565414,30.378410958904105,3053.0,1104.0,0.0,0.0,0.0,0.0,0.28335591397849463,0.0,0.0,0.0,0.0,0.0,3.42,33.78666666666666,15.459999999999999,0.9782922297130239,18.020833333333336,-5.17,-4.7,-2.01,2.67,4.79,9.99,12.86,13.15,10.63,3.87,-1.65,-3.39,22.42,23.04,28.99,31.81,37.53,43.88,44.98,45.17,43.18,35.58,27.83,21.03,1.46,1.6,1.77,1.75,0.93,0.26,0.02,0.12,0.74,2.18,2.67,1.9599999999999997,0.17416282121420418,0.2228557962449937,0.362799353719127,0.5628725285982613,0.9935702434231293,1.8401703625265584,2.365603366040827,2.332328581044883,1.6600112067015935,0.7346872377346779,0.31668972489894864,0.17375553440908378,9.08,12.48,16.45,20.51,24.7,27.67,28.61,25.33,19.49,13.82,9.96,8.15,27.590000000000003,27.74,31.0,29.14,32.74,33.89,32.12,32.02,32.55,31.709999999999997,29.479999999999997,24.42,substrate|tunnel|ldpe|evergreen,0.05,0.0,0.527,0.1,30.0,0.0,es-lepe,37.25,-7.2,nasa_power_climatology
40.01609053853169,1135.0,1137.0,260.0,552.0,908.0,1589.0,0.0,0.0,0.0,5296.8,123.0,123.0,123.0,92.0,56.03,18.795688385714286,12.302566158278148,1.1668288436590102,30.255917808219177,3065.0,1148.0,0.0,0.0,0.0,0.0,0.17980714285714283,0.0,0.0,0.0,0.0,0.0,4.015,34.252500000000005,14.88,1.0441855665819093,18.0425,-4.53,-3.41,-1.22,2.86,5.37,10.359999999999998,13.41,13.82,11.76,3.71,-1.48,-2.47,23.06,23.47,30.7,32.31,37.83,43.28,45.03,44.94,43.68999999999999,36.53,28.52,21.67,1.43,1.63,1.76,1.71,0.87,0.23,0.02,0.11,0.7,2.15,2.47,1.8,0.20593831458435216,0.2631897017328996,0.42713421973690613,0.6130755852201377,1.0645710147624303,1.888464804925563,2.4957968437422124,2.453826005788626,1.7710091238293537,0.7809169813303074,0.35483202871510444,0.21147217461501897,9.22,12.429999999999998,16.45,20.51,24.8,27.81,28.59,25.25,19.31,13.78,10.06,8.3,27.59,26.88,31.919999999999998,29.450000000000003,32.46,32.92,31.62,31.119999999999997,31.929999999999993,32.82,30.0,24.14,substrate|tunnel|ldpe|deciduous,1.0,0.0,0.527,0.1,30.0,0.0,es-gibraleon,37.38,-6.97,nasa_power_climatology
42.70718568320556,1106.0,1109.0,210.0,574.0,983.1111111111111,1228.888888888889,0.0,0.0,0.3125,5648.8,123.0,123.0,123.0,123.0,57.26,21.2209385,13.889994049668877,1.237125319175883,31.01871232876712,3031.0,1194.0,0.0,0.0,0.0,0.0,0.1882476190476191,0.0,0.0,0.0,0.0,0.0,3.686666666666666,34.685833333333335,15.420000000000002,1.099703935039364,18.0425,-4.61,-3.53,-2.01,2.13,4.32,10.24,13.43,14.25,11.79,3.04,-1.49,-3.32,21.82,23.88,30.99,32.84,38.64,43.63,45.4,46.26,44.81000000000001,36.72,29.02,22.22,1.56,1.72,1.86,1.76,0.91,0.18,0.02,0.11,0.8,2.28,2.38,1.84,0.20556017019818873,0.2769392441516374,0.43613521742713973,0.6293996309179452,1.0800931244643506,1.9570234891953935,2.6323258072682187,2.696547896056815,1.8905357645289718,0.7967883257191987,0.3748618866056679,0.22023666393884084,9.22,12.429999999999998,16.45,20.51,24.8,27.81,28.59,25.25,19.31,13.78,10.06,8.3,26.43,27.41,33.0,30.710000000000004,34.32,33.39,31.97,32.01,33.02000000000001,33.68,30.509999999999998,25.54,substrate|tunnel|woven|deciduous,1.0,0.0,0.595,0.42,30.0,0.0,es-bollullos,37.34,-6.54,nasa_power_climatology
41.76936306480471,1098.0,1103.0,240.5,503.0,941.1428571428571,1254.857142857143,0.0,0.0,0.21250000000000002,5353.920000000001,123.0,123.0,123.0,92.0,56.17,15.455154105494508,12.226059369536424,2.1561761891565414,30.378410958904105,3052.0,1104.0,0.0,0.0,0.0,0.0,0.28335591397849463,0.0,0.0,0.0,0.0,0.0,3.42,33.78666666666666,15.459999999999999,0.9782922297130239,18.020833333333336,-5.17,-4.7,-2.01,2.67,4.79,9.99,12.86,13.15,10.63,3.87,-1.65,-3.39,22.42,23.04,28.99,31.81,37.53,43.88,44.98,45.17,43.18,35.58,27.83,21.03,1.46,1.6,1.77,1.75,0.93,0.26,0.02,0.12,0.74,2.18,2.67,1.9599999999999997,0.17416282121420418,0.2228557962449937,0.362799353719127,0.5628725285982613,0.9935702434231293,1.8401703625265584,2.365603366040827,2.332328581044883,1.6600112067015935,0.7346872377346779,0.31668972489894864,0.17375553440908378,9.08,12.48,16.45,20.51,24.7,27.67,28.61,25.33,19.49,13.82,9.96,8.15,27.590000000000003,27.74,31.0,29.14,32.74,33.89,32.12,32.02,32.55,31.709999999999997,29.479999999999997,24.42,substrate|tunnel|ldpe|deciduous,1.0,0.0,0.527,0.1,30.0,0.0,es-villablanca,37.3,-7.34,nasa_power_climatology
40.07282620566028,1135.0,1136.0,255.0,553.0,908.0,1589.0,0.0,0.0,0.0,5296.8,123.0,123.0,123.0,92.0,56.03,18.804346242857143,12.226059369536424,1.1668288436590102,30.255917808219177,3065.0,1148.0,0.0,0.0,0.0,0.0,0.17980714285714283,0.0,0.0,0.0,0.0,0.0,4.015,34.252500000000005,14.88,1.0441855665819093,18.020833333333336,-4.53,-3.41,-1.22,2.86,5.37,10.359999999999998,13.41,13.82,11.76,3.71,-1.48,-2.47,23.06,23.47,30.7,32.31,37.83,43.28,45.03,44.94,43.68999999999999,36.53,28.52,21.67,1.43,1.63,1.76,1.71,0.87,0.23,0.02,0.11,0.7,2.15,2.47,1.8,0.20593831458435216,0.2631897017328996,0.42713421973690613,0.6130755852201377,1.0645710147624303,1.888464804925563,2.4957968437422124,2.453826005788626,1.7710091238293537,0.7809169813303074,0.35483202871510444,0.21147217461501897,9.08,12.48,16.45,20.51,24.7,27.67,28.61,25.33,19.49,13.82,9.96,8.15,27.59,26.88,31.919999999999998,29.450000000000003,32.46,32.92,31.62,31.119999999999997,31.929999999999993,32.82,30.0,24.14,substrate|tunnel|ldpe|deciduous,1.0,0.0,0.527,0.1,30.0,0.0,es-aljaraque,37.27,-7.02,nasa_power_climatology
40.07796941554362,1135.0,1136.0,255.0,553.0,972.8571428571428,1297.142857142857,0.0,0.0,0.0,5296.8,123.0,123.0,123.0,92.0,56.03,15.419430454945058,12.302566158278148,2.3067561811737014,30.255917808219177,3065.0,1148.0,0.0,0.0,0.0,0.0,0.26947311827956993,0.0,0.0,0.0,0.0,0.0,4.015,34.252500000000005,14.88,1.0441855665819093,18.0425,-4.53,-3.41,-1.22,2.86,5.37,10.359999999999998,13.41,13.82,11.76,3.71,-1.48,-2.47,23.06,23.47,30.7,32.31,37.83,43.28,45.03,44.94,43.68999999999999,36.53,28.52,21.67,1.43,1.63,1.76,1.71,0.87,0.23,0.02,0.11,0.7,2.15,2.47,1.8,0.20593831458435216,0.2631897017328996,0.42713421973690613,0.6130755852201377,1.0645710147624303,1.888464804925563,2.4957968437422124,2.453826005788626,1.7710091238293537,0.7809169813303074,0.35483202871510444,0.21147217461501897,9.22,12.429999999999998,16.45,20.51,24.8,27.81,28.59,25.25,19.31,13.78,10.06,8.3,27.59,26.88,31.919999999999998,29.450000000000003,32.46,32.92,31.62,31.119999999999997,31.929999999999993,32.82,30.0,24.14,substrate|tunnel|ldpe|deciduous,1.0,0.0,0.527,0.1,30.0,0.0,es-huelva-city,37.26,-6.95,nasa_power_climatology
14.676700498606332,360.0,367.0,-19.5,668.0,308.57142857142856,411.4285714285714,0.0,0.0,0.0,3226.640000000001,123.0,123.0,123.0,92.0,50.712,16.015583858241758,13.0004467807947,1.3327730723649487,19.936986301369863,4599.0,734.0,0.0,0.0,0.0,0.0,0.3600301075268817,0.0,0.0,0.0,0.0,1.0,11.565,31.495833333333337,20.73,0.7391653318715353,18.279999999999998,5.0,4.68,7.11,10.69,12.12,15.4,17.75,18.66,17.01,13.28,9.08,8.0,22.01,23.38,27.85,29.43,36.18,39.4,39.84,38.84,36.28,33.69,28.24,22.81,2.65,2.5,2.48,1.86,0.84,0.14,0.03,0.06,0.62,2.43,3.99,3.13,0.33916053948079544,0.35654280934132354,0.4510272460222726,0.5515403377579473,0.830403015058376,1.128539080466805,1.258396639050117,1.2574917215696204,0.9811832618082349,0.7793512636207477,0.5405999569429292,0.3957481113392528,9.83,13.25,17.26,21.96,25.29,27.19,26.82,24.17,19.67,14.59,10.51,8.82,17.01,18.7,20.740000000000002,18.740000000000002,24.060000000000002,24.0,22.090000000000003,20.180000000000003,19.27,20.409999999999997,19.159999999999997,14.809999999999999,substrate|tunnel|ldpe|deciduous,1.0,0.0,0.527,0.1,30.0,0.0,ma-larache,35.19,-6.16,nasa_power_climatology
25.184087785622978,1205.0,1207.0,261.0,687.0,964.0,1687.0,0.0,0.0,0.0,5811.28,123.0,123.0,123.0,123.0,57.16,18.7051272,12.531580813907283,0.9901471354120043,30.281123287671235,3261.0,1217.0,0.0,0.0,0.0,0.0,0.3287666666666667,0.0,0.0,0.0,0.0,1.0,4.750000000000001,35.01833333333334,26.58,0.9604157502274789,17.903333333333332,-3.66,-3.38,-0.83,3.85,4.84,10.78,13.41,14.02,12.42,5.75,0.63,-0.83,23.06,24.71,29.57,32.35,38.71,44.55,45.85,46.16,43.66,36.76,30.06,24.78,3.23,3.22,3.46,2.68,1.28,0.23,0.05,0.12,0.88,3.03,4.64,3.76,0.20519570165661405,0.24276034826585077,0.3697238768182452,0.5356589753707857,0.8903331243245567,1.6562086859370315,2.2434910136225303,2.3095071512738854,1.5848311444765295,0.8445178855159216,0.3970166171122388,0.24574447835555796,9.66,12.53,16.32,20.41,24.2,27.37,27.41,24.5,19.26,14.19,10.3,8.69,26.72,28.09,30.4,28.5,33.870000000000005,33.769999999999996,32.44,32.14,31.239999999999995,31.009999999999998,29.43,25.61,substrate|tunnel|ldpe|deciduous,1.0,0.0,0.527,0.1,30.0,0.0,ma-ksar,35.0,-5.9,nasa_power_climatology
0.7421486559729387,18.150000000000002,18.400000000000002,-21.5,667.0,0.0,0.0,0.0,0.0,0.0,3226.640000000001,123.0,123.0,123.0,92.0,50.712,16.41633608571428,13.499438650331124,1.3327730723649487,19.936986301369863,4590.0,732.0,0.0,0.0,0.0,0.0,0.3600301075268817,0.0,0.0,0.0,0.0,1.0,11.565,31.495833333333337,20.73,0.7391653318715353,18.528333333333332,5.0,4.68,7.11,10.69,12.12,15.4,17.75,18.66,17.01,13.28,9.08,8.0,22.01,23.38,27.85,29.43,36.18,39.4,39.84,38.84,36.28,33.69,28.24,22.81,2.65,2.5,2.48,1.86,0.84,0.14,0.03,0.06,0.62,2.43,3.99,3.13,0.33916053948079544,0.35654280934132354,0.4510272460222726,0.5515403377579473,0.830403015058376,1.128539080466805,1.258396639050117,1.2574917215696204,0.9811832618082349,0.7793512636207477,0.5405999569429292,0.3957481113392528,10.22,13.64,17.91,22.16,25.21,27.06,26.68,24.36,20.02,14.9,10.95,9.23,17.01,18.7,20.740000000000002,18.740000000000002,24.060000000000002,24.0,22.090000000000003,20.180000000000003,19.27,20.409999999999997,19.159999999999997,14.809999999999999,substrate|tunnel|ldpe|evergreen,0.05,0.0,0.527,0.1,30.0,0.0,ma-moulay,34.88,-6.29,nasa_power_climatology
0.0,0.0,0.0,-904.5,625.0,0.0,0.0,0.0,0.0,0.0,1182.96,123.0,31.0,31.0,0.0,42.378,16.41633608571428,13.499438650331124,0.850300068552518,14.46315068493151,5799.0,31.0,0.0,0.0,0.0,0.0,0.30770967741935484,0.0,0.0,0.0,0.0,1.0,14.018333333333336,28.457500000000007,16.169999999999998,0.5352870560426432,18.528333333333332,8.35,9.209999999999999,10.31,12.62,14.26,16.48,18.57,19.81,19.0,15.76,12.55,11.3,22.1,21.24,26.05,26.74,33.26,34.17,35.21,34.97,30.62,29.85,25.35,21.93,2.19,1.8700000000000003,1.76,1.2,0.52,0.08,0.05,0.06,0.75,1.88,3.42,2.39,0.416460762871473,0.4053874397207565,0.4479699905550548,0.47314345082978276,0.6073582955852533,0.6207333342349655,0.6043327885376866,0.6314226503588354,0.6004241616725554,0.5927767815754007,0.5561802008831414,0.4672548156868122,10.22,13.64,17.91,22.16,25.21,27.06,26.68,24.36,20.02,14.9,10.95,9.23,13.750000000000002,12.03,15.74,14.12,19.0,17.69,16.64,15.16,11.620000000000001,14.090000000000002,12.8,10.629999999999999,substrate|tunnel|ldpe|deciduous,1.0,0.0,0.527,0.1,30.0,0.0,ma-kenitra,34.26,-6.58,nasa_power_climatology
0.9996067020139299,1200.0,1200.0,149.0,869.0,1066.6666666666665,1333.3333333333335,0.0,0.0,0.0,6769.519999999998,123.0,123.0,123.0,123.0,58.79,19.482429614285728,13.286390000662253,1.3948929037656668,30.981424657534248,3419.0,1399.0,0.0,0.0,0.0,0.0,0.2548333333333332,0.0,0.0,0.0,0.0,1.0,6.225833333333334,37.19833333333334,20.7,1.129172114945434,18.475833333333334,-2.3,-1.69,1.15,5.02,7.28,11.37,14.42,16.03,13.98,6.37,3.1600000000000006,-0.08,25.05,27.69,33.38,35.32,41.06,46.48,47.79,47.73,45.22,38.59,31.92,26.15,2.64,2.52,2.73,2.0,0.94,0.16,0.05,0.11,0.72,2.36,3.67,2.8,0.2974210604317374,0.35077794542568363,0.516668008071766,0.7022840876782341,1.1289304446022759,1.8577729128086469,2.375006562519441,2.501103629352636,1.8539813657686768,1.0309272692177511,0.5792567522090366,0.35593534125932264,10.19,13.23,17.23,20.85,24.29,27.44,27.73,25.15,20.23,15.06,10.98,9.33,27.35,29.380000000000003,32.230000000000004,30.3,33.78,35.11,33.37,31.699999999999996,31.24,32.220000000000006,28.76,26.229999999999997,substrate|tunnel|ldpe|deciduous,1.0,0.0,0.527,0.1,30.0,0.0,ma-sidi-slimane,34.26,-5.92,nasa_power_climatology
0.0,868.0,868.0,182.0,887.0,694.4000000000001,1215.1999999999998,0.0,0.0,0.0,5913.879999999998,123.0,123.0,123.0,123.0,56.82,31.769131142857145,21.004819152317875,1.2646574252135223,26.628986301369867,3966.0,1328.0,0.0,0.0,0.0,0.0,2.4992190476190475,0.0,0.0,0.0,0.0,1.0,9.279166666666667,35.89166666666666,16.900000000000002,0.9483185383067533,18.528333333333332,1.46,2.44,4.33,8.33,9.68,14.26,15.93,17.78,15.65,10.88,6.39,4.22,25.67,26.97,33.19,33.7,39.77,45.25,45.28,45.82,41.68999999999999,37.47,30.67,25.22,2.24,2.0,2.06,1.46,0.66,0.11,0.04,0.07,0.63,1.98,3.26,2.39,0.3428196536694241,0.39036367474349076,0.544640235795127,0.6860504637733422,1.028676486358842,1.5823138440516205,1.699475985808611,1.8147021634421927,1.3632886225213043,0.9468369015783277,0.5880704002780525,0.39258402766070405,10.22,13.64,17.91,22.16,25.21,27.06,26.68,24.36,20.02,14.9,10.95,9.23,24.21,24.529999999999998,28.86,25.370000000000005,30.090000000000003,30.990000000000002,29.35,28.04,26.039999999999992,26.589999999999996,24.28,21.0,substrate|open|net|deciduous,1.0,0.0,0.82,0.53,0.0,1.0,ma-sidi-yahya,34.31,-6.3,nasa_power_climatology
0.0,869.0,869.0,191.5,885.0,744.8571428571428,993.1428571428571,0.0,0.0,0.0,5913.879999999998,123.0,123.0,123.0,123.0,56.82,16.559470443956045,13.286390000662253,1.966675980821184,26.628986301369867,3966.0,1331.0,0.0,0.0,0.0,0.0,0.29910967741935485,0.0,0.0,0.0,0.0,1.0,9.279166666666667,35.89166666666666,16.900000000000002,0.9483185383067533,18.475833333333334,1.46,2.44,4.33,8.33,9.68,14.26,15.93,17.78,15.65,10.88,6.39,4.22,25.67,26.97,33.19,33.7,39.77,45.25,45.28,45.82,41.68999999999999,37.47,30.67,25.22,2.24,2.0,2.06,1.46,0.66,0.11,0.04,0.07,0.63,1.98,3.26,2.39,0.3428196536694241,0.39036367474349076,0.544640235795127,0.6860504637733422,1.028676486358842,1.5823138440516205,1.699475985808611,1.8147021634421927,1.3632886225213043,0.9468369015783277,0.5880704002780525,0.39258402766070405,10.19,13.23,17.23,20.85,24.29,27.44,27.73,25.15,20.23,15.06,10.98,9.33,24.21,24.529999999999998,28.86,25.370000000000005,30.090000000000003,30.990000000000002,29.35,28.04,26.039999999999992,26.589999999999996,24.28,21.0,substrate|tunnel|ldpe|deciduous,1.0,0.0,0.527,0.1,30.0,0.0,ma-souk-el-arba,34.69,-5.99,nasa_power_climatology
0.0,38.050000000000004,38.1,-123.0,1117.0,0.0,0.0,0.0,0.0,0.0,6009.28,123.0,123.0,123.0,123.0,57.13,29.752624087912086,26.834320251655637,3.156584270123768,28.502273972602733,3778.0,1356.0,0.0,0.0,0.0,0.0,2.055258064516129,0.0,0.0,0.0,0.0,0.0,8.837499999999999,37.32083333333333,8.81,1.4860823152913314,20.785,1.83,3.68,4.45,7.12,9.19,13.07,15.45,15.89,14.58,10.27,6.53,3.99,27.61,29.330000000000002,34.2,36.25,41.17,44.34,46.13,45.22,41.88,38.43,34.35,28.94,0.84,1.26,1.11,0.6,0.38,0.07,0.04,0.14,0.3,0.76,2.04,1.27,0.6927165266231536,0.8036868718486041,0.9989643488751884,1.1352152259622739,1.5679709447837045,2.068575574179193,2.781133272374941,2.629764544703246,1.8886075655584953,1.4428398615606866,1.063449697692281,0.7600633493342114,13.97,17.14,21.46,24.92,27.09,27.84,26.81,24.57,21.61,17.46,14.13,12.42,25.78,25.650000000000002,29.750000000000004,29.13,31.980000000000004,31.270000000000003,30.680000000000003,29.33,27.300000000000004,28.16,27.82,24.950000000000003,substrate|open|net|evergreen,0.05,0.0,0.82,0.53,0.0,1.0,ma-agadir,30.43,-9.6,nasa_power_climatology
0.0,57.050000000000004,58.800000000000004,9.0,909.0,0.0,0.0,0.0,0.0,0.0,5548.760000000001,123.0,123.0,123.0,123.0,55.92,29.972913032967025,26.867706198675496,3.733615721100132,31.899808219178084,3258.0,1165.0,0.0,0.0,0.0,0.0,1.9376849462365588,0.0,0.0,0.0,0.0,0.0,4.640000000000001,36.535833333333336,8.41,1.5741856514805856,21.000833333333333,-3.79,-1.6300000000000001,0.62,2.17,5.23,10.53,12.62,13.97,11.31,5.18,1.02,-1.55,26.68,29.55,33.7,35.3,40.07,43.84,44.92,44.3,41.45,39.28,32.72,26.62,0.74,1.11,1.1,0.57,0.42,0.12,0.14,0.21,0.41,0.71,1.82,1.06,0.6598016371711974,0.7975488828560187,1.021013462931134,1.1446385513602086,1.6420544977264115,2.3816684310758984,3.013571107495021,2.9538980699135085,2.1354941231660165,1.5012172168412243,0.967830123871855,0.6714917133585334,14.15,17.08,21.32,25.04,27.33,28.65,27.48,24.83,21.88,17.59,14.13,12.53,30.47,31.18,33.080000000000005,33.129999999999995,34.84,33.31,32.300000000000004,30.33,30.14,34.1,31.7,28.17,substrate|open|net|evergreen,0.05,0.0,0.82,0.53,0.0,1.0,ma-taroudant,30.47,-8.88,nasa_power_climatology
0.0,38.050000000000004,38.050000000000004,-123.0,1117.0,0.0,0.0,0.0,0.0,0.0,6009.28,123.0,123.0,123.0,123.0,57.13,19.12150352967033,17.245959478807954,3.156584270123768,28.502273972602733,3778.0,1356.0,0.0,0.0,0.0,0.0,0.1580967741935484,0.0,0.0,0.0,0.0,0.0,8.837499999999999,37.32083333333333,8.81,1.4860823152913314,20.785,1.83,3.68,4.45,7.12,9.19,13.07,15.45,15.89,14.58,10.27,6.53,3.99,27.61,29.330000000000002,34.2,36.25,41.17,44.34,46.13,45.22,41.88,38.43,34.35,28.94,0.84,1.26,1.11,0.6,0.38,0.07,0.04,0.14,0.3,0.76,2.04,1.27,0.6927165266231536,0.8036868718486041,0.9989643488751884,1.1352152259622739,1.5679709447837045,2.068575574179193,2.781133272374941,2.629764544703246,1.8886075655584953,1.4428398615606866,1.063449697692281,0.7600633493342114,13.97,17.14,21.46,24.92,27.09,27.84,26.81,24.57,21.61,17.46,14.13,12.42,25.78,25.650000000000002,29.750000000000004,29.13,31.980000000000004,31.270000000000003,30.680000000000003,29.33,27.300000000000004,28.16,27.82,24.950000000000003,substrate|tunnel|ldpe|evergreen,0.05,0.0,0.527,0.1,30.0,0.0,ma-ouled-teima,30.39,-9.21,nasa_power_climatology
0.0,924.0,925.0,44.5,1056.0,792.0,1056.0,0.0,0.0,0.0,5708.4400000000005,123.0,123.0,123.0,123.0,56.55,19.12150352967033,17.245959478807954,2.6962190576704375,28.720520547945206,3778.0,1255.0,0.0,0.0,0.0,0.0,0.18166666666666667,0.0,0.0,0.0,0.0,0.0,7.819166666666668,36.52166666666667,9.64,1.2614806703860848,20.785,0.99,2.8,4.21,6.23,8.36,11.88,13.97,14.31,12.9,9.43,5.56,3.19,26.5,28.830000000000002,34.36,35.73,40.6,43.29,45.55,44.96,40.97,37.48,32.83,27.16,0.89,1.25,1.21,0.68,0.42,0.09,0.09,0.19,0.4,0.99,2.19,1.24,0.6188739712430661,0.7209209724320123,0.9338509512413206,0.9568182249638628,1.2944155891902167,1.632994041134488,2.335232248119518,2.2649114797478953,1.5404012473031614,1.253834661423068,0.9161760935630426,0.6693385642713631,13.97,17.14,21.46,24.92,27.09,27.84,26.81,24.57,21.61,17.46,14.13,12.42,25.51,26.03,30.15,29.499999999999996,32.24,31.409999999999997,31.58,30.65,28.07,28.049999999999997,27.27,23.97,substrate|tunnel|ldpe|deciduous,1.0,0.0,0.527,0.1,30.0,0.0,ma-biougra,30.21,-9.37,nasa_power_climatology
14.677683740635262,360.0,367.0,-19.5,668.0,308.57142857142856,411.4285714285714,0.0,0.0,0.0,3226.640000000001,123.0,123.0,123.0,92.0,50.712,16.015583858241758,13.0004467807947,1.3327730723649487,19.936986301369863,4601.0,734.0,0.0,0.0,0.0,0.0,0.3600301075268817,0.0,0.0,0.0,0.0,1.0,11.565,31.495833333333337,20.73,0.7391653318715353,18.279999999999998,5.0,4.68,7.11,10.69,12.12,15.4,17.75,18.66,17.01,13.28,9.08,8.0,22.01,23.38,27.85,29.43,36.18,39.4,39.84,38.84,36.28,33.69,28.24,22.81,2.65,2.5,2.48,1.86,0.84,0.14,0.03,0.06,0.62,2.43,3.99,3.13,0.33916053948079544,0.35654280934132354,0.4510272460222726,0.5515403377579473,0.830403015058376,1.128539080466805,1.258396639050117,1.2574917215696204,0.9811832618082349,0.7793512636207477,0.5405999569429292,0.3957481113392528,9.83,13.25,17.26,21.96,25.29,27.19,26.82,24.17,19.67,14.59,10.51,8.82,17.01,18.7,20.740000000000002,18.740000000000002,24.060000000000002,24.0,22.090000000000003,20.180000000000003,19.27,20.409999999999997,19.159999999999997,14.809999999999999,substrate|tunnel|ldpe|deciduous,1.0,0.0,0.527,0.1,30.0,0.0,ma-larache-wind,35.22,-6.2,nasa_power_climatology
0.0,0.0,0.0,-802.0,900.0,0.0,0.0,0.0,0.0,0.0,1178.2400000000007,120.0,28.0,28.0,0.0,43.13400000000001,36.36800742857142,22.495098588235294,1.3318431043515853,18.08756164383562,5291.0,56.0,0.0,0.0,0.0,0.0,5.955915053763443,0.0,0.0,0.0,0.0,0.0,11.973333333333334,30.073333333333334,45.54,0.6508090841038595,17.908333333333335,17.34,16.54,15.27,10.96,10.43,8.41,7.76,8.36,10.140000000000002,10.19,13.1,15.18,34.7,35.63,32.65,28.9,26.61,24.06,23.35,25.09,30.17,32.15,33.45,34.12,5.13,7.459999999999999,6.54,3.44,2.69,3.8499999999999996,1.32,1.91,1.48,3.29,4.22,4.21,0.7952478058712532,0.7402002033071369,0.6394082488815082,0.5548024845477931,0.5793857318494099,0.46679264844316987,0.4967721586012241,0.5876412404368153,0.7124928437653801,0.720001402104392,0.7326943184797268,0.784269922958504,24.47,21.8,18.17,14.95,11.87,9.84,11.22,14.67,18.73,21.62,23.57,23.99,17.360000000000003,19.090000000000003,17.38,17.939999999999998,16.18,15.649999999999999,15.590000000000002,16.73,20.03,21.96,20.35,18.939999999999998,open_soil|open|net|deciduous,1.0,1.0,0.82,0.53,0.0,1.0,au-coffs,-30.3,153.12,nasa_power_climatology
0.0,82.0,93.0,-595.5,991.0,65.60000000000001,114.8,0.0,0.0,0.0,2740.36,120.0,120.0,120.0,59.0,48.641999999999996,29.91115171428571,22.495098588235294,1.189402882588639,21.00054794520548,4716.0,507.0,0.0,0.0,0.0,0.0,7.322311904761905,0.0,0.0,0.0,0.0,0.0,11.030000000000001,32.049166666666665,44.57,0.7069922637327989,17.908333333333335,17.14,15.98,14.37,9.66,9.41,7.12,6.49,6.89,9.24,8.87,13.03,14.16,38.69,38.660000000000004,34.08,29.87,27.67,25.08,23.89,26.63,32.54,33.91,37.45,36.12,5.25,6.99,6.4,3.23,2.66,3.8499999999999996,1.29,1.9499999999999997,1.49,3.22,4.06,4.18,0.9707819817783824,0.8497175177647729,0.6674968665478878,0.5551495883358512,0.5837414676236636,0.4560193645110819,0.48147031496925496,0.5946740967047899,0.7665188869603213,0.7740972056891275,0.9003796875609225,0.8838601863475322,24.47,21.8,18.17,14.95,11.87,9.84,11.22,14.67,18.73,21.62,23.57,23.99,21.549999999999997,22.680000000000003,19.71,20.21,18.26,17.959999999999997,17.4,19.74,23.299999999999997,25.04,24.42,21.959999999999997,open_soil|open|net|deciduous,1.0,1.0,0.82,0.53,0.0,1.0,au-woolgoolga,-30.11,153.2,nasa_power_climatology
0.0,3.4000000000000004,4.15,-835.0,1182.0,0.0,0.0,0.0,0.0,0.0,1460.9999999999998,120.0,62.0,62.0,0.0,43.728,39.88908652747252,26.666597764705884,1.5671389620014462,19.59178082191781,5419.0,124.0,0.0,0.0,0.0,0.0,3.9772172043010747,0.0,0.0,0.0,0.0,0.0,12.415833333333332,31.996666666666666,31.92,0.7661974991916263,19.816666666666666,19.81,17.52,17.56,12.44,9.26,7.25,6.42,6.91,9.359999999999998,10.85,14.31,17.3,35.41,34.71,34.57,31.25,29.22,26.79,26.01,30.07,32.79,33.15,34.03,35.96,4.31,5.3,4.0,1.86,1.71,2.1,1.15,1.29,1.16,2.59,2.17,4.28,1.0109353540358792,0.8152920749557202,0.8192988437335765,0.690644930978202,0.6624617190976099,0.5061947024360504,0.5397497354816695,0.6779093404424036,0.7737810236274505,0.7934437507823938,0.9236429592153198,0.9810155555132395,24.8,22.580000000000002,19.82,17.42,14.28,12.26,13.85,17.24,20.98,23.49,25.74,25.34,15.599999999999998,17.19,17.01,18.810000000000002,19.96,19.54,19.590000000000003,23.16,23.43,22.299999999999997,19.72,18.66,substrate|open|net|evergreen,0.05,0.0,0.82,0.53,0.0,1.0,au-bundaberg,-24.87,152.35,nasa_power_climatology
0.0,0.0,0.0,-1404.5,1134.0,0.0,0.0,0.0,0.0,0.0,944.3599999999998,120.0,0.0,0.0,0.0,40.239999999999995,37.80669382417582,25.33153164705882,1.335045671743101,16.47564383561644,6088.0,0.0,0.0,0.0,0.0,0.0,4.813033333333333,0.0,0.0,0.0,0.0,0.0,13.943333333333333,30.411666666666665,42.739999999999995,0.7254672273605914,18.71833333333333,20.17,18.74,17.63,14.01,10.96,10.01,9.01,9.09,12.62,12.26,14.79,18.03,34.62,33.93,32.15,30.36,27.28,25.04,25.11,27.49,30.219999999999995,31.46,32.85,34.43,5.21,6.76,5.5,3.65,3.0,3.22,1.49,2.05,1.58,2.83,2.8,4.65,0.8924965755627521,0.7710885340443884,0.71375798197514,0.6789010522231791,0.6338389704375629,0.5310338222155098,0.5850889371840544,0.6890113763435666,0.7801139133919037,0.7402985648042397,0.8197234225761874,0.870253577568615,23.4,21.29,18.29,16.33,13.67,11.53,13.21,16.35,19.91,22.19,24.45,24.0,14.449999999999996,15.190000000000001,14.52,16.35,16.32,15.03,16.1,18.4,17.599999999999994,19.200000000000003,18.060000000000002,16.4,open_soil|open|net|deciduous,1.0,1.0,0.82,0.53,0.0,1.0,au-sunshine,-26.65,152.96,nasa_power_climatology
0.0,0.0,0.0,-1405.5,1134.0,0.0,0.0,0.0,0.0,0.0,944.3599999999998,120.0,0.0,0.0,0.0,40.239999999999995,37.42921428571429,30.89211176470588,1.108340886815635,16.47564383561644,6088.0,0.0,0.0,0.0,0.0,0.0,10.590952380952377,0.0,0.0,0.0,0.0,0.0,13.943333333333333,30.411666666666665,42.739999999999995,0.7254672273605914,18.71833333333333,20.17,18.74,17.63,14.01,10.96,10.01,9.01,9.09,12.62,12.26,14.79,18.03,34.62,33.93,32.15,30.36,27.28,25.04,25.11,27.49,30.219999999999995,31.46,32.85,34.43,5.21,6.76,5.5,3.65,3.0,3.22,1.49,2.05,1.58,2.83,2.8,4.65,0.8924965755627521,0.7710885340443884,0.71375798197514,0.6789010522231791,0.6338389704375629,0.5310338222155098,0.5850889371840544,0.6890113763435666,0.7801139133919037,0.7402985648042397,0.8197234225761874,0.870253577568615,23.4,21.29,18.29,16.33,13.67,11.53,13.21,16.35,19.91,22.19,24.45,24.0,14.449999999999996,15.190000000000001,14.52,16.35,16.32,15.03,16.1,18.4,17.599999999999994,19.200000000000003,18.060000000000002,16.4,open_soil|open|none|deciduous,1.0,1.0,1.0,1.0,0.0,1.0,au-nambour,-26.63,152.96,nasa_power_climatology
103.59342348462955,932.0,935.0,1911.0,0.0,932.0,932.0,0.0,0.0,0.0,0.0,0.0,0.0,0.0,0.0,29.1,10.941561642857142,13.637555058823528,0.31932504001363426,13.505726027397259,2595.0,0.0,0.0,0.0,0.0,0.0,4.017740860215054,0.0,0.0,0.0,0.0,0.0,7.19,20.70416666666667,30.0,0.3520880691441777,14.909999999999998,9.31,10.4,9.35,8.29,7.26,5.26,5.58,5.07,5.35,5.36,6.83,8.22,29.1,25.71,24.41,21.8,19.28,16.8,15.23,15.09,16.51,18.56,22.37,23.59,1.64,1.33,2.11,2.33,2.56,3.22,3.4,3.58,3.01,2.32,2.36,2.14,0.564648463464449,0.5210982504575941,0.461722529169565,0.3788299267787756,0.2995505016816977,0.24110075581255194,0.22622081636423785,0.22209753312089417,0.24329237054732022,0.28439002339225206,0.3543218515851525,0.4277838073556414,25.01,21.27,16.06,10.8,7.04,5.44,5.98,8.74,13.05,18.58,22.36,24.59,19.79,15.31,15.06,13.510000000000002,12.020000000000001,11.540000000000001,9.65,10.02,11.160000000000002,13.2,15.540000000000001,15.37,open_soil|open|net|deciduous,1.0,1.0,0.82,0.53,0.0,1.0,au-devonport,-41.18,146.35,nasa_power_climatology
87.92320142570014,1497.0,1501.0,1122.5,14.0,1497.0,1497.0,3.875,3.75,0.0,724.1600000000004,62.0,31.0,31.0,0.0,44.61000000000001,10.30655217857143,12.041000588235294,0.15894477547684893,25.49520547945206,2350.0,93.0,30.0,30.0,0.0,0.0,4.154632258064517,0.0,0.0,0.0,0.0,0.0,-0.07750000000000008,25.426666666666666,34.489999999999995,0.2885271844845852,13.505833333333333,3.19,3.02,1.62,-0.05,-1.26,-2.56,-2.58,-2.38,-2.06,-1.34,0.98,2.49,36.45,31.830000000000002,34.78,25.280000000000005,20.55,15.18,14.04,16.6,21.13,25.8,30.09,33.39,2.27,1.91,2.42,2.48,2.91,3.17,3.3,4.01,3.63,3.15,2.51,2.73,0.6160109804142224,0.5129616712658733,0.45584814941728624,0.2409767269280066,0.13225573644329688,0.07709831198804962,0.07883670739943552,0.10679991230672047,0.16544053284236027,0.24720249120851115,0.35493732963426017,0.4739576639669999,22.74,19.29,13.93,9.35,5.7,4.51,5.26,7.89,12.19,17.38,20.71,23.12,33.260000000000005,28.810000000000002,33.160000000000004,25.330000000000005,21.810000000000002,17.74,16.619999999999997,18.98,23.189999999999998,27.14,29.11,30.9,open_soil|open|net|deciduous,1.0,1.0,0.82,0.53,0.0,1.0,au-huonville,-43.03,147.05,nasa_power_climatology
87.91900444563183,1497.0,1501.0,1122.0,14.0,1497.0,1497.0,3.875,3.75,0.0,724.1600000000004,62.0,31.0,31.0,0.0,44.61000000000001,14.834671428571431,16.71139411764706,0.16349227765769608,25.49520547945206,2350.0,93.0,30.0,30.0,0.0,0.0,7.2972258064516105,0.0,0.0,0.0,0.0,0.0,-0.07750000000000008,25.426666666666666,34.489999999999995,0.2885271844845852,14.569166666666668,3.19,3.02,1.62,-0.05,-1.26,-2.56,-2.58,-2.38,-2.06,-1.34,0.98,2.49,36.45,31.830000000000002,34.78,25.280000000000005,20.55,15.18,14.04,16.6,21.13,25.8,30.09,33.39,2.27,1.91,2.42,2.48,2.91,3.17,3.3,4.01,3.63,3.15,2.51,2.73,0.6160109804142224,0.5129616712658733,0.45584814941728624,0.2409767269280066,0.13225573644329688,0.07709831198804962,0.07883670739943552,0.10679991230672047,0.16544053284236027,0.24720249120851115,0.35493732963426017,0.4739576639669999,24.08,20.47,15.49,10.48,6.7,5.25,6.05,8.94,13.51,18.25,21.58,24.03,33.260000000000005,28.810000000000002,33.160000000000004,25.330000000000005,21.810000000000002,17.74,16.619999999999997,18.98,23.189999999999998,27.14,29.11,30.9,open_soil|open|none|deciduous,1.0,1.0,1.0,1.0,0.0,1.0,au-grove,-42.98,147.1,nasa_power_climatology
103.59607834518658,932.0,935.0,1911.0,0.0,932.0,932.0,0.0,0.0,0.0,0.0,0.0,0.0,0.0,0.0,29.1,20.174811428571417,13.637555058823528,0.34218721178733674,13.505726027397259,2594.0,0.0,0.0,0.0,0.0,0.0,4.248693548387099,0.0,0.0,0.0,0.0,0.0,7.19,20.70416666666667,30.0,0.3520880691441777,14.909999999999998,9.31,10.4,9.35,8.29,7.26,5.26,5.58,5.07,5.35,5.36,6.83,8.22,29.1,25.71,24.41,21.8,19.28,16.8,15.23,15.09,16.51,18.56,22.37,23.59,1.64,1.33,2.11,2.33,2.56,3.22,3.4,3.58,3.01,2.32,2.36,2.14,0.564648463464449,0.5210982504575941,0.461722529169565,0.3788299267787756,0.2995505016816977,0.24110075581255194,0.22622081636423785,0.22209753312089417,0.24329237054732022,0.28439002339225206,0.3543218515851525,0.4277838073556414,25.01,21.27,16.06,10.8,7.04,5.44,5.98,8.74,13.05,18.58,22.36,24.59,19.79,15.31,15.06,13.510000000000002,12.020000000000001,11.540000000000001,9.65,10.02,11.160000000000002,13.2,15.540000000000001,15.37,open_soil|open|net|deciduous,1.0,1.0,0.82,0.53,0.0,1.0,au-spreyton,-41.22,146.35,nasa_power_climatology
42.92905278870845,1404.0,1404.0,1103.5,308.0,1404.0,1404.0,0.0,0.0,0.0,3610.720000000001,120.0,120.0,120.0,90.0,52.9,12.905695928571426,15.619408235294115,0.37785230396054637,25.33906849315069,3110.0,663.0,0.0,0.0,0.0,0.0,2.5042123655913975,0.0,0.0,0.0,0.0,0.0,5.214166666666666,30.588333333333335,23.509999999999998,0.6061953142017865,15.793333333333337,9.35,10.11,8.91,5.71,4.08,2.83,1.12,1.01,2.95,4.55,4.12,7.83,41.9,41.02,36.99,30.84,25.14,21.43,18.57,20.26,25.37,30.35,35.67,39.52,1.45,1.75,1.47,2.03,1.9499999999999997,2.15,2.05,2.25,2.04,1.98,2.45,1.94,1.1648110327027714,1.0630505307258438,0.8943441345147257,0.5596364047758267,0.34041528990999215,0.22605822474593723,0.19237666336055897,0.24073792225403273,0.3653761227746788,0.5448736676490158,0.696240873812786,0.9864229031952678,25.1,21.890000000000004,17.21,11.91,8.0,6.44,7.14,10.06,14.45,19.37,22.71,25.24,32.55,30.910000000000004,28.080000000000002,25.13,21.060000000000002,18.6,17.45,19.25,22.42,25.8,31.55,31.690000000000005,open_soil|open|net|deciduous,1.0,1.0,0.82,0.53,0.0,1.0,au-mornington,-38.22,145.04,nasa_power_climatology
41.99432367422151,1523.0,1535.0,817.0,382.0,1523.0,1523.0,0.0,0.0,0.0,4278.16,120.0,120.0,120.0,90.0,53.76,14.051777714285713,15.619408235294115,0.3935327804113329,29.003205479452056,2785.0,750.0,0.0,0.0,0.0,0.0,3.493099999999999,0.0,0.0,0.0,0.0,0.0,2.5316666666666676,31.5725,28.240000000000002,0.6186248934447578,15.793333333333337,6.47,6.99,4.91,1.8300000000000003,1.78,-0.16,-1.13,-0.89,1.0800000000000003,1.5,3.35,4.65,42.76,41.51,37.78,31.79,24.86,22.29,18.96,19.85,27.64,32.09,37.84,41.5,1.63,2.04,1.8,2.37,2.31,2.67,2.5,2.79,2.57,2.42,2.81,2.33,1.2451526666724784,1.0992193506479957,0.8743365644288793,0.5324281347934499,0.3069530592220977,0.19907790307220435,0.1820668073181547,0.22672947959676515,0.3904298244785879,0.5470317922268649,0.7769852937876562,1.0430878450919603,25.1,21.890000000000004,17.21,11.91,8.0,6.44,7.14,10.06,14.45,19.37,22.71,25.24,36.29,34.519999999999996,32.870000000000005,29.959999999999997,23.08,22.45,20.09,20.740000000000002,26.56,30.590000000000003,34.49,36.85,open_soil|open|net|deciduous,1.0,1.0,0.82,0.53,0.0,1.0,au-gippsland,-38.2,145.9,nasa_power_climatology
45.98017942943646,1517.0,1517.0,626.5,526.0,1517.0,1517.0,0.0,0.0,0.0,4305.360000000001,120.0,120.0,120.0,90.0,53.57,15.261747749999998,17.83423788235294,0.3899521676353453,29.620931506849313,2897.0,815.0,0.0,0.0,0.0,0.0,4.401709139784947,0.0,0.0,0.0,0.0,0.0,3.28,32.92833333333333,23.67,0.6858074505456546,17.034166666666668,5.85,8.2,6.3,4.87,2.69,0.78,0.09,0.0,-0.14,2.24,3.02,5.46,42.21,42.57,40.92,34.68999999999999,29.68,23.91,20.21,23.23,26.27,32.29,38.09,41.07,0.61,0.48000000000000004,0.81,1.58,2.99,3.41,3.9199999999999995,3.55,2.92,1.47,1.21,0.72,1.3463783465379393,1.4196253178149576,1.149588160977239,0.6887585457949927,0.41728572999086927,0.244775439539936,0.17377446855511675,0.19867622794002915,0.25390071466609065,0.42622154899284126,0.7496640789099034,1.161040826827941,26.74,23.32,18.5,13.23,9.8,7.97,8.58,11.16,15.09,19.66,23.8,26.56,36.36,34.370000000000005,34.620000000000005,29.81999999999999,26.99,23.13,20.12,23.23,26.41,30.049999999999997,35.07,35.61,open_soil|open|net|deciduous,1.0,1.0,0.82,0.53,0.0,1.0,au-manjimup,-34.24,116.15,nasa_power_climatology
35.94025248050096,1277.0,1283.0,766.5,568.0,1277.0,1277.0,0.0,0.0,0.0,3700.56,120.0,120.0,120.0,90.0,52.14,15.938585999999999,17.83423788235294,0.4297077590883784,27.08939726027397,3078.0,749.0,0.0,0.0,0.0,0.0,5.024500000000001,0.0,0.0,0.0,0.0,0.0,4.9624999999999995,32.075833333333335,27.449999999999996,0.6281368762426787,17.034166666666668,7.56,9.31,7.06,6.4,5.03,2.51,1.52,1.07,1.91,4.66,5.25,7.27,41.14,41.02,40.59,33.97,29.35,23.91,20.07,22.92,25.44,29.81,36.15,40.54,0.74,0.58,0.9799999999999999,1.91,3.28,3.9000000000000004,4.48,4.03,3.38,1.84,1.45,0.88,1.1503105548873476,1.1983623508871633,1.0154397365540742,0.6499552508169868,0.44303153951166946,0.2797021851443542,0.21198052063467218,0.23401074340986402,0.2890923782800958,0.4110561285196244,0.6533571400118218,1.0013439862544695,26.74,23.32,18.5,13.23,9.8,7.97,8.58,11.16,15.09,19.66,23.8,26.56,33.58,31.71,33.53,27.57,24.32,21.4,18.55,21.85,23.53,25.15,30.9,33.269999999999996,open_soil|open|net|deciduous,1.0,1.0,0.82,0.53,0.0,1.0,au-pemberton,-34.44,116.03,nasa_power_climatology
0.0,0.0,0.0,-361.0,640.0,0.0,0.0,0.0,0.0,0.0,981.4000000000005,120.0,31.0,31.0,0.0,44.160000000000004,18.940828571428572,20.82812352941176,0.5740975224113322,18.744684931506846,4471.0,82.0,0.0,0.0,0.0,0.0,6.172129032258064,0.0,0.0,0.0,0.0,0.0,10.129999999999997,28.879999999999995,22.909999999999997,0.5672793927754366,16.359166666666667,12.43,13.47,12.15,11.19,10.11,8.99,7.91,7.92,7.58,9.1,9.92,10.79,36.2,33.19,33.6,30.7,26.44,22.91,21.22,22.59,25.469999999999995,27.58,32.63,34.03,0.77,0.84,1.26,1.84,2.14,3.13,3.03,3.0,2.61,1.7,1.53,1.06,0.8082451149339155,0.727105293535008,0.7110080275017819,0.6154403103178324,0.5279271750868396,0.4212221641389088,0.3603201999303595,0.3720188358419571,0.4179603802924923,0.49360646614434733,0.637137365600358,0.7153613799814381,25.29,21.91,17.17,12.46,9.11,7.3,7.94,11.02,15.01,19.96,23.280000000000005,25.86,23.770000000000003,19.72,21.450000000000003,19.509999999999998,16.330000000000002,13.92,13.309999999999999,14.67,17.889999999999993,18.479999999999997,22.71,23.240000000000002,open_soil|open|none|deciduous,1.0,1.0,1.0,1.0,0.0,1.0,au-albany,-35.03,117.88,nasa_power_climatology
80.52039602828218,1238.0,1239.0,1557.0,31.0,1238.0,1238.0,0.0,0.0,0.0,0.0,0.0,0.0,0.0,0.0,28.15,16.624687499999997,19.78865882352941,0.3371557554432626,16.087506849315066,3375.0,0.0,0.0,0.0,0.0,0.0,6.486118279569892,0.0,0.0,0.0,0.0,0.0,6.98,23.070000000000004,33.28,0.38146042906648375,15.776666666666669,11.12,11.58,10.11,8.19,5.25,4.09,3.65,3.21,4.35,6.1,7.81,8.3,28.0,28.15,26.79,24.58,21.57,19.4,17.73,18.28,19.51,21.77,24.780000000000005,26.28,1.88,2.27,2.32,2.78,3.81,3.53,3.71,3.22,2.85,2.57,1.74,2.6,0.5954581248379972,0.6014997758415266,0.524409883377451,0.4159299361293104,0.282760962273933,0.22728454462924555,0.2020161050732934,0.2135989833271828,0.25827906940898565,0.335089524161624,0.44338274777565007,0.4778154919616054,24.79,21.46,17.63,12.52,8.45,6.79,7.6,10.49,14.54,18.71,22.41,23.93,16.880000000000003,16.57,16.68,16.39,16.32,15.309999999999999,14.08,15.07,15.160000000000002,15.67,16.970000000000006,17.98,open_soil|open|none|deciduous,1.0,1.0,1.0,1.0,0.0,1.0,nz-pukekohe,-37.2,174.9,nasa_power_climatology
81.09755467895829,1736.0,1742.0,1663.0,31.0,1736.0,1736.0,0.0,0.0,0.0,0.0,0.0,0.0,0.0,0.0,29.49,17.414285714285707,18.937929411764706,0.2911944201384247,19.06476712328767,3001.0,0.0,0.0,0.0,0.0,0.0,7.408774193548385,0.0,0.0,0.0,0.0,0.0,4.2091666666666665,23.272500000000004,36.73,0.3165735175356584,14.8175,8.17,9.12,6.56,5.17,2.16,1.51,1.08,1.27,1.36,3.05,5.179999999999999,5.88,29.49,28.26,27.2,24.2,21.47,18.48,17.3,17.95,20.1,21.71,25.94,27.17,2.12,2.6,2.55,3.26,3.84,3.9099999999999997,3.75,3.43,3.1,2.88,2.17,3.12,0.5200677170061044,0.5010964988154095,0.4309538475089524,0.3260253503398985,0.21739211324105653,0.17296197097812321,0.16117516121375142,0.180272966258943,0.21983236147166116,0.27295082556443345,0.386089705084031,0.41006369294553574,23.4,19.98,16.55,11.95,8.35,6.69,7.44,9.97,13.35,17.29,20.92,21.92,21.32,19.14,20.64,19.03,19.31,16.97,16.22,16.68,18.740000000000002,18.66,20.76,21.290000000000003,open_soil|open|none|deciduous,1.0,1.0,1.0,1.0,0.0,1.0,nz-hamilton,-37.79,175.28,nasa_power_climatology
90.09565782701142,818.0,847.0,1462.0,0.0,818.0,818.0,0.0,0.0,0.0,0.0,0.0,0.0,0.0,0.0,26.87,14.495189785714283,16.378134941176473,0.3637633177282695,13.898739726027395,3362.0,0.0,0.0,0.0,0.0,0.0,4.574993548387096,0.0,0.0,0.0,0.0,0.0,8.139166666666666,22.0425,37.73,0.3766988713365136,15.857500000000002,11.95,12.89,11.49,9.07,6.77,5.45,4.89,4.37,5.92,7.11,8.44,9.32,26.3,26.87,25.49,24.09,20.95,18.9,16.83,17.67,18.969999999999995,20.3,23.98,24.16,2.26,2.78,2.71,3.57,3.55,4.11,4.01,3.6,3.14,2.72,1.9899999999999998,3.29,0.5337156944902326,0.551462004634086,0.5055053951493593,0.4205569155981728,0.3096991770233434,0.25992981865642056,0.2361794829912428,0.24567263476597884,0.27556359680048914,0.32509974789393,0.4319569901113303,0.4250449979235762,24.88,21.13,17.29,12.46,8.85,6.9,7.68,10.46,14.42,19.09,23.08,24.05,14.350000000000001,13.98,13.999999999999998,15.02,14.18,13.45,11.939999999999998,13.3,13.049999999999995,13.190000000000001,15.540000000000001,14.84,open_soil|open|net|deciduous,1.0,1.0,0.82,0.53,0.0,1.0,nz-tauranga,-37.69,176.17,nasa_power_climatology
90.07534057718821,1806.0,1813.0,1434.5,0.0,1806.0,1806.0,0.0,0.0,0.0,0.0,0.0,0.0,0.0,0.0,31.38,13.739846785714283,16.378134941176473,0.22455201670297814,20.461808219178085,2797.0,0.0,0.0,0.0,0.0,0.0,4.219862903225807,0.0,0.0,0.0,0.0,0.0,2.91,23.393333333333334,35.16,0.33504266652656817,15.857500000000002,7.28,7.8,6.24,3.96,0.63,-0.5400000000000001,-0.72,-0.72,1.04,0.85,3.88,5.22,30.05,31.38,28.36,24.84,20.87,17.19,15.14,16.89,18.780000000000005,21.55,28.030000000000005,27.64,2.32,2.57,2.58,3.47,3.32,3.75,3.64,3.17,2.73,2.62,1.8999999999999997,3.09,0.6188825373659015,0.6216441248093518,0.4927317761204438,0.3269668843422143,0.18926913131589226,0.1346805477349158,0.1202397893794134,0.14641963237619063,0.1983436761584612,0.26059951836087747,0.4418444170574892,0.4688899632976665,24.88,21.13,17.29,12.46,8.85,6.9,7.68,10.46,14.42,19.09,23.08,24.05,22.77,23.58,22.119999999999997,20.88,20.240000000000002,17.73,15.860000000000001,17.61,17.740000000000006,20.7,24.150000000000006,22.42,open_soil|open|net|deciduous,1.0,1.0,0.82,0.53,0.0,1.0,nz-te-puke,-37.78,176.33,nasa_power_climatology
58.4630239012101,1485.0,1487.0,1477.0,214.0,1485.0,1485.0,0.0,0.0,0.0,333.59999999999985,59.0,0.0,0.0,0.0,40.78,25.661757142857148,18.203688235294113,0.5373119359834039,21.067808219178083,3279.0,0.0,0.0,0.0,0.0,0.0,4.958387096774196,0.0,0.0,0.0,0.0,0.0,4.660833333333333,25.763333333333332,27.96,0.4331623249401851,14.620833333333332,8.31,8.94,7.23,5.67,3.36,2.35,1.77,1.46,2.4,2.74,4.98,6.72,32.08,34.89,28.42,26.56,23.75,20.25,17.35,19.28,22.62,26.33,28.5,29.13,2.01,1.85,2.09,2.59,2.31,2.91,3.1,2.37,2.44,2.35,1.79,2.15,0.7270367828397271,0.7546228110844615,0.5383138596647404,0.4146936776770526,0.3023732266366709,0.22202645402849472,0.18992105806625248,0.22090930194548605,0.31126299848359534,0.41191914241378874,0.529876723868853,0.5749918625730986,23.36,19.75,15.8,11.31,7.95,6.1,6.83,9.51,13.65,17.75,21.31,22.13,23.769999999999996,25.950000000000003,21.19,20.89,20.39,17.9,15.580000000000002,17.82,20.220000000000002,23.589999999999996,23.52,22.41,open_soil|open|none|deciduous,1.0,1.0,1.0,1.0,0.0,1.0,nz-hastings,-39.64,176.84,nasa_power_climatology
58.16390111804289,1485.0,1488.0,1477.5,214.0,1188.0,2079.0,0.0,0.0,0.0,333.59999999999985,59.0,0.0,0.0,0.0,40.78,30.758228571428578,18.203688235294113,1.0317802549495343,21.067808219178083,3279.0,0.0,0.0,0.0,0.0,0.0,4.650047619047617,0.0,0.0,0.0,0.0,0.0,4.660833333333333,25.763333333333332,27.96,0.4331623249401851,14.620833333333332,8.31,8.94,7.23,5.67,3.36,2.35,1.77,1.46,2.4,2.74,4.98,6.72,32.08,34.89,28.42,26.56,23.75,20.25,17.35,19.28,22.62,26.33,28.5,29.13,2.01,1.85,2.09,2.59,2.31,2.91,3.1,2.37,2.44,2.35,1.79,2.15,0.7270367828397271,0.7546228110844615,0.5383138596647404,0.4146936776770526,0.3023732266366709,0.22202645402849472,0.18992105806625248,0.22090930194548605,0.31126299848359534,0.41191914241378874,0.529876723868853,0.5749918625730986,23.36,19.75,15.8,11.31,7.95,6.1,6.83,9.51,13.65,17.75,21.31,22.13,23.769999999999996,25.950000000000003,21.19,20.89,20.39,17.9,15.580000000000002,17.82,20.220000000000002,23.589999999999996,23.52,22.41,open_soil|open|none|deciduous,1.0,1.0,1.0,1.0,0.0,1.0,nz-hastings-shb,-39.66,176.82,nasa_power_climatology
96.37611383297342,1244.0,1244.0,1063.0,0.0,1244.0,1244.0,14.25,22.0,5.25,205.16000000000003,59.0,0.0,0.0,0.0,38.42,14.6167875,17.89724705882353,0.16198037737374177,23.498767123287674,2229.0,0.0,30.0,30.0,0.0,0.0,5.21352688172043,0.0,0.0,0.0,0.0,0.0,-0.9075000000000001,22.621666666666666,32.300000000000004,0.2913667703577277,14.944166666666666,3.58,4.53,2.78,0.07,-2.2,-4.95,-4.73,-4.48,-2.46,-2.75,-0.64,0.36,32.11,33.71,27.99,21.85,20.05,15.67,12.83,15.67,17.69,21.15,25.07,27.67,2.3,2.13,2.2,2.94,3.07,3.46,2.7,2.62,2.66,2.93,2.21,3.08,0.6180933393467922,0.6816591652033729,0.45117895756922344,0.2425999265103051,0.14312474998534783,0.08470689609433414,0.07981727742532861,0.10164986045931275,0.15841621757924554,0.21108875181872408,0.3192252114268432,0.4048408908739027,23.87,21.16,16.48,11.22,7.69,5.820000000000001,6.63,9.52,13.640000000000002,18.31,22.04,22.95,28.53,29.18,25.209999999999997,21.78,22.25,20.62,17.560000000000002,20.15,20.150000000000002,23.9,25.71,27.310000000000002,open_soil|open|none|deciduous,1.0,1.0,1.0,1.0,0.0,1.0,nz-nelson,-41.27,173.28,nasa_power_climatology
95.4482712962296,1696.0,1732.0,2133.5,0.0,1696.0,1696.0,0.0,0.0,0.0,0.0,0.0,0.0,0.0,0.0,29.23,12.77081325,14.675742588235295,0.26464601080220346,16.022739726027396,2613.0,0.0,0.0,0.0,0.0,0.0,3.5618741935483875,0.0,0.0,0.0,0.0,0.0,5.325833333333333,21.349166666666665,34.559999999999995,0.3448057108011342,14.944166666666666,9.28,10.02,8.5,6.39,4.11,3.24,1.81,1.05,3.17,3.11,5.65,7.58,29.23,27.57,25.51,21.24,20.01,16.58,14.48,15.08,17.24,19.91,23.12,26.22,2.43,2.15,2.3,3.19,3.39,3.82,2.92,2.93,2.88,3.14,2.26,3.15,0.6043634945677389,0.5944284616985702,0.4739249676373239,0.32411621813743785,0.24543576640417858,0.1913863902870568,0.16706170067821502,0.17078806508855138,0.22881878108471768,0.28121786568177926,0.38630881934632993,0.4698179990017108,23.87,21.16,16.48,11.22,7.69,5.820000000000001,6.63,9.52,13.640000000000002,18.31,22.04,22.95,19.950000000000003,17.55,17.01,14.849999999999998,15.900000000000002,13.339999999999998,12.67,14.03,14.069999999999999,16.8,17.47,18.64,open_soil|open|net|deciduous,1.0,1.0,0.82,0.53,0.0,1.0,nz-motueka,-41.12,173.01,nasa_power_climatology
88.45303283475519,1628.0,1630.0,1276.0,0.0,1628.0,1628.0,0.0,7.0,0.0,26.880000000000223,28.0,0.0,0.0,0.0,35.480000000000004,16.033300000000004,17.89724705882353,0.18557137699845486,22.167397260273972,2504.0,0.0,60.0,60.0,0.0,0.0,4.8023870967741935,0.0,0.0,0.0,0.0,0.0,0.8566666666666668,23.045,26.29,0.29822225272451575,14.944166666666666,5.54,5.67,3.85,0.57,-0.78,-1.16,-2.55,-2.62,-0.58,-0.65,0.68,2.31,31.75,32.24,27.97,22.030000000000005,19.91,16.9,13.97,16.63,18.59,22.73,25.24,28.58,1.76,1.81,1.81,2.42,2.44,2.87,2.4,2.18,2.13,2.34,1.82,2.31,0.6383111774340817,0.6293218067195776,0.43442884628962614,0.23595332448625345,0.15313286092822134,0.10537377221303362,0.09082517468578165,0.11495262068750857,0.17238209359507986,0.23652267681625214,0.3310385813945484,0.4364240974442237,23.87,21.16,16.48,11.22,7.69,5.820000000000001,6.63,9.52,13.640000000000002,18.31,22.04,22.95,26.21,26.57,24.119999999999997,21.460000000000004,20.69,18.06,16.52,19.25,19.169999999999998,23.38,24.56,26.27,open_soil|open|none|deciduous,1.0,1.0,1.0,1.0,0.0,1.0,nz-blenheim,-41.51,173.95,nasa_power_climatology
79.61837797317854,1310.0,1312.0,649.5,198.0,1310.0,1310.0,5.375,8.25,0.25,1186.6800000000007,90.0,59.0,59.0,0.0,46.086000000000006,28.99872857142857,16.465970588235294,0.5381602333046145,26.819890410958905,2801.0,138.0,0.0,0.0,0.0,0.0,4.4890322580645154,0.0,0.0,0.0,0.0,0.0,0.40249999999999986,27.254166666666666,27.750000000000007,0.3997487667578905,14.248333333333335,5.58,5.42,4.44,1.39,-1.32,-5.44,-2.82,-2.01,-2.15,-1.46,0.5400000000000001,2.66,35.25,37.27,32.61,26.530000000000005,24.38,19.18,18.72,21.48,22.45,25.43,30.19,33.56,2.15,2.07,1.9599999999999997,2.55,2.54,2.68,2.34,2.27,1.91,2.51,2.28,2.49,0.8135110543492547,0.8148959031632319,0.5795671657298261,0.33786607012633013,0.2058560518121444,0.12143782247780707,0.1280807097348275,0.1604413936189776,0.22698592252381408,0.30587698505341043,0.4685822124059003,0.6338839100991617,22.65,20.09,15.39,10.29,6.71,5.070000000000001,5.99,8.85,13.23,18.07,21.87,22.77,29.67,31.85,28.169999999999998,25.140000000000004,25.7,24.62,21.54,23.490000000000002,24.599999999999998,26.89,29.650000000000002,30.900000000000002,open_soil|open|none|deciduous,1.0,1.0,1.0,1.0,0.0,1.0,nz-rangiora,-43.3,172.59,nasa_power_climatology
78.881103332832,1311.0,1312.0,655.0,198.0,1311.0,1311.0,5.5,8.25,0.25,1186.6800000000007,90.0,59.0,59.0,0.0,46.086000000000006,13.225821428571427,16.465970588235294,0.27928713982798403,26.819890410958905,2789.0,139.0,0.0,0.0,0.0,0.0,4.380043010752688,0.0,0.0,0.0,0.0,0.0,0.40249999999999986,27.254166666666666,27.750000000000007,0.3997487667578905,14.248333333333335,5.58,5.42,4.44,1.39,-1.32,-5.44,-2.82,-2.01,-2.15,-1.46,0.5400000000000001,2.66,35.25,37.27,32.61,26.530000000000005,24.38,19.18,18.72,21.48,22.45,25.43,30.19,33.56,2.15,2.07,1.9599999999999997,2.55,2.54,2.68,2.34,2.27,1.91,2.51,2.28,2.49,0.8135110543492547,0.8148959031632319,0.5795671657298261,0.33786607012633013,0.2058560518121444,0.12143782247780707,0.1280807097348275,0.1604413936189776,0.22698592252381408,0.30587698505341043,0.4685822124059003,0.6338839100991617,22.65,20.09,15.39,10.29,6.71,5.070000000000001,5.99,8.85,13.23,18.07,21.87,22.77,29.67,31.85,28.169999999999998,25.140000000000004,25.7,24.62,21.54,23.490000000000002,24.599999999999998,26.89,29.650000000000002,30.900000000000002,open_soil|open|none|deciduous,1.0,1.0,1.0,1.0,0.0,1.0,nz-lincoln,-43.64,172.49,nasa_power_climatology
96.33867132128469,1244.0,1244.0,1062.5,0.0,1244.0,1244.0,14.25,21.75,5.25,205.16000000000003,59.0,0.0,0.0,0.0,38.42,25.789242857142845,17.89724705882353,0.2788545001547594,23.498767123287674,2230.0,0.0,30.0,30.0,0.0,0.0,5.5190322580645175,0.0,0.0,0.0,0.0,0.0,-0.9075000000000001,22.621666666666666,32.300000000000004,0.2913667703577277,14.944166666666666,3.58,4.53,2.78,0.07,-2.2,-4.95,-4.73,-4.48,-2.46,-2.75,-0.64,0.36,32.11,33.71,27.99,21.85,20.05,15.67,12.83,15.67,17.69,21.15,25.07,27.67,2.3,2.13,2.2,2.94,3.07,3.46,2.7,2.62,2.66,2.93,2.21,3.08,0.6180933393467922,0.6816591652033729,0.45117895756922344,0.2425999265103051,0.14312474998534783,0.08470689609433414,0.07981727742532861,0.10164986045931275,0.15841621757924554,0.21108875181872408,0.3192252114268432,0.4048408908739027,23.87,21.16,16.48,11.22,7.69,5.820000000000001,6.63,9.52,13.640000000000002,18.31,22.04,22.95,28.53,29.18,25.209999999999997,21.78,22.25,20.62,17.560000000000002,20.15,20.150000000000002,23.9,25.71,27.310000000000002,open_soil|open|none|deciduous,1.0,1.0,1.0,1.0,0.0,1.0,nz-richmond,-41.34,173.18,nasa_power_climatology
0.0,807.0,810.0,-524.0,1295.0,691.7142857142857,922.2857142857142,0.0,0.0,0.0,7313.319999999995,123.0,123.0,123.0,123.0,59.79,32.73033956043956,29.30982913907285,3.1135844072721417,28.6672602739726,3856.0,2130.0,0.0,0.0,0.0,0.0,4.33679569892473,0.0,0.0,0.0,0.0,0.0,12.066666666666665,40.77,24.54,1.9875094792770696,17.60666666666667,-1.36,1.2099999999999997,6.1,14.12,17.78,24.0,23.76,22.64,17.07,12.48,6.53,0.47,31.32,35.73,42.67,45.59,48.08,48.79,46.83,43.82,40.2,38.7,37.67,29.84,0.53,0.79,0.58,0.51,1.07,2.68,7.0,6.54,4.04,0.43,0.12,0.25,0.950358617499678,1.2499579888798908,2.0483350491595735,3.1900115408422827,3.838992219378727,3.8599221658637823,2.130555295257229,1.27894706126564,1.2005109544931258,1.5994022824011318,1.507206617266131,0.9959139590176408,11.12,15.65,20.34,23.69,24.16,21.91,18.03,17.59,18.21,16.79,12.890000000000002,10.9,32.68,34.519999999999996,36.57,31.470000000000006,30.299999999999997,24.79,23.069999999999997,21.18,23.130000000000003,26.220000000000002,31.14,29.37,open_soil|open|none|deciduous,1.0,1.0,1.0,1.0,0.0,1.0,in-delhi,28.61,77.21,nasa_power_climatology
0.0,592.0,592.0,-592.5,1328.0,473.6,828.8,0.0,0.0,0.0,6622.72,123.0,123.0,123.0,123.0,59.77,44.10447142857142,30.03268410596026,6.341315223130247,27.07917808219178,3948.0,2107.0,0.0,0.0,0.0,0.0,0.965809523809524,0.0,0.0,0.0,0.0,0.0,13.231666666666667,40.34916666666666,33.70999999999999,1.784182469426469,17.561666666666667,1.19,3.66,7.54,15.67,19.56,23.39,24.72,23.48,19.3,11.19,7.320000000000001,1.76,31.09,37.69,43.73,46.41,47.77,48.77,45.09,40.32,38.32,38.84,33.9,32.26,0.6,0.72,0.43,0.38,1.13,4.63,10.45,8.35,5.57,1.16,0.1,0.19,0.9138193121295446,1.36906197223496,2.2267234765979307,3.469883178529437,3.8576803803219097,3.4448209769270437,1.4547978923547975,0.8515078473173595,0.7812876426675618,1.0608858268835406,1.053287152230248,0.9264339749232987,11.17,16.21,21.11,23.9,24.22,21.2,17.12,17.3,17.41,16.92,13.35,10.83,29.9,34.03,36.19,30.739999999999995,28.210000000000004,25.380000000000003,20.370000000000005,16.84,19.02,27.650000000000006,26.58,30.499999999999996,open_soil|open|none|deciduous,1.0,1.0,1.0,1.0,0.0,1.0,in-lucknow,26.85,80.95,nasa_power_climatology
0.0,554.0,554.0,-737.5,1357.0,415.5,692.5,0.0,0.0,0.0,5906.2,123.0,123.0,123.0,123.0,59.1,32.39671764705882,30.39829271523179,3.875980489267273,25.56890410958904,4123.0,1835.0,0.0,0.0,0.0,0.0,1.0948387096774197,0.0,0.0,0.0,0.0,0.0,13.864166666666668,39.495,32.480000000000004,1.6339895848297228,17.211666666666666,1.56,3.88,8.91,16.96,20.53,23.31,24.47,23.96,20.41,12.16,8.06,2.16,31.13,39.2,42.85,46.18999999999999,47.62,48.1,41.43,39.0,35.86,35.95,34.65,31.96,0.36,0.48999999999999994,0.3,0.47,1.6,5.06,8.9,7.51,6.02,1.63,0.05,0.09,0.9065094626640675,1.4503905398436228,2.2953146534513174,3.421910886510704,3.5286036680767134,2.926846849803881,1.1732558492828022,0.7723953691687034,0.5977488809066724,0.7873647267207476,0.9216406384145803,0.8258934931128644,11.47,16.1,20.51,22.98,22.89,19.77,16.53,17.51,16.74,16.57,14.29,11.18,29.57,35.32,33.94,29.22999999999999,27.089999999999996,24.790000000000003,16.96,15.04,15.45,23.790000000000003,26.589999999999996,29.8,open_soil|open|none|deciduous,1.0,1.0,1.0,1.0,0.0,1.0,in-patna,25.61,85.14,nasa_power_climatology
0.0,31.650000000000002,31.650000000000002,-662.5,1308.0,0.0,0.0,0.0,0.0,0.0,6934.880000000001,123.0,123.0,123.0,123.0,60.47,32.623200000000004,30.03268410596026,2.33380552467698,27.768301369863014,3943.0,2244.0,0.0,0.0,0.0,0.0,5.704258064516129,0.0,0.0,0.0,0.0,0.0,13.104166666666666,40.925000000000004,27.570000000000004,1.9080031941917925,17.561666666666667,1.49,2.54,8.0,15.69,20.54,22.66,24.86,23.37,18.98,11.84,7.27,0.01,32.02,38.19,44.0,46.63,47.9,49.47,45.74,41.38,40.36,39.19,35.11,31.11,0.56,0.6,0.35,0.29,0.73,3.52,8.33,6.98,4.92,0.9799999999999999,0.12,0.19,1.0224155739249654,1.4196765996965037,2.351999448073214,3.5761647513644648,4.125806917922492,3.583293113702857,1.6246534493774445,0.9669222279501176,0.9188645802573717,1.2065573325681926,1.1919138979151294,0.9077704375487634,11.17,16.21,21.11,23.9,24.22,21.2,17.12,17.3,17.41,16.92,13.35,10.83,30.530000000000005,35.65,36.0,30.940000000000005,27.36,26.81,20.880000000000003,18.01,21.38,27.349999999999998,27.84,31.099999999999998,open_soil|open|none|evergreen,0.05,1.0,1.0,1.0,0.0,1.0,in-kanpur,26.45,80.33,nasa_power_climatology
0.0,0.0,0.0,-1605.5,1437.0,0.0,0.0,0.0,0.0,0.0,488.88000000000073,59.0,28.0,28.0,0.0,43.062000000000005,44.527974725274724,38.85660588235293,1.6974009874625082,21.592082191780822,5085.0,56.0,0.0,0.0,0.0,0.0,5.180150537634408,0.0,0.0,0.0,0.0,0.0,10.453333333333333,32.06333333333333,19.77,0.8571946682884087,20.969166666666666,8.67,10.97,11.16,12.17,10.46,9.13,8.97,9.0,9.82,11.91,12.43,10.75,32.7,35.59,34.27,33.15,30.01,30.51,30.13,30.81,32.75,32.67,31.09,31.08,1.27,1.03,2.07,3.7999999999999994,2.34,0.84,0.53,0.7,0.68,1.72,2.69,2.1,0.895219426150956,1.1732362135630956,1.0258494803786857,0.7499686669351919,0.5926539368882172,0.6863065277287586,0.8172516435862398,0.8682252829276924,1.0348757351863453,1.0169393137801375,0.7162522138230146,0.7095575785125696,23.53,24.7,23.97,20.9,18.95,17.06,17.46,18.6,21.83,21.97,20.71,21.95,24.03,24.620000000000005,23.110000000000003,20.979999999999997,19.55,21.380000000000003,21.159999999999997,21.81,22.93,20.76,18.66,20.33,open_soil|open|none|deciduous,1.0,1.0,1.0,1.0,0.0,1.0,ke-nairobi,-1.29,36.82,nasa_power_climatology
0.0,0.0,0.0,-2319.5,1775.0,0.0,0.0,0.0,0.0,0.0,2820.039999999999,120.0,120.0,120.0,28.0,51.19,43.15424285714284,35.36534117647058,2.3374870377041517,21.57764383561644,5774.0,846.0,0.0,0.0,0.0,0.0,6.345190476190478,0.0,0.0,0.0,0.0,0.0,14.362499999999999,35.95416666666667,22.990000000000002,1.1386877078394142,19.5275,14.65,16.14,17.23,16.61,13.39,11.28,10.24,12.06,12.37,14.7,16.31,17.37,38.26,40.19,38.47,36.92,34.29,31.87,32.23,33.77,35.7,36.53,36.18999999999999,37.03,1.68,1.73,2.75,4.06,2.8,0.64,0.36,0.45,0.57,1.92,3.3,2.73,1.4277817065417295,1.6532633316588616,1.3852814902569963,0.9494495120537602,0.7252505181952063,0.7507080572982323,0.8424737517601625,1.0341597089967767,1.2226894109285855,1.2850341486084558,1.1418081992516367,1.2463526585225648,22.39,23.1,21.73,18.58,16.43,15.58,15.83,17.3,20.34,21.26,20.64,21.15,23.61,24.049999999999997,21.24,20.310000000000002,20.9,20.590000000000003,21.989999999999995,21.71,23.330000000000005,21.830000000000002,19.879999999999992,19.66,open_soil|open|none|deciduous,1.0,1.0,1.0,1.0,0.0,1.0,tz-moshi,-3.35,37.33,nasa_power_climatology
34.03989171655664,383.0,384.0,18.5,175.0,383.0,383.0,40.75,15.5,77.125,3643.9999999999995,123.0,123.0,123.0,92.0,53.12,46.099639285714275,18.380640397350994,2.279580621797003,40.13827397260274,2165.0,674.0,0.0,0.0,0.0,0.0,6.226322580645161,0.0,0.0,0.0,0.0,0.0,-10.163333333333334,29.99416666666667,28.380000000000003,0.4311944979272659,14.508333333333333,-35.47,-25.35,-24.1,-10.38,-2.27,4.55,9.35,7.8,1.86,-5.85,-15.4,-26.7,12.92,19.77,26.33,30.68,35.88,39.53,42.12,40.1,38.38,30.13,24.8,19.29,0.71,1.0,1.47,2.99,3.79,4.26,3.01,3.54,2.86,2.2,1.34,1.21,0.04144788239706445,0.09225951705617311,0.15885683760586744,0.35821603510862016,0.5211585054353661,0.7023517950752162,0.9735491294653862,0.9237294709051508,0.7255578589735584,0.4057007265261058,0.19826245803222353,0.07324375854645929,6.9,10.84,13.75,17.31,20.13,22.46,23.12,19.87,15.890000000000002,10.78,7.41,5.64,48.39,45.120000000000005,50.43,41.06,38.150000000000006,34.980000000000004,32.769999999999996,32.300000000000004,36.52,35.98,40.2,45.989999999999995,open_soil|open|none|deciduous,1.0,1.0,1.0,1.0,0.0,1.0,us-ia-ames,42.03,-93.62,nasa_power_climatology
19.13313236504833,437.0,437.0,-156.5,359.0,437.0,437.0,33.625,11.625,69.0,4882.04,123.0,123.0,123.0,92.0,55.43,46.59372857142855,20.679711258278143,3.287789793225971,39.797342465753424,2411.0,924.0,0.0,0.0,0.0,0.0,7.322258064516132,0.0,0.0,0.0,0.0,0.0,-6.507500000000001,33.325,28.43,0.6180951735998024,15.660000000000002,-24.28,-21.51,-19.97,-7.570000000000001,-1.18,8.74,11.82,9.76,4.62,-6.37,-12.59,-19.56,20.85,25.57,29.26,33.0,37.36,42.18999999999999,44.43,43.72,42.12,34.49,26.31,20.6,0.67,1.11,1.66,2.82,4.08,4.1,3.29,3.83,2.56,2.2,1.03,1.08,0.13282873551653926,0.1880332755475484,0.2596185222338212,0.49218129530371607,0.6359938834881732,1.0046565385151485,1.408785679529256,1.2809281646452197,1.0150054506380801,0.5502996021103365,0.29708502883454957,0.15172590683523982,8.13,11.09,14.48,18.42,21.12,24.0,23.57,20.9,17.2,12.68,9.140000000000002,7.19,45.13,47.08,49.230000000000004,40.57,38.54,33.44999999999999,32.61,33.96,37.5,40.86,38.9,40.16,open_soil|open|none|deciduous,1.0,1.0,1.0,1.0,0.0,1.0,us-ks-manhattan,39.18,-96.57,nasa_power_climatology
36.55875013593305,384.0,384.0,-61.0,197.0,384.0,384.0,29.75,15.5,65.25,3298.88,123.0,92.0,92.0,61.0,53.11,45.72888749999999,17.741682119205297,1.9302034432804163,38.78194520547945,2368.0,626.0,0.0,0.0,0.0,0.0,6.162956989247313,0.0,0.0,0.0,0.0,0.0,-8.209999999999999,30.624166666666667,33.75999999999999,0.39304913114370166,14.444999999999999,-27.84,-26.9,-19.56,-6.51,-1.79,2.88,9.47,8.23,3.39,-5.25,-13.03,-21.61,19.09,20.87,26.75,28.57,33.25,41.49,42.11,38.06,38.71,32.32,25.55,20.72,1.9,2.02,2.34,3.44,3.69,3.9500000000000006,3.41,2.69,2.61,3.01,2.45,2.25,0.06906519801187459,0.08597999534350932,0.16834838520349651,0.32251994176343546,0.4078310125933558,0.6133907104371693,0.8090684881584835,0.7813810798504074,0.7271915834040239,0.42714527751847725,0.2113608150034966,0.09330708643668964,6.7,9.76,13.19,17.43,19.9,22.57,22.7,20.0,16.57,11.23,7.66,5.63,46.93,47.769999999999996,46.31,35.08,35.04,38.61,32.64,29.830000000000002,35.32,37.57,38.58,42.33,open_soil|open|none|deciduous,1.0,1.0,1.0,1.0,0.0,1.0,us-il-urbana,40.11,-88.21,nasa_power_climatology
34.78997193683007,1098.0,1098.0,705.0,603.0,941.1428571428571,1254.857142857143,0.0,0.0,0.0,204.51999999999995,61.0,0.0,0.0,0.0,36.900000000000006,32.647084615384614,24.934863576158943,1.0621482727748814,22.507205479452058,3926.0,90.0,0.0,0.0,0.0,0.0,2.7006451612903226,0.0,0.0,0.0,0.0,1.0,6.439999999999999,28.94333333333333,15.829999999999998,0.3923360786400865,18.95,1.44,3.85,4.44,5.33,7.01,8.82,10.25,10.55,10.28,7.82,4.42,3.07,23.62,22.78,25.26,30.33,30.68,32.95,28.56,32.73,36.91,32.69,27.98,22.83,2.76,3.03,2.27,1.2,0.46,0.13,0.03,0.04,0.15,0.75,1.59,3.42,0.28349666461903,0.27275816459521135,0.2812096906277217,0.35429223181983244,0.3806233784241848,0.45191699788591627,0.3923398591970446,0.44228628458025027,0.5911656793863227,0.5461153322440262,0.40295195453541266,0.3088767057660855,9.81,12.959999999999999,17.74,22.44,26.4,28.98,27.5,24.84,21.04,15.91,11.19,8.59,22.18,18.93,20.82,25.0,23.67,24.130000000000003,18.31,22.179999999999996,26.629999999999995,24.869999999999997,23.560000000000002,19.759999999999998,open_soil|open|none|deciduous,1.0,1.0,1.0,1.0,0.0,1.0,us-ca-salinas,36.68,-121.66,nasa_power_climatology
25.856968414003497,1276.0,1276.0,332.5,653.0,1020.8000000000001,1786.3999999999999,0.0,0.0,0.0,2930.1999999999994,123.0,123.0,123.0,62.0,50.13600000000001,38.54865714285715,24.934863576158943,0.7980558180758444,29.81408219178082,3076.0,722.0,0.0,0.0,0.0,0.0,4.734285714285713,0.0,0.0,0.0,0.0,1.0,3.171666666666667,32.97083333333334,17.26,0.5752968986955029,18.95,-2.75,-0.27,1.08,1.96,5.08,6.77,7.76,8.5,7.74,5.35,-0.87,-2.29,24.65,24.8,27.09,33.81,36.01,37.87,39.52,38.42,41.68,37.69,30.18,23.93,2.96,3.26,2.58,1.35,0.48,0.13,0.02,0.04,0.12,0.84,1.79,3.69,0.2315792934294571,0.2509125049376362,0.2909473867281868,0.4364608691919771,0.6053108280988827,0.7820925288644762,0.893533974889316,0.8804329635545539,1.024642345863794,0.8288082385404313,0.4239636703297411,0.25487817991758244,9.81,12.959999999999999,17.74,22.44,26.4,28.98,27.5,24.84,21.04,15.91,11.19,8.59,27.4,25.07,26.009999999999998,31.85,30.93,31.099999999999998,31.760000000000005,29.92,33.94,32.339999999999996,31.05,26.22,open_soil|open|none|deciduous,1.0,1.0,1.0,1.0,0.0,1.0,us-ca-watsonville,36.91,-121.76,nasa_power_climatology
60.576067994528884,823.0,823.0,277.0,239.0,823.0,823.0,3.75,2.5,20.875,3196.08,123.0,92.0,92.0,92.0,52.94,44.698323214285715,15.135675496688743,2.3418199734231258,30.675287671232876,2657.0,593.0,0.0,0.0,0.0,0.0,2.70936559139785,0.0,21.7,0.0,637.3599999999999,0.0,-0.836666666666667,29.864166666666666,24.589999999999996,0.4592363408468274,13.569166666666668,-8.44,-10.55,-6.34,-1.28,1.42,6.22,9.85,9.98,4.679999999999999,-2.36,-4.38,-8.84,17.29,22.66,24.74,29.56,32.46,38.98,40.62,41.94,36.88,30.37,24.42,18.45,2.64,2.04,2.04,1.9299999999999997,2.12,1.87,1.33,1.47,1.52,2.2,2.84,2.59,0.08647250413373092,0.13920565778211705,0.21969986958861684,0.36925838376371467,0.4704320812525487,0.7582129218680235,1.0064422088279839,1.0942469598418838,0.770674298134189,0.3430120193306017,0.16661206195333744,0.08656712368518105,4.95,8.47,12.7,16.85,19.81,22.29,22.1,19.53,15.65,9.97,6.02,4.49,25.729999999999997,33.21,31.08,30.84,31.04,32.76,30.769999999999996,31.959999999999997,32.2,32.730000000000004,28.8,27.29,open_soil|open|none|deciduous,1.0,1.0,1.0,1.0,0.0,1.0,fr-bordeaux,44.84,-0.58,nasa_power_climatology
74.71295034278869,863.0,866.0,493.0,93.0,863.0,863.0,7.75,0.0,27.5,2291.479999999999,92.0,92.0,92.0,31.0,49.074,45.68982857142855,14.758688741721848,2.677328017432042,27.959369863013695,2734.0,406.0,0.0,0.0,0.0,0.0,4.8923870967741925,0.0,0.0,0.0,0.0,0.0,-0.3591666666666667,27.6275,28.42,0.5502656176572397,13.569166666666666,-7.73,-10.84,-7.76,-1.65,4.38,6.429999999999999,11.33,11.11,5.51,-0.69,-4.48,-9.92,17.42,19.49,23.97,29.09,31.66,38.21,37.54,38.93,32.41,28.09,20.98,13.74,1.3,2.06,1.9499999999999997,2.4,2.98,2.47,2.31,2.49,2.61,2.66,3.28,1.91,0.17249725266493546,0.18521503088306163,0.27573459031688496,0.43247663566262434,0.6139827483187789,0.9352219864291167,1.2578589036534014,1.268938544229944,0.7336342085386311,0.3867632759833402,0.19902981003702566,0.14183442516913197,5.16,8.12,12.65,16.45,20.12,22.96,23.58,20.07,14.76,9.2,5.429999999999999,4.33,25.150000000000002,30.33,31.729999999999997,30.74,27.28,31.78,26.21,27.82,26.9,28.78,25.46,23.66,open_soil|open|none|deciduous,1.0,1.0,1.0,1.0,0.0,1.0,it-verona,45.44,10.99,nasa_power_climatology
0.0,1095.0,1095.0,170.0,809.0,938.5714285714286,1251.4285714285713,0.0,0.0,0.0,1411.7600000000004,123.0,62.0,62.0,0.0,43.206,26.135228571428577,19.8773463576159,0.7780979312031338,23.196520547945205,4493.0,124.0,0.0,0.0,0.0,0.0,8.425784946236561,0.0,0.0,0.0,0.0,0.0,7.886666666666667,31.106666666666666,50.059999999999995,0.3722277423400719,13.405,-3.02,-0.45,-0.39,6.74,11.57,15.640000000000002,21.21,20.7,16.29,8.15,2.37,-4.17,24.87,27.15,28.58,30.77,33.97,34.32,35.5,35.67,34.74,32.72,29.52,25.47,1.99,2.57,4.14,4.69,6.58,8.16,5.02,6.63,4.66,1.61,2.36,1.65,0.22936592520484464,0.24886315655260455,0.2769814360825172,0.3624750919583963,0.40090452237069973,0.39581713597073076,0.5683966219209698,0.5467619651144399,0.5039842891588313,0.40737786345279464,0.2870063541790741,0.2387985461149591,8.33,9.69,11.86,13.8,14.8,16.06,20.72,18.72,15.32,13.42,9.56,8.58,27.89,27.599999999999998,28.97,24.03,22.4,18.68,14.29,14.970000000000002,18.450000000000003,24.57,27.15,29.64,open_soil|open|none|deciduous,1.0,1.0,1.0,1.0,0.0,1.0,cn-fuzhou,26.07,119.3,nasa_power_climatology
25.19417472186056,820.0,820.0,23.0,546.0,745.4545454545454,1043.6363636363635,0.0,0.0,7.75,109.12000000000032,62.0,0.0,0.0,0.0,36.68000000000001,22.326428571428572,17.153171523178813,0.8209348798924899,26.7807397260274,3876.0,0.0,0.0,0.0,0.0,0.0,4.984000000000001,0.0,0.0,0.0,0.0,0.0,1.804166666666667,28.65166666666667,38.7,0.32103315471323374,11.659166666666666,-6.81,-7.61,-3.36,0.15,7.16,11.2,13.64,12.56,7.38,1.57,-4.18,-10.05,21.5,27.669999999999998,29.0,32.66,32.84,30.86,30.29,32.04,31.030000000000005,27.68,26.46,21.79,0.93,0.81,1.74,2.91,5.93,7.76,5.73,4.32,3.61,2.83,1.38,0.75,0.16413462165696116,0.23095234696243688,0.30995939531842914,0.4315734232182656,0.4819197699381465,0.39043246282966687,0.39759122694146926,0.4273258645669147,0.36701037298103106,0.26667014967039426,0.22431917714469773,0.16050904533039206,6.38,9.06,11.3,14.26,14.86,13.74,16.9,16.52,13.140000000000002,8.98,8.36,6.41,28.31,35.28,32.36,32.51,25.680000000000003,19.66,16.65,19.479999999999997,23.650000000000006,26.11,30.64,31.84,open_soil|open|none|deciduous,1.0,1.0,1.0,1.0,0.0,1.0,cn-guiyang,26.65,106.63,nasa_power_climatology
95.01758059434489,1227.0,1231.0,1119.5,0.0,1227.0,1227.0,1.25,0.0,7.75,0.0,0.0,0.0,0.0,0.0,30.73,37.45554107142857,9.669093377483444,0.8967496130252661,21.175972602739726,2501.0,0.0,70.0,70.0,0.0,0.0,3.4388064516129035,0.0,42.0,0.0,1387.31,0.0,0.8466666666666667,22.019999999999996,22.349999999999998,0.2418887816059848,10.6625,-5.15,-4.8,-3.42,-0.85,1.95,5.48,9.32,7.85,5.27,0.97,-2.58,-3.88,13.28,15.35,17.92,22.94,24.4,26.780000000000005,30.73,30.1,26.82,24.81,17.58,13.53,1.98,1.82,1.54,1.27,1.64,1.83,1.86,2.03,1.45,2.32,2.38,2.23,0.07009767875812278,0.10074618387667966,0.14818985744998603,0.24252617993969908,0.30269757198767716,0.37933872302583166,0.5145159520117444,0.4550290568807151,0.33498054509630965,0.200897437762622,0.09289548151708815,0.06075071096534116,2.88,5.32,9.44,15.04,17.67,19.35,18.58,15.48,11.78,6.67,3.49,2.25,18.43,20.15,21.340000000000003,23.790000000000003,22.45,21.300000000000004,21.41,22.25,21.55,23.84,20.159999999999997,17.41,open_soil|open|none|deciduous,1.0,1.0,1.0,1.0,0.0,1.0,uk-kent,51.28,0.52,nasa_power_climatology
4.781976165063056,62.0,62.35,1085.0,0.0,0.0,0.0,0.0975,0.0775,0.2175,85.55999999999972,31.0,0.0,0.0,0.0,36.379999999999995,11.10220615384615,7.316586357615894,0.4344335335962974,22.126027397260277,2476.0,0.0,62.0,80.60000000000001,0.0,0.0,0.35814086021505376,0.0,42.0,0.0,1358.08,0.0,0.39416666666666683,22.50833333333333,25.19,0.2496500009226087,11.78,-5.33,-5.3,-3.98,-1.62,1.01,5.429999999999999,8.88,7.1,5.28,-0.58,-2.18,-3.98,12.82,14.929999999999998,18.29,23.41,24.25,28.51,31.38,32.69,27.79,25.48,16.98,13.57,2.52,2.19,1.78,1.49,1.72,1.84,1.81,2.03,1.54,2.67,2.88,2.72,0.05902982292578863,0.07844712231436018,0.1207997898645445,0.21482999500457942,0.27717682144998557,0.4183346872320828,0.5817482278594607,0.5322281754771747,0.36987536580187796,0.1946048874274639,0.09154131803787079,0.05718379767611568,3.06,5.7299999999999995,10.34,16.48,19.9,21.59,20.86,17.28,12.859999999999998,7.12,3.72,2.42,18.15,20.229999999999997,22.27,25.03,23.24,23.080000000000002,22.5,25.589999999999996,22.509999999999998,26.06,19.16,17.55,substrate|greenhouse|none|evergreen,0.05,0.0,0.7,0.55,40.0,0.0,uk-ford,50.82,-0.58,nasa_power_climatology
0.0,731.0,731.0,146.0,878.0,584.8000000000001,1023.4,0.0,0.0,0.0,1992.1999999999998,120.0,90.0,90.0,28.0,48.606,35.27251085714283,21.20929035294117,2.0083735404940697,24.695342465753434,3814.0,488.0,0.0,0.0,0.0,0.0,1.4169690476190475,0.0,0.0,0.0,0.0,0.0,7.531666666666667,32.24583333333333,24.01,0.6488009995804527,20.05083333333333,11.4,11.55,10.42,8.23,6.1,4.87,3.88,4.33,5.48,5.57,8.35,10.2,36.64,38.67,37.81,36.18,29.0,26.32,24.39,26.04,29.75,32.71,33.19,36.25,0.65,0.53,0.81,1.61,2.3,4.49,3.99,3.89,2.06,1.5,1.52,0.66,1.0214267197694216,1.0812518773323432,0.9560561530746288,0.7819949731096358,0.47027859885598683,0.3495721408489187,0.29302099414065946,0.2994200561186241,0.38618952575105797,0.5186982498482445,0.6978636965996996,0.9298390095162123,30.24,27.15,22.04,16.11,11.19,9.46,10.51,13.26,18.14,23.76,28.29,30.46,25.240000000000002,27.12,27.39,27.95,22.9,21.45,20.51,21.71,24.27,27.14,24.839999999999996,26.05,open_soil|open|net|deciduous,1.0,1.0,0.82,0.53,0.0,1.0,za-stellenbosch,-33.93,18.86,nasa_power_climatology
0.0,1011.0,1011.0,-369.5,1284.0,866.5714285714286,1155.4285714285713,0.0,0.0,0.0,5684.0,120.0,120.0,120.0,120.0,56.66,38.242795054945056,26.877275058823525,5.119301196434956,34.88490410958904,3060.0,1662.0,0.0,0.0,0.0,0.0,3.7890526881720437,0.0,0.0,0.0,0.0,0.0,5.7625,40.61666666666667,30.509999999999998,1.1814209262146722,18.925833333333333,13.81,12.709999999999999,11.71,3.37,0.31,0.35,-3.2,-0.66,1.5800000000000003,6.36,10.1,12.71,43.22,42.03000000000001,40.95,37.61,35.05,33.79,36.17,39.67,43.14,45.77,45.66,44.34,6.06,5.48,4.09,2.62,0.78,0.67,0.12,0.18,0.47,1.68,3.39,4.97,1.39082119571487,1.1342116256802364,0.9521798594262615,0.6442343224991042,0.5953172973804314,0.6204938020575897,0.7749091396865702,1.2272167655173596,1.6039366013798344,1.8498337155467328,1.8227480654827601,1.5611487242043165,22.78,20.91,18.62,15.95,13.55,12.79,14.24,17.67,20.99,22.71,23.74,23.16,29.409999999999997,29.320000000000007,29.240000000000002,34.24,34.739999999999995,33.44,39.370000000000005,40.33,41.56,39.410000000000004,35.559999999999995,31.630000000000003,open_soil|open|net|deciduous,1.0,1.0,0.82,0.53,0.0,1.0,ar-tucuman,-26.82,-65.22,nasa_power_climatology
0.0,1272.0,1273.0,241.0,826.0,1272.0,1272.0,0.0,0.0,0.0,3680.119999999999,120.0,120.0,120.0,90.0,52.22,18.874333928571428,22.276988235294112,0.514278361664305,29.970356164383563,3143.0,694.0,0.0,0.0,0.0,0.0,5.6053763440860225,0.0,0.0,0.0,0.0,0.0,3.4025,33.384166666666665,39.39,0.5701173687787094,17.434166666666666,10.17,8.85,7.14,4.63,1.63,-1.3300000000000003,-2.66,-0.9,0.31,2.67,3.73,6.59,40.05,39.46999999999999,36.28,35.14,27.94,26.09,25.14,28.91,30.4,32.12,37.85,41.22,3.18,3.76,3.9400000000000004,3.44,2.85,3.2,2.98,3.2,3.31,3.49,3.17,2.87,1.1826491338913776,0.945684639465356,0.7008207086660969,0.5374705806346883,0.2857520667215831,0.2157145618264753,0.19326813062188697,0.26289592530513245,0.3257382804741472,0.4287448636054842,0.6987230053297578,1.063946528802527,26.59,22.91,19.05,14.01,9.75,8.16,8.59,11.52,15.87,20.45,25.02,27.29,29.879999999999995,30.61999999999999,29.14,30.51,26.310000000000002,27.42,27.8,29.81,30.09,29.449999999999996,34.120000000000005,34.629999999999995,open_soil|open|none|deciduous,1.0,1.0,1.0,1.0,0.0,1.0,uy-montevideo,-34.72,-56.22,nasa_power_climatology
37.280002118609474,1446.0,1448.0,855.0,328.0,1239.4285714285713,1652.5714285714284,0.0,0.0,0.0,2922.9599999999987,123.0,92.0,92.0,92.0,51.51,15.655710036263738,12.25936402450331,1.2557778429225706,23.9197808219178,3540.0,608.0,0.0,0.0,0.0,0.0,0.303205376344086,0.0,0.0,0.0,0.0,0.0,6.360833333333333,30.28083333333333,16.54,0.6368486620078696,18.153333333333332,-0.45,-1.13,1.48,5.23,7.76,11.72,13.56,14.09,12.34,8.18,2.86,0.69,20.03,21.830000000000002,25.81,27.96,33.55,38.43999999999999,39.28,40.51,38.3,31.67,26.09,19.9,1.64,1.69,1.86,1.85,0.9799999999999999,0.27,0.03,0.12,0.79,2.29,2.9,2.12,0.1933630117744019,0.22652248412968307,0.32414554774710963,0.44437622136528365,0.7284884741547922,1.0955556573588652,1.2477260891256268,1.2983037220966043,0.9989481967941658,0.5678971448126663,0.3241054834575011,0.19275191127773522,8.98,12.5,16.72,21.24,25.32,27.61,28.18,25.31,19.9,14.01,9.94,8.13,20.48,22.96,24.33,22.73,25.79,26.71999999999999,25.72,26.419999999999998,25.959999999999997,23.490000000000002,23.23,19.209999999999997,substrate|tunnel|ldpe|deciduous,1.0,0.0,0.527,0.1,30.0,0.0,pt-odemira,37.6,-8.64,nasa_power_climatology
44.10268413909671,1333.0,1334.0,489.0,404.0,1066.4,1866.1999999999998,0.0,0.0,0.0,4066.6799999999994,123.0,123.0,123.0,92.0,54.73,18.359332385714286,11.501881796026487,0.9165759429767204,27.317479452054798,3256.0,828.0,0.0,0.0,0.0,0.0,0.19600952380952383,0.0,0.0,0.0,0.0,0.0,4.8225,32.134166666666665,17.599999999999998,0.7099701896888275,17.508333333333333,-2.5,-2.57,-1.53,4.07,6.87,10.55,12.78,13.24,11.51,6.63,1.11,-2.29,20.74,23.53,27.57,29.57,35.9,40.81000000000001,40.64,43.73,41.43999999999999,34.2,26.18,21.3,1.94,1.8000000000000003,1.9499999999999997,1.81,1.1,0.42,0.11,0.16,0.94,2.53,2.86,1.98,0.1954849753074885,0.25791589085980005,0.35948564571118025,0.5143750795162574,0.8283538226760047,1.191043293996114,1.3417633199415318,1.5038764297561804,1.1798702051967926,0.6350232264413086,0.3158661674914002,0.196584219371872,8.29,11.83,15.93,20.37,24.46,26.96,27.87,25.0,19.36,13.28,9.23,7.52,23.24,26.1,29.1,25.5,29.029999999999998,30.26000000000001,27.86,30.489999999999995,29.929999999999993,27.570000000000004,25.07,23.59,substrate|tunnel|ldpe|deciduous,1.0,0.0,0.527,0.1,30.0,0.0,pt-alcacer,38.37,-8.51,nasa_power_climatology
43.701370335894396,521.0,522.0,-40.5,249.0,521.0,521.0,16.375,2.0,56.375,1687.3199999999997,92.0,62.0,62.0,0.0,47.22,44.57855892857143,19.184101986754964,1.460814036063784,33.38630136986301,2897.0,248.0,0.0,0.0,0.0,0.0,6.901784946236559,0.0,0.0,0.0,0.0,0.0,-3.6591666666666676,29.76166666666667,39.099999999999994,0.379434285564908,14.600833333333332,-19.84,-17.89,-18.44,-4.570000000000001,1.26,7.62,12.03,11.83,5.76,-1.12,-7.1,-13.45,20.3,22.59,24.85,32.67,31.06,34.25,37.9,37.53,34.96,33.97,24.94,22.12,2.44,2.79,3.18,3.09,2.91,3.82,3.76,3.84,3.13,3.53,3.03,3.58,0.10838194924565568,0.13602045895180478,0.1563865737382107,0.35315659447538644,0.37345244681060197,0.5241529027499648,0.7450900264936755,0.7549080526230755,0.5941387558460466,0.42782634608205605,0.2395644471265984,0.1401328726358194,7.29,10.429999999999998,14.0,18.07,20.0,21.93,22.22,19.34,15.92,11.31,8.31,6.39,40.14,40.480000000000004,43.290000000000006,37.24,29.799999999999997,26.63,25.869999999999997,25.700000000000003,29.200000000000003,35.089999999999996,32.04,35.57,open_soil|open|none|deciduous,1.0,1.0,1.0,1.0,0.0,1.0,us-nj-hammonton,39.64,-74.8,nasa_power_climatology
43.82707202527466,521.0,522.0,-40.0,249.0,521.0,521.0,16.375,2.0,56.375,1687.3199999999997,92.0,62.0,62.0,0.0,47.22,43.637571428571434,19.097737748344368,1.520289491032843,33.38630136986301,2900.0,248.0,0.0,0.0,0.0,0.0,7.7446451612903235,0.0,0.0,0.0,0.0,0.0,-3.6591666666666676,29.76166666666667,39.099999999999994,0.379434285564908,14.626666666666665,-19.84,-17.89,-18.44,-4.570000000000001,1.26,7.62,12.03,11.83,5.76,-1.12,-7.1,-13.45,20.3,22.59,24.85,32.67,31.06,34.25,37.9,37.53,34.96,33.97,24.94,22.12,2.44,2.79,3.18,3.09,2.91,3.82,3.76,3.84,3.13,3.53,3.03,3.58,0.10838194924565568,0.13602045895180478,0.1563865737382107,0.35315659447538644,0.37345244681060197,0.5241529027499648,0.7450900264936755,0.7549080526230755,0.5941387558460466,0.42782634608205605,0.2395644471265984,0.1401328726358194,7.29,10.44,13.8,17.969999999999995,20.06,22.219999999999995,22.22,19.46,15.91,11.46,8.38,6.31,40.14,40.480000000000004,43.290000000000006,37.24,29.799999999999997,26.63,25.869999999999997,25.700000000000003,29.200000000000003,35.089999999999996,32.04,35.57,open_soil|open|none|deciduous,1.0,1.0,1.0,1.0,0.0,1.0,us-nj-vineland,39.49,-75.03,nasa_power_climatology
71.7839516564622,413.0,414.0,476.5,0.0,413.0,413.0,32.125,6.0,76.875,0.0,0.0,0.0,0.0,0.0,30.35,28.901142857142855,15.752288741721856,0.683740228277691,28.62457534246575,2448.0,0.0,0.0,0.0,0.0,0.0,7.411612903225807,0.0,10.85,0.0,287.68000000000006,0.0,-6.861666666666667,21.793333333333333,40.980000000000004,0.19848801982257694,13.174166666666666,-22.91,-24.71,-20.33,-7.56,0.16,4.6,9.82,9.12,4.24,-2.16,-12.28,-20.33,12.11,9.99,19.39,18.54,25.75,29.030000000000005,29.91,30.35,31.54,23.3,17.48,14.13,2.96,3.06,3.06,3.42,3.11,3.72,2.62,2.73,3.32,4.48,4.15,4.35,0.043510913955349215,0.04526304443717804,0.10623971870152951,0.16273904675278927,0.24326960406760872,0.2895673639374942,0.3499086976657149,0.38804332157386195,0.35153331462915693,0.22247527262495842,0.11880101296290964,0.060504926562372566,5.72,8.75,13.07,16.49,18.99,20.17,20.88,18.73,15.08,9.64,6.08,4.49,35.019999999999996,34.7,39.72,26.099999999999998,25.59,24.430000000000007,20.09,21.230000000000004,27.299999999999997,25.46,29.759999999999998,34.46,open_soil|open|none|deciduous,1.0,1.0,1.0,1.0,0.0,1.0,us-me-ellsworth,44.54,-68.42,nasa_power_climatology
47.933702585118525,347.0,347.0,45.0,134.0,347.0,347.0,43.0,15.5,78.5,1630.08,123.0,62.0,62.0,0.0,46.896,43.18722321428572,16.032629801324497,1.3915075640436494,38.868821917808226,2303.0,195.0,146.0,118.0,0.0,0.0,6.974451612903226,0.0,21.7,0.0,777.0999999999997,0.0,-10.520000000000001,28.408333333333335,39.27000000000001,0.28098053994340005,13.436666666666666,-30.93,-27.98,-25.89,-11.08,-2.8,1.27,7.97,7.58,1.19,-7.69,-16.29,-21.59,17.96,21.330000000000002,22.94,30.36,33.0,33.99,37.72,36.5,33.98,30.06,23.05,20.01,2.36,2.57,2.76,3.02,3.21,4.08,3.72,3.84,3.64,3.99,2.77,3.31,0.03139477187000699,0.044346702146436046,0.07916892993306202,0.24560377139662495,0.3607781168989476,0.4004685725702468,0.6398591846725198,0.6400677679647725,0.4928331450884087,0.2587454792625561,0.12003660622989418,0.058463431287325056,5.8,8.88,12.83,16.67,19.23,20.86,21.59,18.99,15.43,9.67,6.63,4.66,48.89,49.31,48.83,41.44,35.8,32.72,29.75,28.92,32.79,37.75,39.34,41.6,open_soil|open|none|deciduous,1.0,1.0,1.0,1.0,0.0,1.0,us-ny-hudson,42.25,-73.79,nasa_power_climatology
45.34569873602035,376.0,377.0,77.0,189.0,376.0,376.0,34.125,20.125,64.0,2429.28,123.0,92.0,92.0,61.0,51.38,43.33725714285714,15.909252317880787,1.8125806411338445,37.19802739726027,2321.0,428.0,0.0,0.0,0.0,0.0,6.7775483870967745,0.0,0.0,0.0,0.0,0.0,-8.2125,28.992499999999996,32.6,0.35776458150881646,13.681666666666665,-26.74,-23.18,-20.02,-5.52,-3.71,1.97,6.64,7.17,3.42,-3.19,-10.73,-24.66,16.75,18.72,27.01,26.9,33.11,38.48,40.38,35.83,36.7,30.04,24.34,19.65,1.99,2.06,2.03,2.95,3.61,3.27,3.23,3.45,2.68,3.05,2.3,1.98,0.05325692695412733,0.07647852593610205,0.1519379964507801,0.29640173277781123,0.3741799492865717,0.5571963223923553,0.7663294651471492,0.7188068476997264,0.6545727668114535,0.37943672325569694,0.19523318727210648,0.06934453412191877,5.69,8.56,12.77,16.92,19.34,21.89,22.14,19.28,15.76,10.37,6.67,4.79,43.489999999999995,41.9,47.03,32.42,36.82,36.51,33.74,28.659999999999997,33.28,33.23,35.07,44.31,open_soil|open|none|deciduous,1.0,1.0,1.0,1.0,0.0,1.0,us-in-huntsville,41.68,-86.25,nasa_power_climatology
0.0,857.0,857.0,-159.5,855.0,779.090909090909,1090.7272727272727,21.25,32.875,20.375,2194.0,120.0,90.0,90.0,0.0,47.147999999999996,49.83104175824175,22.2959294117647,3.9648357289046516,33.616767123287666,3081.0,363.0,0.0,0.0,0.0,0.0,0.9766451612903225,0.0,0.0,0.0,0.0,0.0,-0.4924999999999999,33.10166666666667,8.98,1.1806594247106201,19.54416666666667,5.44,6.64,6.45,-1.32,-4.09,-6.88,-5.01,-6.17,-2.7,-1.8,1.59,1.94,37.86,37.04,35.56,33.13,31.85,26.7,28.06,31.89,31.82,31.94,34.75,36.62,0.25,0.3,0.31,0.39,1.42,2.1,1.52,1.29,0.51,0.39,0.29,0.21,1.7790261223250756,1.746115231057721,1.7058634189232413,1.2144939524418716,0.9477536063278271,0.6259116131326704,0.6452280890737129,0.7174185128496483,0.8487085112038613,0.9884280204997314,1.3872928695188838,1.561673149173197,31.63,28.54,23.28,16.07,10.34,7.69,8.44,11.28,16.18,21.55,27.85,31.68,32.42,30.4,29.110000000000003,34.45,35.94,33.58,33.07,38.06,34.52,33.74,33.16,34.68,open_soil|open|none|deciduous,1.0,1.0,1.0,1.0,0.0,1.0,cl-santiago,-33.45,-70.67,nasa_power_climatology
72.86617715208043,1226.0,1226.0,675.5,0.0,1114.5454545454545,1560.3636363636363,7.75,7.625,0.0,0.0,0.0,0.0,0.0,0.0,20.8,35.32716593406594,36.44228235294117,0.34228077628454373,20.445999999999998,1887.0,0.0,0.0,0.0,0.0,0.0,9.988494623655914,0.0,0.0,0.0,0.0,0.0,-0.7241666666666667,19.69333333333333,23.68,0.2527204664613259,17.670833333333338,1.07,1.06,0.98,0.69,-2.79,-2.61,-4.49,-3.37,-1.01,-1.18,1.52,1.44,18.52,18.49,18.41,19.4,19.93,17.84,19.35,20.65,20.780000000000005,22.42,20.8,19.73,4.17,4.49,3.09,1.45,0.28,0.14,0.34,0.27,0.6,2.04,2.39,4.42,0.21159585032922884,0.1886929967883253,0.18383210589464183,0.2011317781248485,0.21243296245215706,0.228428662023899,0.2587822839102637,0.3141704030834665,0.336680310375557,0.3284279076008918,0.31576433148437283,0.25270600546825833,17.39,16.78,17.09,17.25,17.32,16.88,17.18,18.46,18.18,18.69,19.3,17.53,17.45,17.43,17.43,18.709999999999997,22.72,20.45,23.840000000000003,24.02,21.790000000000006,23.6,19.28,18.29,open_soil|open|none|deciduous,1.0,1.0,1.0,1.0,0.0,1.0,pe-cusco,-13.53,-71.97,nasa_power_climatology
0.0,791.0,809.0,-215.0,754.0,744.4705882352941,837.5294117647059,0.0,0.0,15.5,4687.2,123.0,123.0,123.0,123.0,54.53,46.97388571428572,23.760447019867545,2.250160937886609,32.59761643835616,3336.0,1089.0,0.0,0.0,0.0,0.0,7.495806451612902,0.0,0.0,0.0,0.0,0.0,2.4975,35.1175,42.64,0.6090694073802555,16.551666666666666,-8.5,-7.83,-5.65,-0.28,4.92,15.76,17.98,15.18,8.47,0.95,-5.65,-5.38,25.26,27.46,31.61,35.22,39.01,41.61,41.96,43.53,40.52,36.3,31.59,27.34,3.39,3.75,3.83,3.25,3.62,4.11,3.12,3.2,3.26,3.91,3.42,3.78,0.19022710960661812,0.20108595176019184,0.2812127564655338,0.43157902955482447,0.6540336108745207,1.0907136729042066,1.213971492246516,1.2846356093018736,0.8615665070376339,0.5488621675039457,0.31929658371544073,0.2316483975917597,10.03,11.41,15.66,19.45,21.39,22.84,22.72,21.47,18.33,15.04,11.3,8.98,33.760000000000005,35.29,37.26,35.5,34.089999999999996,25.85,23.98,28.35,32.050000000000004,35.349999999999994,37.24,32.72,open_soil|open|none|deciduous,1.0,1.0,1.0,1.0,0.0,1.0,us-tx-nacogdoches,31.6,-94.66,nasa_power_climatology
0.0,819.0,820.0,-194.5,780.0,819.0,955.5000000000001,0.0,0.0,15.5,4022.360000000001,123.0,123.0,123.0,92.0,52.58,45.15951428571428,25.35818543046357,1.6335324995641645,31.774000000000004,3344.0,979.0,0.0,0.0,0.0,0.0,10.703548387096772,0.0,0.0,0.0,0.0,0.0,2.743333333333334,34.523333333333326,51.849999999999994,0.4714598760011886,16.775,-7.97,-5.2,-5.81,1.96,4.77,14.46,17.61,13.78,9.35,1.06,-5.77,-5.32,26.11,27.77,30.38,35.96,37.97,40.42,40.74,41.58,38.77,36.55,30.59,27.44,3.85,4.27,3.72,4.02,4.3,5.71,5.16,5.77,4.05,3.61,2.88,4.51,0.18882808714934163,0.21605320717248375,0.256673628028489,0.4346568973803723,0.5693678259580222,0.8377771736335613,0.8598528210494976,0.7564833343170665,0.5992355552293362,0.4582564980728394,0.2772360295334375,0.20309745448981636,10.5,12.429999999999998,16.61,20.48,22.49,21.86,20.92,19.96,18.48,15.84,12.28,9.45,34.08,32.97,36.19,34.0,33.2,25.96,23.130000000000003,27.799999999999997,29.42,35.489999999999995,36.36,32.760000000000005,open_soil|open|none|deciduous,1.0,1.0,1.0,1.0,0.0,1.0,us-la-hammond,30.5,-90.46,nasa_power_climatology
8.530883635145004,688.0,690.0,-130.5,637.0,635.0769230769231,740.9230769230769,15.5,0.0,30.25,4661.08,123.0,123.0,123.0,92.0,55.42,44.89862857142855,24.096993377483443,2.567450468769868,33.958657534246576,3066.0,973.0,0.0,0.0,0.0,0.0,7.565913978494622,0.0,0.0,0.0,0.0,0.0,0.2508333333333331,34.23333333333333,41.46,0.568030961987247,16.40666666666667,-11.27,-10.09,-7.44,-4.5,3.94,11.890000000000002,15.1,14.09,6.34,-1.28,-6.39,-7.38,24.47,26.080000000000002,29.12,33.02,36.12,44.42,43.7,41.75,38.95,38.68,29.02,25.47,3.31,3.91,3.65,3.06,3.16,3.68,3.75,3.52,3.17,2.79,3.2,4.26,0.17641553365014684,0.1939978044715188,0.2584647586389493,0.364824524299808,0.5828456436688705,1.05729029234632,1.2117259303641772,1.0880741822261715,0.7792582078182295,0.572793485908096,0.3288135444008893,0.20186763605378752,10.09,12.12,16.04,20.3,22.25,22.530000000000005,21.88,19.8,17.42,14.46,11.28,8.71,35.739999999999995,36.17,36.56,37.52,32.18,32.53,28.6,27.66,32.61,39.96,35.41,32.85,open_soil|open|none|deciduous,1.0,1.0,1.0,1.0,0.0,1.0,us-ga-athens,33.95,-83.38,nasa_power_climatology
80.47935802730088,643.0,645.0,369.5,68.0,643.0,643.0,16.75,0.0,39.875,1063.4799999999998,92.0,31.0,31.0,0.0,44.717999999999996,32.93702678571428,22.650323841059603,0.794652288121185,28.18764383561644,2920.0,87.0,0.0,0.0,0.0,0.0,15.176602150537633,0.0,0.0,0.0,0.0,0.0,-1.7925000000000004,26.41333333333333,46.07000000000001,0.30230789863626484,14.090833333333334,-15.96,-13.87,-8.47,-3.62,2.22,6.71,13.29,13.66,6.47,-1.89,-5.52,-14.53,15.65,17.17,20.71,27.4,31.54,34.28,33.86,36.51,30.67,28.75,22.65,17.77,0.95,1.7,2.21,3.81,3.83,5.48,9.5,8.53,5.22,2.17,1.56,1.11,0.1119712484202383,0.16185542397731764,0.23525520240082598,0.3571564851916666,0.4661455271582778,0.5048420068916627,0.34874609434674136,0.44191862855182756,0.3377690271028463,0.3148626230297296,0.22205934168577182,0.12511317487827203,9.17,11.97,15.66,18.14,19.89,17.68,15.19,15.86,14.4,13.16,9.69,8.28,31.61,31.04,29.18,31.02,29.32,27.57,20.57,22.849999999999998,24.200000000000003,30.64,28.169999999999998,32.3,open_soil|open|none|deciduous,1.0,1.0,1.0,1.0,0.0,1.0,kr-hadong,35.07,127.75,nasa_power_climatology
79.48203611871233,687.0,688.0,733.0,0.0,687.0,687.0,32.5,15.625,65.25,483.5999999999999,62.0,0.0,0.0,0.0,39.42,32.85977142857143,18.01571721854305,0.740071133967989,27.70208219178083,2363.0,0.0,0.0,0.0,0.0,0.0,11.363677419354834,0.0,32.199999999999996,0.0,890.6699999999998,0.0,-4.449166666666668,23.25666666666667,45.32,0.19313926906746984,12.595833333333337,-15.34,-17.16,-13.57,-6.4,-2.79,3.75,10.08,8.62,1.24,-2.37,-6.89,-12.56,6.55,10.290000000000001,15.57,23.48,31.32,30.36,33.69,34.21,31.68,28.24,19.14,14.55,2.45,1.9599999999999997,2.76,3.33,3.35,3.87,5.96,5.52,5.08,4.57,3.25,3.22,0.01706386152104998,0.023745053044674818,0.07703198493591921,0.20387737592631128,0.3159909136767965,0.33775852919591515,0.36073756757344627,0.3617477715197465,0.2572683060984154,0.2084997362289699,0.10583071416807646,0.04811941492031692,7.16,9.709999999999999,13.06,16.55,18.12,17.92,15.7,15.61,13.18,10.49,7.66,5.99,21.89,27.450000000000003,29.14,29.880000000000003,34.11,26.61,23.61,25.590000000000003,30.44,30.61,26.03,27.11,open_soil|open|none|deciduous,1.0,1.0,1.0,1.0,0.0,1.0,jp-iwate,39.7,141.15,nasa_power_climatology
0.0,9.1,9.200000000000001,-1096.5,1446.0,0.0,0.0,0.0,0.0,0.0,2033.2399999999996,123.0,61.0,61.0,31.0,50.873999999999995,27.35015024175825,29.975409536423843,0.6672258836736539,21.875452054794522,5497.0,555.0,0.0,0.0,0.0,0.0,7.880879569892472,0.0,0.0,0.0,0.0,0.0,12.701666666666668,34.60333333333333,40.699999999999996,0.7619208964985154,17.31083333333333,6.09,8.77,9.71,13.66,16.33,18.45,18.61,18.09,17.51,12.54,7.679999999999999,4.98,33.05,34.99,37.26,40.52,39.93,36.74,34.44,33.44,32.32,30.36,31.94,30.25,0.48999999999999994,0.16,0.74,2.11,6.09,4.71,5.74,7.65,7.39,3.98,1.22,0.42,0.7465496073538012,1.155372970840378,1.396699295011496,1.583861826451081,0.9612998380441717,0.707330442712229,0.574512167968811,0.41835619744976715,0.351422851611697,0.33210035224892137,0.42359172791211386,0.491953480377717,16.69,19.21,20.34,21.66,19.35,16.49,15.2,14.73,16.03,15.86,16.48,15.69,26.959999999999997,26.220000000000002,27.549999999999997,26.860000000000003,23.6,18.290000000000003,15.829999999999998,15.349999999999998,14.809999999999999,17.82,24.26,25.27,substrate|open|net|evergreen,0.05,0.0,0.82,0.53,0.0,1.0,th-chiang-mai,18.79,98.99,nasa_power_climatology
0.0,540.0,540.0,-672.5,1349.0,462.85714285714283,617.1428571428571,0.0,0.0,0.0,6723.439999999999,123.0,123.0,123.0,123.0,57.85,18.03888511318681,14.325264053642384,2.9348248550299245,29.1461095890411,4000.0,1933.0,0.0,0.0,0.0,0.0,0.03483763440860215,0.0,0.0,0.0,0.0,0.0,11.128333333333332,40.294999999999995,3.2800000000000002,1.4670462222216376,19.485833333333336,2.76,3.09,5.82,8.83,11.21,15.06,19.29,20.25,17.54,14.3,10.04,5.35,29.37,34.49,39.8,44.08,45.85,45.91,46.85,44.06,42.49,40.68,36.46,33.5,0.69,0.51,0.29,0.47,0.04,0.02,0.02,0.0,0.01,0.24,0.41,0.58,0.6014348360169041,0.7770700132461764,1.1173130515051621,1.5658984375252103,1.9085374098651253,2.1206297846516478,2.3012539790299966,2.105698929782371,1.8265129881577606,1.4606786816057025,1.059592550952372,0.7599340043212208,10.86,13.86,18.88,22.98,26.05,28.04,27.66,25.24,21.61,16.55,12.23,9.87,26.61,31.400000000000002,33.98,35.25,34.64,30.849999999999994,27.560000000000002,23.810000000000002,24.950000000000003,26.38,26.42,28.15,substrate|tunnel|ldpe|deciduous,1.0,0.0,0.527,0.1,30.0,0.0,eg-behira,31.03,30.47,nasa_power_climatology
80.43301436220176,716.0,718.0,326.5,30.0,572.8000000000001,1002.4,1.7375,1.1625,4.3375,1722.92,92.0,62.0,62.0,0.0,47.652,18.865470714285713,11.886583070860924,0.7823260106120957,29.54235616438356,2584.0,308.0,0.0,0.0,0.0,0.0,0.1643714285714285,0.0,0.0,0.0,0.0,0.0,-2.3391666666666664,27.228333333333328,16.919999999999998,0.7491325631845663,18.031666666666663,-14.87,-14.61,-8.92,-2.93,0.26,6.85,11.16,12.05,4.1,-3.09,-6.39,-11.68,14.04,18.28,20.89,26.8,29.8,34.03,37.79,38.14,36.06000000000001,28.92,22.219999999999995,19.77,2.92,2.3,1.63,1.14,1.15,0.54,0.09,0.09,0.5,0.99,2.11,3.46,0.11573414809168013,0.14414272162011754,0.2480138401169874,0.4434089730888088,0.6339064651565026,1.1480259050098776,1.8180871507943368,1.917501435713862,1.2687034903075112,0.6671306355956674,0.37436755141825456,0.21056844130119026,8.22,11.53,16.48,21.06,24.75,27.94,27.74,24.86,20.6,14.9,10.51,7.79,28.909999999999997,32.89,29.810000000000002,29.73,29.54,27.18,26.63,26.09,31.960000000000008,32.010000000000005,28.609999999999996,31.45,open_soil|tunnel|ldpe|deciduous,1.0,1.0,0.527,0.1,30.0,0.0,tr-mersin,36.8,34.63,nasa_power_climatology
46.33932886843499,780.0,781.0,172.5,311.0,780.0,780.0,18.75,0.0,33.625,4022.7600000000007,123.0,123.0,123.0,92.0,54.24,51.8631107142857,17.940731125827813,4.210660056597749,30.802520547945207,3057.0,769.0,0.0,0.0,0.0,0.0,1.985741935483871,0.0,0.0,0.0,0.0,0.0,0.5099999999999995,31.305000000000003,17.689999999999998,0.8189454649569341,15.5025,-11.06,-8.08,-5.98,-4.51,5.73,10.6,14.56,14.59,7.22,1.88,-2.79,-16.04,19.13,21.81,29.06,29.39,35.32,41.25,43.24,40.93,37.85,31.86,25.18,20.64,1.44,1.4,1.55,1.41,1.59,1.38,1.02,0.95,1.67,1.79,1.5,1.99,0.16142280680420823,0.22035921670680597,0.36014645806863943,0.45219166082578555,0.9079343912108069,1.520679383922349,2.0793087591917527,1.9099346554739338,1.1608386827378054,0.6009540900213046,0.31104647391989576,0.14252900059992174,6.73,9.61,13.65,18.12,22.03,25.13,25.83,22.97,17.01,11.55,7.54,5.86,30.189999999999998,29.89,35.04,33.9,29.59,30.65,28.68,26.34,30.630000000000003,29.98,27.97,36.68,open_soil|open|none|deciduous,1.0,1.0,1.0,1.0,0.0,1.0,gr-katerini,40.27,22.5,nasa_power_climatology
68.34342276177615,439.0,439.0,405.0,0.0,439.0,439.0,32.125,19.375,60.25,1375.2,92.0,62.0,62.0,0.0,45.924,39.48598928571429,9.449207284768212,2.0353916901299196,34.42312328767123,2096.0,214.0,67.0,67.0,0.0,0.0,4.323956989247311,0.0,42.0,0.0,1421.02,0.0,-9.529166666666667,24.924166666666668,21.01,0.3629671261580325,10.981666666666667,-34.55,-26.87,-17.0,-5.179999999999999,-3.41,3.67,7.64,7.3,0.23999999999999996,-9.54,-16.93,-19.72,10.7,12.25,19.73,28.68,30.28,33.85,36.12,37.18,34.75,24.66,19.36,11.53,1.37,1.27,1.33,1.45,2.55,2.36,2.5,2.07,1.85,1.6,1.35,1.31,0.015210306566722797,0.0291047988611088,0.10767138928035709,0.3410394662733185,0.4103485833166089,0.6749555863311633,0.9173167953400999,0.9811202953998264,0.595408166472532,0.19467479693922504,0.06016058681159157,0.02859474230383659,2.64,5.2700000000000005,10.01,15.01,18.7,20.36,19.34,17.0,11.81,6.72,2.94,1.98,45.25,39.120000000000005,36.730000000000004,33.86,33.69,30.18,28.479999999999997,29.88,34.51,34.2,36.29,31.25,open_soil|open|none|deciduous,1.0,1.0,1.0,1.0,0.0,1.0,pl-lublin,51.25,22.57,nasa_power_climatology
74.88542111718175,500.0,500.0,405.5,0.0,500.0,500.0,24.5,14.125,53.25,630.5599999999996,92.0,31.0,31.0,0.0,42.413999999999994,35.01979999999998,8.667131125827812,1.3949960695365284,30.538821917808214,2373.0,37.0,117.0,87.0,0.0,0.0,4.9140000000000015,0.0,42.0,0.0,1447.0699999999997,0.0,-5.734999999999999,24.8125,23.82,0.2880046174024135,10.225,-21.75,-18.09,-13.4,-4.8,-1.7,4.49,7.53,6.39,3.2,-4.87,-9.16,-16.66,12.89,15.83,20.87,25.79,30.6,32.15,35.23,33.71,30.63,25.79,20.4,13.86,2.23,1.75,1.65,1.27,1.9599999999999997,2.07,2.68,2.17,1.88,1.9,2.05,2.21,0.03214660985706971,0.06112827404947259,0.13130661621827058,0.2977761959034064,0.4075224263939402,0.529208956625893,0.6567779081311165,0.6051463229821316,0.4371152987761325,0.18893661800541375,0.07304549858688689,0.03594468329922862,2.34,4.87,9.01,14.67,17.66,18.780000000000005,18.04,15.15,11.13,6.31,2.9100000000000006,1.83,34.64,33.92,34.27,30.59,32.300000000000004,27.659999999999997,27.699999999999996,27.32,27.43,30.66,29.56,30.52,open_soil|open|none|deciduous,1.0,1.0,1.0,1.0,0.0,1.0,de-hannover,52.37,9.73,nasa_power_climatology
79.29273841668144,719.0,720.0,411.0,34.0,719.0,719.0,0.34500000000000003,0.1,0.855,1185.7200000000005,92.0,31.0,31.0,0.0,47.11200000000001,26.21396249999999,6.610702649006622,1.5171755642216296,29.301863013698625,2401.0,142.0,120.0,117.0,0.0,0.0,0.21817526881720434,0.0,42.0,0.0,1407.15,0.0,-3.6008333333333327,25.742500000000003,25.939999999999998,0.30179352354297456,10.644166666666667,-13.75,-16.33,-8.17,-4.73,0.84,4.45,7.43,6.68,3.03,-4.31,-5.76,-12.59,13.45,18.5,21.41,26.87,29.73,34.1,37.84,33.69,31.87,26.53,20.2,14.72,2.45,2.21,1.86,1.41,1.98,2.12,2.45,2.57,1.8900000000000001,2.06,2.39,2.55,0.047185228355853044,0.07572177955928766,0.16660579568353007,0.30755225761224636,0.42710116231892425,0.5671150875218406,0.7054138797063472,0.5676465072637438,0.4264488748998334,0.19967386074899582,0.08777522417815654,0.04328262466693542,2.71,5.18,9.55,15.09,18.06,19.32,18.54,15.6,11.56,6.73,3.29,2.1,27.2,34.83,29.58,31.6,28.89,29.650000000000002,30.410000000000004,27.009999999999998,28.84,30.84,25.96,27.310000000000002,substrate|greenhouse|none|deciduous,1.0,0.0,0.7,0.55,40.0,0.0,nl-venlo,51.37,6.17,nasa_power_climatology
67.7179327343035,500.0,501.0,362.5,93.0,500.0,500.0,23.125,15.5,47.875,1326.1999999999996,123.0,62.0,62.0,0.0,45.69,53.7501375,14.683702649006626,1.9468018366406687,33.076547945205476,2201.0,184.0,31.0,31.0,0.0,0.0,0.8079354838709678,0.0,21.7,0.0,664.02,0.0,-6.6883333333333335,26.363333333333333,31.200000000000003,0.3611107500812958,15.106666666666667,-19.03,-14.0,-12.35,-4.47,-1.56,2.62,5.52,5.74,-0.19,-7.5,-17.09,-17.95,16.01,15.64,23.53,26.62,32.31,34.01,37.05,35.39,35.82,28.45,17.780000000000005,13.75,4.39,3.31,3.56,2.52,1.9,1.33,0.26,0.46,1.1,2.72,4.37,5.28,0.0448416053858619,0.09178897299815619,0.16314681368277117,0.29934301342720804,0.44652206036903364,0.5644108002286929,0.8083622152568322,0.8464949786948734,0.657116998556098,0.28787194080442613,0.08060575503932445,0.042823846532271656,4.69,8.35,12.75,18.52,22.67,25.71,27.65,23.3,17.219999999999995,10.66,5.87,3.89,35.040000000000006,29.64,35.88,31.09,33.870000000000005,31.389999999999997,31.529999999999998,29.65,36.01,35.95,34.870000000000005,31.7,open_soil|open|none|deciduous,1.0,1.0,1.0,1.0,0.0,1.0,us-or-hood-river,45.71,-121.52,nasa_power_climatology
74.35886042027879,514.0,514.0,451.0,15.0,514.0,514.0,33.875,23.125,63.0,2447.68,123.0,92.0,92.0,31.0,49.47,52.76429999999999,14.218706622516557,3.3483185662027837,34.165506849315065,2039.0,421.0,0.0,0.0,0.0,0.0,0.6281290322580646,0.0,21.7,0.0,670.8399999999999,0.0,-7.8450000000000015,26.3125,16.84,0.5536506095785366,14.6,-22.21,-16.86,-14.45,-5.54,-2.3,2.21,4.65,6.28,-0.86,-8.63,-18.530000000000005,-17.9,11.54,14.97,21.3,26.75,32.69,38.22,39.15,37.88,35.42,29.57,17.58,10.68,2.5,1.81,1.75,1.19,1.13,0.72,0.2,0.3,0.56,1.5,2.29,2.89,0.041879298078958176,0.10944918252145186,0.2003083614621497,0.43755134950374636,0.6902314402676861,1.0305318179818432,1.3139294221365103,1.3576507712647021,0.8950665422963069,0.4068905002930035,0.10708591989994415,0.05323270923613796,4.63,8.2,12.35,17.96,21.78,24.65,26.93,22.68,16.6,10.17,5.52,3.73,33.75,31.83,35.75,32.29,34.989999999999995,36.01,34.5,31.6,36.28,38.2,36.11,28.58,open_soil|open|none|deciduous,1.0,1.0,1.0,1.0,0.0,1.0,us-wa-yakima,46.6,-120.51,nasa_power_climatology
69.33759096710097,488.0,489.0,343.5,153.0,488.0,488.0,38.0,28.125,52.625,4592.960000000001,123.0,123.0,123.0,92.0,54.42,54.21855714285713,17.527416556291385,5.81351802894903,36.3838904109589,1865.0,804.0,0.0,0.0,0.0,0.0,0.5549032258064518,0.0,0.0,0.0,0.0,0.0,-6.486666666666667,29.849166666666665,12.79,0.8980782823152368,16.395,-22.73,-13.05,-9.0,-4.94,-3.01,2.0,8.04,7.01,0.93,-7.76,-14.57,-20.76,13.9,15.73,23.38,30.33,37.7,42.23,43.42,42.02,38.46,33.52,22.87,14.63,1.65,1.26,1.52,1.17,1.21,0.76,0.21,0.23,0.46,0.87,1.34,2.11,0.08250488575751048,0.17915222878012307,0.35159759333798907,0.6100159158721332,0.956186574528703,1.4851539238644753,2.254511419870415,2.1908065914472994,1.5088608383634603,0.7596709948607164,0.29308501273186194,0.10539340836815263,6.04,9.679999999999998,14.29,19.96,24.16,27.13,27.85,24.0,18.74,12.48,7.41,5.0,36.63,28.78,32.379999999999995,35.269999999999996,40.71,40.23,35.38,35.010000000000005,37.53,41.28,37.44,35.39,open_soil|open|none|deciduous,1.0,1.0,1.0,1.0,0.0,1.0,us-id-nampa,43.54,-116.56,nasa_power_climatology
21.09667643668011,1026.0,1026.0,-5.5,633.0,879.4285714285713,1172.5714285714284,0.0,0.0,15.5,0.0,0.0,0.0,0.0,0.0,31.7,36.940856043956025,39.6784728476821,0.705606274937717,26.423972602739727,3299.0,0.0,0.0,0.0,0.0,0.0,7.332279569892473,0.0,0.0,0.0,0.0,0.0,0.3791666666666667,26.836666666666662,25.960000000000004,0.5455062273494075,19.83833333333333,-3.36,-3.25,-3.14,1.72,3.47,4.97,4.33,6.23,0.55,-0.74,-3.37,-2.86,24.25,27.32,29.76,30.219999999999995,31.7,30.64,26.32,25.38,24.42,23.94,24.32,23.77,0.29,0.41,0.48999999999999994,0.73,1.78,4.51,4.97,4.95,4.94,2.07,0.64,0.18,0.49274228804067044,0.6382350647520294,0.7684869349422098,0.9482358229591407,0.9018183009879692,0.6312181134378635,0.40364666078411504,0.3814199745575172,0.25905682577544714,0.30434387439325145,0.36456173569067807,0.45230913187199806,17.51,20.46,23.04,23.780000000000005,22.53,20.37,19.78,19.85,17.58,18.25,17.719999999999995,17.19,27.61,30.57,32.9,28.499999999999996,28.23,25.67,21.990000000000002,19.15,23.87,24.68,27.69,26.63,open_soil|open|none|deciduous,1.0,1.0,1.0,1.0,0.0,1.0,mx-mexico-city,19.43,-99.13,nasa_power_climatology
0.0,966.0,969.0,16.5,764.0,966.0,966.0,0.0,0.0,7.5,978.1200000000001,120.0,0.0,0.0,0.0,40.06,18.74111464285714,20.386883411764703,0.482149606335946,29.951041095890414,3227.0,0.0,0.0,0.0,0.0,0.0,5.421384408602152,0.0,0.0,0.0,0.0,0.0,0.8624999999999998,30.790833333333335,56.38,0.32266311804004305,16.655833333333334,8.11,7.9,2.91,-0.029999999999999995,-3.64,-3.79,-4.95,-3.56,-3.6,3.36,3.3399999999999994,4.3,33.45,33.76,33.93,29.36,27.8,25.16,25.25,28.34,30.5,33.01,34.53,34.4,4.84,4.68,4.07,3.9799999999999995,4.25,4.45,4.86,4.01,5.76,6.11,4.7,4.67,0.4627480822289337,0.45531347003942174,0.3697880930199578,0.26569080050748367,0.19598718980371038,0.1596565347412482,0.17588308095014674,0.23960061641902722,0.2688461293286155,0.38129079151749884,0.4479856163977416,0.44916701152673183,22.24,20.77,18.21,14.67,11.03,9.57,10.71,13.49,15.28,18.33,22.43,23.14,25.340000000000003,25.86,31.02,29.39,31.44,28.95,30.2,31.9,34.1,29.65,31.19,30.099999999999998,open_soil|open|net|deciduous,1.0,1.0,0.82,0.53,0.0,1.0,br-vacaria,-28.51,-50.94,nasa_power_climatology
14.005377888558261,1034.0,1035.0,38.0,696.0,1034.0,1034.0,0.0,0.0,2.875,0.0,0.0,0.0,0.0,0.0,31.95,19.372991999999996,19.80211247058823,0.49310437349301645,28.25887671232877,3572.0,0.0,0.0,0.0,0.0,0.0,5.564838709677418,0.0,0.0,0.0,0.0,0.0,0.5424999999999996,28.784166666666664,54.510000000000005,0.2673282745341317,15.584166666666667,7.71,6.99,3.12,-1.13,-3.74,-3.6,-5.65,-3.68,-2.5,2.5,2.19,4.3,31.3,31.79,30.93,28.06,25.64,24.93,24.17,27.37,28.969999999999995,30.29,30.01,31.95,5.31,5.29,4.26,3.39,3.9700000000000006,3.9500000000000006,4.45,3.96,5.56,5.25,4.48,4.64,0.3716571098822899,0.3566265579649291,0.28549188990588215,0.21537990792238323,0.16746977151960735,0.1608560107758387,0.1640408363876884,0.22823536618725215,0.25141318254694783,0.3125190889659061,0.33103492391675265,0.3632146484341027,20.3,18.9,16.97,14.17,10.98,9.6,10.4,13.04,14.33,16.83,20.41,21.08,23.59,24.799999999999997,27.81,29.189999999999998,29.380000000000003,28.53,29.82,31.05,31.469999999999995,27.79,27.82,27.65,open_soil|open|net|deciduous,1.0,1.0,0.82,0.53,0.0,1.0,br-sao-joaquim,-28.29,-49.93,nasa_power_climatology
0.0,0.0,0.0,-1622.0,1395.0,0.0,0.0,0.0,0.0,0.0,0.0,0.0,0.0,0.0,0.0,29.06,28.66293059340659,28.645142543046354,0.8697625227935576,18.613671232876715,5139.0,0.0,0.0,0.0,0.0,0.0,9.69551182795699,0.0,0.0,0.0,0.0,0.0,10.354166666666668,28.97916666666667,53.3,0.5246878246818656,16.704166666666666,8.45,9.58,11.04,12.3,10.74,10.76,9.8,8.44,10.33,11.12,11.44,10.25,29.78,31.6,30.63,28.69,28.15,27.75,27.21,29.06,29.36,29.29,27.48,28.75,1.43,2.51,4.25,6.97,6.68,5.4,4.33,3.47,3.43,5.99,5.51,3.33,0.5612695629547063,0.6615557108914638,0.5883966967039461,0.4749468737232931,0.445503126436409,0.48804528966571026,0.5110935982587894,0.5644191016296807,0.6313251082945915,0.5067775512885618,0.39639735155345823,0.4665239247817769,17.72,17.51,16.24,16.03,16.12,16.21,16.51,16.68,17.52,16.96,16.23,16.72,21.330000000000002,22.020000000000003,19.59,16.39,17.409999999999997,16.990000000000002,17.41,20.619999999999997,19.03,18.17,16.04,18.5,substrate|open|net|evergreen,0.05,0.0,0.82,0.53,0.0,1.0,co-bogota,4.71,-74.07,nasa_power_climatology
3.0042484905645286,68.8,68.8,1144.5,31.0,0.0,0.0,0.0,0.0,0.0,0.0,0.0,0.0,0.0,0.0,21.32,26.12335905494505,23.55813694117647,0.45837595568958994,17.125232876712328,2488.0,0.0,0.0,0.0,0.0,0.0,5.298450537634409,0.0,0.0,0.0,0.0,0.0,3.5124999999999997,20.633333333333336,41.3,0.22459154960330738,14.065,3.97,5.07,4.78,3.82,3.56,2.02,2.39,1.91,2.02,3.82,3.86,4.93,21.03,21.32,20.34,20.09,21.05,19.39,20.22,20.46,20.83,21.44,20.9,20.53,4.0,4.99,5.13,5.33,3.83,2.82,2.1,1.7,1.72,2.96,3.37,3.35,0.21263888101233389,0.20539953431409305,0.19077708237584595,0.18472963041164292,0.20077238496676755,0.20041605182584304,0.23241473900130774,0.2616691569943364,0.27869418797227963,0.2673820709029662,0.23800506654854434,0.2221998089137278,14.41,13.15,12.97,13.62,13.44,13.01,13.46,14.28,15.22,15.63,15.38,14.21,17.060000000000002,16.25,15.559999999999999,16.27,17.490000000000002,17.37,17.83,18.55,18.81,17.62,17.04,15.600000000000001,substrate|open|net|evergreen,0.05,0.0,0.82,0.53,0.0,1.0,ec-ambato,-1.24,-78.63,nasa_power_climatology
0.0,81.0,81.0,-1088.5,1148.0,70.875,91.125,0.0,0.0,0.0,0.0,0.0,0.0,0.0,0.0,31.9,45.297842857142875,31.27235364238411,1.2089233384573381,13.823589041095891,6963.0,0.0,0.0,0.0,0.0,0.0,6.104193548387094,0.0,0.0,0.0,0.0,0.0,16.294166666666666,30.138333333333332,43.50000000000001,0.7070595423274996,18.031666666666666,5.92,8.77,10.88,15.08,19.96,24.2,25.12,25.99,23.23,16.27,13.08,7.03,26.91,27.419999999999998,29.22,31.43,31.86,31.7,31.9,31.72,31.530000000000005,30.76,29.4,27.81,1.41,1.73,1.8,2.53,4.37,6.38,5.33,5.86,6.32,3.99,2.14,1.64,0.46209446398268234,0.5093287154072615,0.6407983544136366,0.7825948241523152,0.8459301883710131,0.8363277466022352,0.9153941461771062,0.9199694664900208,0.7954699665324577,0.6830936600683934,0.6332478990944415,0.460465076638434,13.29,16.04,19.91,22.34,22.48,20.46,21.16,20.3,17.85,16.2,13.95,12.4,20.990000000000002,18.65,18.339999999999996,16.35,11.899999999999999,7.5,6.779999999999998,5.73,8.300000000000004,14.490000000000002,16.32,20.779999999999998,pine_bark|open|none|deciduous,1.0,0.35,1.0,1.0,0.0,1.0,us-fl-miami,25.76,-80.19,nasa_power_climatology
62.62980127073159,462.0,464.0,396.5,0.0,462.0,462.0,51.375,23.5,84.5,364.5600000000006,62.0,0.0,0.0,0.0,38.2,25.868099999999995,12.453723178807948,0.8099777138214936,32.2473698630137,2220.0,0.0,0.0,0.0,0.0,0.0,6.498064516129034,0.0,31.499999999999996,0.0,937.7,0.0,-9.807500000000003,22.460833333333337,29.559999999999995,0.21652736738131959,12.3425,-25.3,-26.94,-23.59,-11.88,-3.6,0.73,5.21,6.96,1.88,-4.87,-14.56,-21.73,5.26,9.22,20.83,22.94,28.76,29.92,33.6,33.34,29.95,25.14,18.41,12.16,1.51,1.58,1.56,2.63,2.94,3.26,2.9,2.45,3.26,3.38,2.13,1.9599999999999997,0.013749437572139079,0.017850024722730083,0.06741279510443925,0.18817332963356753,0.3142995715923458,0.3299872399421474,0.44372038067718617,0.49136897910986793,0.3696447740773252,0.22675814352910337,0.10338440845708911,0.03197932415789359,3.97,6.82,11.66,15.93,19.51,21.38,21.65,18.14,13.38,8.01,4.49,3.17,30.560000000000002,36.160000000000004,44.42,34.82,32.36,29.19,28.39,26.380000000000003,28.07,30.01,32.97,33.89,open_soil|open|none|deciduous,1.0,1.0,1.0,1.0,0.0,1.0,us-mi-marquette,46.54,-87.4,nasa_power_climatology
